{"type":"FeatureCollection","features":[{"type":"Feature","properties":{"clumps":1},"geometry":{"type":"Polygon","coordinates":[[[24.7406311,71.3691413],[24.7406311,71.3555354],[24.658996,71.3555354],[24.658996,71.3419295],[24.5773608,71.3419295],[24.5773608,71.3283237],[24.5093316,71.3283237],[24.5093316,71.3147178],[24.4276965,71.3147178],[24.4276965,71.301112],[24.563755,71.301112],[24.563755,71.2875061],[25.1079891,71.2875061],[25.1079891,71.2739003],[25.5977998,71.2739003],[25.5977998,71.2602944],[26.0740047,71.2602944],[26.0740047,71.2466886],[26.4821803,71.2466886],[26.4821803,71.2330827],[26.8903559,71.2330827],[26.8903559,71.2194769],[27.2577139,71.2194769],[27.2577139,71.205871],[27.625072,71.205871],[27.625072,71.1922652],[27.9652183,71.1922652],[27.9652183,71.1786593],[28.2917588,71.1786593],[28.2917588,71.1650535],[28.5910875,71.1650535],[28.5910875,71.1514476],[28.9040222,71.1514476],[28.9040222,71.1378418],[29.2033509,71.1378418],[29.2033509,71.1242359],[29.475468,71.1242359],[29.475468,71.11063],[29.6387382,71.11063],[29.6387382,71.0970242],[29.7067675,71.0970242],[29.7067675,71.11063],[29.7611909,71.11063],[29.7611909,71.0970242],[29.9244612,71.0970242],[29.9244612,71.11063],[29.8700377,71.11063],[29.8700377,71.1242359],[29.8156143,71.1242359],[29.8156143,71.1378418],[29.7611909,71.1378418],[29.7611909,71.1514476],[29.5571031,71.1514476],[29.5571031,71.1650535],[29.2577743,71.1650535],[29.2577743,71.1786593],[28.9584456,71.1786593],[28.9584456,71.1922652],[28.645511,71.1922652],[28.645511,71.205871],[28.3461822,71.205871],[28.3461822,71.2194769],[28.0332476,71.2194769],[28.0332476,71.2330827],[27.7339188,71.2330827],[27.7339188,71.2466886],[27.43459,71.2466886],[27.43459,71.2602944],[27.1216554,71.2602944],[27.1216554,71.2739003],[26.8223266,71.2739003],[26.8223266,71.2875061],[26.509392,71.2875061],[26.509392,71.301112],[26.2100632,71.301112],[26.2100632,71.3147178],[25.8971286,71.3147178],[25.8971286,71.3283237],[25.5977998,71.3283237],[25.5977998,71.3419295],[25.2984711,71.3419295],[25.2984711,71.3555354],[24.9855364,71.3555354],[24.9855364,71.3691413],[24.7406311,71.3691413]]]}},{"type":"Feature","properties":{"clumps":2},"geometry":{"type":"Polygon","coordinates":[[[42.0064588,67.3009911],[42.0064588,67.2873853],[41.992853,67.2873853],[41.992853,67.2737794],[41.9792471,67.2737794],[41.9792471,67.2601736],[41.9656412,67.2601736],[41.9656412,67.2465677],[41.9520354,67.2465677],[41.9520354,67.2329619],[41.9384295,67.2329619],[41.9384295,67.219356],[41.9248237,67.219356],[41.9248237,67.2057502],[41.9112178,67.2057502],[41.9112178,67.1921443],[41.897612,67.1921443],[41.897612,67.1785385],[41.8840061,67.1785385],[41.8840061,67.1513268],[41.8704003,67.1513268],[41.8704003,67.1377209],[41.8567944,67.1377209],[41.8567944,67.1241151],[41.8431886,67.1241151],[41.8431886,67.1105092],[41.8295827,67.1105092],[41.8295827,67.0969033],[41.8159769,67.0969033],[41.8159769,67.0832975],[41.7887652,67.0832975],[41.7887652,67.0560858],[41.7751593,67.0560858],[41.7751593,67.0288741],[41.7615534,67.0288741],[41.7615534,67.0152682],[41.7479476,67.0152682],[41.7479476,67.0016624],[41.7343417,67.0016624],[41.7343417,66.9880565],[41.7207359,66.9880565],[41.7207359,66.9744507],[41.70713,66.9744507],[41.70713,66.9608448],[41.6935242,66.9608448],[41.6935242,66.947239],[41.6799183,66.947239],[41.6799183,66.9336331],[41.6663125,66.9336331],[41.6663125,66.9064214],[41.6527066,66.9064214],[41.6527066,66.8928155],[41.6391008,66.8928155],[41.6391008,66.8792097],[41.6254949,66.8792097],[41.6254949,66.8656038],[41.5982832,66.8656038],[41.5982832,66.8383921],[41.5846774,66.8383921],[41.5846774,66.8111804],[41.5710715,66.8111804],[41.5710715,66.7975746],[41.5574656,66.7975746],[41.5574656,66.7839687],[41.5438598,66.7839687],[41.5438598,66.7703629],[41.5302539,66.7703629],[41.5302539,66.756757],[41.5166481,66.756757],[41.5166481,66.7431512],[41.5030422,66.7431512],[41.5030422,66.7295453],[41.4894364,66.7295453],[41.4894364,66.7159395],[41.4622247,66.7159395],[41.4622247,66.7023336],[41.4758305,66.7023336],[41.4758305,66.6887278],[41.4622247,66.6887278],[41.4622247,66.6751219],[41.4486188,66.6751219],[41.4486188,66.661516],[41.435013,66.661516],[41.435013,66.6479102],[41.4214071,66.6479102],[41.4214071,66.6343043],[41.4078013,66.6343043],[41.4078013,66.6070926],[41.3669837,66.6070926],[41.3669837,66.5934868],[41.3805896,66.5934868],[41.3805896,66.5798809],[41.3669837,66.5798809],[41.3669837,66.5662751],[41.3533779,66.5662751],[41.3533779,66.5526692],[41.339772,66.5526692],[41.339772,66.5390634],[41.3125603,66.5390634],[41.3125603,66.4982458],[41.2989544,66.4982458],[41.2989544,66.48464],[41.2853486,66.48464],[41.2853486,66.4710341],[41.2717427,66.4710341],[41.2717427,66.4574282],[41.2581369,66.4574282],[41.2581369,66.4302165],[41.244531,66.4302165],[41.244531,66.4166107],[41.2309252,66.4166107],[41.2309252,66.4030048],[41.2173193,66.4030048],[41.2173193,66.389399],[41.2037135,66.389399],[41.2037135,66.3757931],[41.1901076,66.3757931],[41.1901076,66.3621873],[41.1765018,66.3621873],[41.1765018,66.3349756],[41.1628959,66.3349756],[41.1628959,66.3213697],[41.1492901,66.3213697],[41.1492901,66.3077639],[41.1356842,66.3077639],[41.1356842,66.294158],[41.1220783,66.294158],[41.1220783,66.2669463],[41.1084725,66.2669463],[41.1084725,66.2533404],[41.0948666,66.2533404],[41.0948666,66.2397346],[41.0812608,66.2397346],[41.0812608,66.2261287],[41.0676549,66.2261287],[41.0676549,66.2125229],[41.0540491,66.2125229],[41.0540491,66.198917],[41.0948666,66.198917],[41.0948666,66.2125229],[41.1492901,66.2125229],[41.1492901,66.2261287],[41.2173193,66.2261287],[41.2173193,66.2397346],[41.2853486,66.2397346],[41.2853486,66.2533404],[41.339772,66.2533404],[41.339772,66.2669463],[41.3533779,66.2669463],[41.3533779,66.2805522],[41.3669837,66.2805522],[41.3669837,66.294158],[41.3805896,66.294158],[41.3805896,66.3077639],[41.3941954,66.3077639],[41.3941954,66.3213697],[41.4078013,66.3213697],[41.4078013,66.3349756],[41.4214071,66.3349756],[41.4214071,66.3621873],[41.435013,66.3621873],[41.435013,66.3757931],[41.4486188,66.3757931],[41.4486188,66.389399],[41.4622247,66.389399],[41.4622247,66.4030048],[41.4758305,66.4030048],[41.4758305,66.4166107],[41.4894364,66.4166107],[41.4894364,66.4574282],[41.5030422,66.4574282],[41.5030422,66.4710341],[41.5166481,66.4710341],[41.5166481,66.48464],[41.5438598,66.48464],[41.5438598,66.4982458],[41.5574656,66.4982458],[41.5574656,66.5118517],[41.5710715,66.5118517],[41.5710715,66.5390634],[41.5846774,66.5390634],[41.5846774,66.5526692],[41.5982832,66.5526692],[41.5982832,66.5662751],[41.6118891,66.5662751],[41.6118891,66.5798809],[41.5982832,66.5798809],[41.5982832,66.5934868],[41.6118891,66.5934868],[41.6118891,66.6070926],[41.6254949,66.6070926],[41.6254949,66.6206985],[41.6391008,66.6206985],[41.6391008,66.6343043],[41.6527066,66.6343043],[41.6527066,66.6479102],[41.6663125,66.6479102],[41.6663125,66.661516],[41.6799183,66.661516],[41.6799183,66.6887278],[41.7207359,66.6887278],[41.7207359,66.7023336],[41.7343417,66.7023336],[41.7343417,66.7159395],[41.7479476,66.7159395],[41.7479476,66.7295453],[41.7343417,66.7295453],[41.7343417,66.7431512],[41.7479476,66.7431512],[41.7479476,66.756757],[41.7615534,66.756757],[41.7615534,66.7703629],[41.7751593,66.7703629],[41.7751593,66.7975746],[41.7887652,66.7975746],[41.7887652,66.8111804],[41.802371,66.8111804],[41.802371,66.8247863],[41.8159769,66.8247863],[41.8159769,66.8383921],[41.8295827,66.8383921],[41.8295827,66.851998],[41.8431886,66.851998],[41.8431886,66.8656038],[41.8567944,66.8656038],[41.8567944,66.8792097],[41.8704003,66.8792097],[41.8704003,66.9064214],[41.8840061,66.9064214],[41.8840061,66.9200273],[41.897612,66.9200273],[41.897612,66.9336331],[41.9112178,66.9336331],[41.9112178,66.947239],[41.9248237,66.947239],[41.9248237,66.9608448],[41.9520354,66.9608448],[41.9520354,66.9880565],[41.9656412,66.9880565],[41.9656412,67.0016624],[41.9792471,67.0016624],[41.9792471,67.0288741],[41.992853,67.0288741],[41.992853,67.0424799],[42.0064588,67.0424799],[42.0064588,67.0560858],[42.0200647,67.0560858],[42.0200647,67.0696916],[42.0336705,67.0696916],[42.0336705,67.0832975],[42.0472764,67.0832975],[42.0472764,67.0969033],[42.0608822,67.0969033],[42.0608822,67.1105092],[42.0744881,67.1105092],[42.0744881,67.1241151],[42.0880939,67.1241151],[42.0880939,67.1377209],[42.1153056,67.1377209],[42.1153056,67.1513268],[42.1016998,67.1513268],[42.1016998,67.1649326],[42.1153056,67.1649326],[42.1153056,67.1785385],[42.1289115,67.1785385],[42.1289115,67.1921443],[42.1425173,67.1921443],[42.1425173,67.219356],[42.1289115,67.219356],[42.1289115,67.2329619],[42.1153056,67.2329619],[42.1153056,67.2465677],[42.0880939,67.2465677],[42.0880939,67.2601736],[42.0744881,67.2601736],[42.0744881,67.2737794],[42.0472764,67.2737794],[42.0472764,67.2873853],[42.0336705,67.2873853],[42.0336705,67.3009911],[42.0064588,67.3009911]]]}},{"type":"Feature","properties":{"clumps":3},"geometry":{"type":"MultiPolygon","coordinates":[[[[42.1833349,67.1785385],[42.1833349,67.1649326],[42.169729,67.1649326],[42.169729,67.1513268],[42.1561232,67.1513268],[42.1561232,67.1377209],[42.1425173,67.1377209],[42.1425173,67.1241151],[42.1289115,67.1241151],[42.1289115,67.1105092],[42.1153056,67.1105092],[42.1153056,67.0832975],[42.1016998,67.0832975],[42.1016998,67.0696916],[42.0880939,67.0696916],[42.0880939,67.0560858],[42.0744881,67.0560858],[42.0744881,67.0424799],[42.0608822,67.0424799],[42.0608822,67.0288741],[42.0472764,67.0288741],[42.0472764,67.0152682],[42.0336705,67.0152682],[42.0336705,67.0016624],[42.0200647,67.0016624],[42.0200647,66.9880565],[42.0064588,66.9880565],[42.0064588,66.9608448],[41.992853,66.9608448],[41.992853,66.947239],[41.9792471,66.947239],[41.9792471,66.9336331],[41.9656412,66.9336331],[41.9656412,66.9200273],[41.9520354,66.9200273],[41.9520354,66.9064214],[41.9384295,66.9064214],[41.9384295,66.8928155],[41.9248237,66.8928155],[41.9248237,66.8792097],[41.9112178,66.8792097],[41.9112178,66.8656038],[41.897612,66.8656038],[41.897612,66.8383921],[41.8840061,66.8383921],[41.8840061,66.8247863],[41.8704003,66.8247863],[41.8704003,66.8111804],[41.8567944,66.8111804],[41.8567944,66.7975746],[41.8431886,66.7975746],[41.8431886,66.7839687],[41.8295827,66.7839687],[41.8295827,66.7703629],[41.8159769,66.7703629],[41.8159769,66.756757],[41.802371,66.756757],[41.802371,66.7431512],[41.7887652,66.7431512],[41.7887652,66.7159395],[41.7751593,66.7159395],[41.7751593,66.7023336],[41.7615534,66.7023336],[41.7615534,66.6887278],[41.7479476,66.6887278],[41.7479476,66.6751219],[41.7343417,66.6751219],[41.7343417,66.661516],[41.7207359,66.661516],[41.7207359,66.6479102],[41.70713,66.6479102],[41.70713,66.6206985],[41.7207359,66.6206985],[41.7207359,66.6343043],[41.7343417,66.6343043],[41.7343417,66.6479102],[41.7479476,66.6479102],[41.7479476,66.661516],[41.7615534,66.661516],[41.7615534,66.6751219],[41.7751593,66.6751219],[41.7751593,66.6887278],[41.7887652,66.6887278],[41.7887652,66.7023336],[41.802371,66.7023336],[41.802371,66.7159395],[41.8159769,66.7159395],[41.8159769,66.7295453],[41.8295827,66.7295453],[41.8295827,66.7431512],[41.8431886,66.7431512],[41.8431886,66.756757],[41.8567944,66.756757],[41.8567944,66.7703629],[41.8704003,66.7703629],[41.8704003,66.7839687],[41.8840061,66.7839687],[41.8840061,66.7975746],[41.897612,66.7975746],[41.897612,66.8111804],[41.9112178,66.8111804],[41.9112178,66.8247863],[41.9248237,66.8247863],[41.9248237,66.8383921],[41.9384295,66.8383921],[41.9384295,66.851998],[41.9520354,66.851998],[41.9520354,66.8656038],[41.9656412,66.8656038],[41.9656412,66.8792097],[41.9792471,66.8792097],[41.9792471,66.8928155],[41.992853,66.8928155],[41.992853,66.9064214],[42.0064588,66.9064214],[42.0064588,66.9200273],[42.0200647,66.9200273],[42.0200647,66.9336331],[42.0336705,66.9336331],[42.0336705,66.947239],[42.0472764,66.947239],[42.0472764,66.9608448],[42.0608822,66.9608448],[42.0608822,66.9744507],[42.0744881,66.9744507],[42.0744881,66.9880565],[42.0880939,66.9880565],[42.0880939,67.0016624],[42.1016998,67.0016624],[42.1016998,67.0152682],[42.1153056,67.0152682],[42.1153056,67.0288741],[42.1289115,67.0288741],[42.1289115,67.0424799],[42.1425173,67.0424799],[42.1425173,67.0560858],[42.1561232,67.0560858],[42.1561232,67.0696916],[42.169729,67.0696916],[42.169729,67.0832975],[42.1833349,67.0832975],[42.1833349,67.0969033],[42.1969408,67.0969033],[42.1969408,67.1105092],[42.2105466,67.1105092],[42.2105466,67.1241151],[42.2241525,67.1241151],[42.2241525,67.1377209],[42.2377583,67.1377209],[42.2377583,67.1513268],[42.2241525,67.1513268],[42.2241525,67.1649326],[42.2105466,67.1649326],[42.2105466,67.1785385],[42.1833349,67.1785385]]],[[[41.6935242,66.6206985],[41.6935242,66.6070926],[41.70713,66.6070926],[41.70713,66.6206985],[41.6935242,66.6206985]]],[[[41.6799183,66.6070926],[41.6799183,66.5934868],[41.6935242,66.5934868],[41.6935242,66.6070926],[41.6799183,66.6070926]]],[[[41.6663125,66.5934868],[41.6663125,66.5798809],[41.6799183,66.5798809],[41.6799183,66.5934868],[41.6663125,66.5934868]]],[[[41.6527066,66.5798809],[41.6527066,66.5662751],[41.6391008,66.5662751],[41.6391008,66.5526692],[41.6254949,66.5526692],[41.6254949,66.5390634],[41.6118891,66.5390634],[41.6118891,66.5118517],[41.6254949,66.5118517],[41.6254949,66.5254575],[41.6391008,66.5254575],[41.6391008,66.5390634],[41.6527066,66.5390634],[41.6527066,66.5526692],[41.6663125,66.5526692],[41.6663125,66.5798809],[41.6527066,66.5798809]]],[[[41.5982832,66.5118517],[41.5982832,66.4982458],[41.6118891,66.4982458],[41.6118891,66.5118517],[41.5982832,66.5118517]]],[[[41.5846774,66.4982458],[41.5846774,66.48464],[41.5982832,66.48464],[41.5982832,66.4982458],[41.5846774,66.4982458]]],[[[41.5710715,66.48464],[41.5710715,66.4710341],[41.5846774,66.4710341],[41.5846774,66.48464],[41.5710715,66.48464]]],[[[41.5574656,66.4710341],[41.5574656,66.4574282],[41.5710715,66.4574282],[41.5710715,66.4710341],[41.5574656,66.4710341]]],[[[41.5438598,66.4574282],[41.5438598,66.4438224],[41.5574656,66.4438224],[41.5574656,66.4574282],[41.5438598,66.4574282]]],[[[41.5302539,66.4438224],[41.5302539,66.4302165],[41.5438598,66.4302165],[41.5438598,66.4438224],[41.5302539,66.4438224]]]]}},{"type":"Feature","properties":{"clumps":4},"geometry":{"type":"Polygon","coordinates":[[[21.4344088,65.36896],[21.4344088,65.3553541],[21.3935912,65.3553541],[21.3935912,65.3417483],[21.3799853,65.3417483],[21.3799853,65.3281424],[21.3391678,65.3281424],[21.3391678,65.3009307],[21.3255619,65.3009307],[21.3255619,65.2601132],[21.2983502,65.2601132],[21.2983502,65.2465073],[21.3527736,65.2465073],[21.3527736,65.2329015],[21.3799853,65.2329015],[21.3799853,65.2192956],[21.407197,65.2192956],[21.407197,65.2056898],[21.4616205,65.2056898],[21.4616205,65.1920839],[21.502438,65.1920839],[21.502438,65.178478],[21.69292,65.178478],[21.69292,65.1920839],[21.7201317,65.1920839],[21.7201317,65.2056898],[21.7473434,65.2056898],[21.7473434,65.2192956],[21.7609492,65.2192956],[21.7609492,65.2329015],[21.7881609,65.2329015],[21.7881609,65.2465073],[21.8425843,65.2465073],[21.8425843,65.2601132],[21.8153726,65.2601132],[21.8153726,65.273719],[21.8017668,65.273719],[21.8017668,65.3009307],[21.7609492,65.3009307],[21.7609492,65.3145366],[21.7473434,65.3145366],[21.7473434,65.3417483],[21.69292,65.3417483],[21.69292,65.3553541],[21.597679,65.3553541],[21.597679,65.36896],[21.4344088,65.36896]],[[21.5296497,65.3281424],[21.5840731,65.3281424],[21.5840731,65.3145366],[21.6248907,65.3145366],[21.6248907,65.3009307],[21.6521024,65.3009307],[21.6521024,65.2465073],[21.6384965,65.2465073],[21.6384965,65.2329015],[21.4888322,65.2329015],[21.4888322,65.2465073],[21.4752263,65.2465073],[21.4752263,65.273719],[21.4480146,65.273719],[21.4480146,65.2873249],[21.4752263,65.2873249],[21.4752263,65.3145366],[21.5296497,65.3145366],[21.5296497,65.3281424]]]}},{"type":"Feature","properties":{"clumps":5},"geometry":{"type":"Polygon","coordinates":[[[20.4683932,63.9539513],[20.4683932,63.9403454],[20.3595463,63.9403454],[20.3595463,63.9267395],[20.3459405,63.9267395],[20.3459405,63.9131337],[20.3323346,63.9131337],[20.3323346,63.8995278],[20.3187288,63.8995278],[20.3187288,63.885922],[20.2915171,63.885922],[20.2915171,63.8723161],[20.2779112,63.8723161],[20.2779112,63.8451044],[20.2643054,63.8451044],[20.2643054,63.8178927],[20.2779112,63.8178927],[20.2779112,63.8042869],[20.2915171,63.8042869],[20.2915171,63.7770752],[20.3459405,63.7770752],[20.3459405,63.7634693],[20.4003639,63.7634693],[20.4003639,63.7498635],[20.4547873,63.7498635],[20.4547873,63.7362576],[20.5092107,63.7362576],[20.5092107,63.7498635],[20.5228166,63.7498635],[20.5228166,63.7362576],[20.5500283,63.7362576],[20.5500283,63.7498635],[20.5908459,63.7498635],[20.5908459,63.7634693],[20.6588751,63.7634693],[20.6588751,63.7770752],[20.672481,63.7770752],[20.672481,63.790681],[20.6996927,63.790681],[20.6996927,63.8042869],[20.7269044,63.8042869],[20.7269044,63.8314986],[20.7541161,63.8314986],[20.7541161,63.8587103],[20.7269044,63.8587103],[20.7269044,63.8723161],[20.7132985,63.8723161],[20.7132985,63.885922],[20.6996927,63.885922],[20.6996927,63.8995278],[20.6860868,63.8995278],[20.6860868,63.9131337],[20.6452693,63.9131337],[20.6452693,63.9267395],[20.6180576,63.9267395],[20.6180576,63.9403454],[20.57724,63.9403454],[20.57724,63.9539513],[20.4683932,63.9539513]],[[20.4547873,63.9131337],[20.57724,63.9131337],[20.57724,63.8995278],[20.6044517,63.8995278],[20.6044517,63.885922],[20.6316634,63.885922],[20.6316634,63.8723161],[20.6452693,63.8723161],[20.6452693,63.8314986],[20.6316634,63.8314986],[20.6316634,63.8178927],[20.6044517,63.8178927],[20.6044517,63.8042869],[20.57724,63.8042869],[20.57724,63.790681],[20.4139698,63.790681],[20.4139698,63.8042869],[20.4003639,63.8042869],[20.4003639,63.8178927],[20.3867581,63.8178927],[20.3867581,63.8314986],[20.3595463,63.8314986],[20.3595463,63.885922],[20.4003639,63.885922],[20.4003639,63.8995278],[20.4547873,63.8995278],[20.4547873,63.9131337]]]}},{"type":"Feature","properties":{"clumps":6},"geometry":{"type":"Polygon","coordinates":[[[22.890235,63.9539513],[22.890235,63.9403454],[22.8358116,63.9403454],[22.8358116,63.9267395],[22.8085999,63.9267395],[22.8085999,63.9131337],[22.7813882,63.9131337],[22.7813882,63.8995278],[22.7541765,63.8995278],[22.7541765,63.885922],[22.7405707,63.885922],[22.7405707,63.8451044],[22.7541765,63.8451044],[22.7541765,63.8178927],[22.7677824,63.8178927],[22.7677824,63.8042869],[22.7949941,63.8042869],[22.7949941,63.790681],[22.8222058,63.790681],[22.8222058,63.7770752],[22.8494175,63.7770752],[22.8494175,63.7634693],[22.9174468,63.7634693],[22.9174468,63.7498635],[23.0262936,63.7498635],[23.0262936,63.7634693],[23.080717,63.7634693],[23.080717,63.7770752],[23.1351404,63.7770752],[23.1351404,63.790681],[23.175958,63.790681],[23.175958,63.8042869],[23.1895638,63.8042869],[23.1895638,63.8314986],[23.2167755,63.8314986],[23.2167755,63.8723161],[23.2031697,63.8723161],[23.2031697,63.885922],[23.175958,63.885922],[23.175958,63.9131337],[23.1623521,63.9131337],[23.1623521,63.9267395],[23.1351404,63.9267395],[23.1351404,63.9403454],[23.1215345,63.9403454],[23.1215345,63.9539513],[22.890235,63.9539513]],[[22.9718702,63.9131337],[23.0126877,63.9131337],[23.0126877,63.8995278],[23.1079287,63.8995278],[23.1079287,63.885922],[23.1215345,63.885922],[23.1215345,63.8723161],[23.1487463,63.8723161],[23.1487463,63.8587103],[23.1351404,63.8587103],[23.1351404,63.8451044],[23.1215345,63.8451044],[23.1215345,63.8314986],[23.1079287,63.8314986],[23.1079287,63.8178927],[23.080717,63.8178927],[23.080717,63.8042869],[23.0535053,63.8042869],[23.0535053,63.790681],[22.9446585,63.790681],[22.9446585,63.8042869],[22.890235,63.8042869],[22.890235,63.8178927],[22.8766292,63.8178927],[22.8766292,63.8314986],[22.8630233,63.8314986],[22.8630233,63.885922],[22.9038409,63.885922],[22.9038409,63.8995278],[22.9718702,63.8995278],[22.9718702,63.9131337]]]}},{"type":"Feature","properties":{"clumps":7},"geometry":{"type":"Polygon","coordinates":[[[7.0258102,63.0015415],[7.0258102,62.9879357],[6.9985985,62.9879357],[6.9985985,62.9743298],[6.9713868,62.9743298],[6.9713868,62.960724],[6.9577809,62.960724],[6.9577809,62.9471181],[6.9305692,62.9471181],[6.9305692,62.9199064],[6.9441751,62.9199064],[6.9441751,62.8926947],[6.767299,62.8926947],[6.767299,62.8790889],[6.7536931,62.8790889],[6.7536931,62.865483],[6.7400873,62.865483],[6.7400873,62.8518771],[6.7128756,62.8518771],[6.7128756,62.8110596],[6.7264814,62.8110596],[6.7264814,62.7974537],[6.7536931,62.7974537],[6.7536931,62.7838479],[6.7809048,62.7838479],[6.7809048,62.770242],[6.8217224,62.770242],[6.8217224,62.7566362],[6.8489341,62.7566362],[6.8489341,62.770242],[6.9169634,62.770242],[6.9169634,62.7838479],[6.9713868,62.7838479],[6.9713868,62.7974537],[6.9849926,62.7974537],[6.9849926,62.8518771],[6.9985985,62.8518771],[6.9985985,62.865483],[7.1074453,62.865483],[7.1074453,62.8790889],[7.1890804,62.8790889],[7.1890804,62.8926947],[7.2162921,62.8926947],[7.2162921,62.9199064],[7.229898,62.9199064],[7.229898,62.9335123],[7.2162921,62.9335123],[7.2162921,62.960724],[7.2026863,62.960724],[7.2026863,62.9743298],[7.1890804,62.9743298],[7.1890804,62.9879357],[7.1618687,62.9879357],[7.1618687,63.0015415],[7.0258102,63.0015415]]]}},{"type":"Feature","properties":{"clumps":8},"geometry":{"type":"Polygon","coordinates":[[[6.1278239,62.5525484],[6.1278239,62.5253367],[6.0734005,62.5253367],[6.0734005,62.5117308],[6.0870063,62.5117308],[6.0870063,62.498125],[6.0734005,62.498125],[6.0734005,62.4845191],[6.0597946,62.4845191],[6.0597946,62.4709133],[6.0734005,62.4709133],[6.0734005,62.4437015],[6.0870063,62.4437015],[6.0870063,62.4300957],[6.1006122,62.4300957],[6.1006122,62.4164898],[6.2910941,62.4164898],[6.2910941,62.4300957],[6.3047,62.4300957],[6.3047,62.4437015],[6.3319117,62.4437015],[6.3319117,62.4573074],[6.3183058,62.4573074],[6.3183058,62.4709133],[6.3319117,62.4709133],[6.3319117,62.4845191],[6.3455175,62.4845191],[6.3455175,62.498125],[6.3183058,62.498125],[6.3183058,62.5253367],[6.2910941,62.5253367],[6.2910941,62.5525484],[6.2774883,62.5525484],[6.2774883,62.5389425],[6.2638824,62.5389425],[6.2638824,62.5525484],[6.1278239,62.5525484]]]}},{"type":"Feature","properties":{"clumps":9},"geometry":{"type":"Polygon","coordinates":[[[17.4478938,62.5253367],[17.4478938,62.5117308],[17.3254411,62.5117308],[17.3254411,62.498125],[17.2982294,62.498125],[17.2982294,62.4845191],[17.2846235,62.4845191],[17.2846235,62.4709133],[17.2710177,62.4709133],[17.2710177,62.4437015],[17.2574118,62.4437015],[17.2574118,62.3892781],[17.2710177,62.3892781],[17.2710177,62.3756723],[17.2982294,62.3756723],[17.2982294,62.3620664],[17.3118352,62.3620664],[17.3118352,62.3484606],[17.3390469,62.3484606],[17.3390469,62.3348547],[17.4478938,62.3348547],[17.4478938,62.3212489],[17.515923,62.3212489],[17.515923,62.3348547],[17.5567406,62.3348547],[17.5567406,62.3484606],[17.611164,62.3484606],[17.611164,62.3620664],[17.6247699,62.3620664],[17.6247699,62.3756723],[17.6383757,62.3756723],[17.6383757,62.402884],[17.6519816,62.402884],[17.6519816,62.4573074],[17.6383757,62.4573074],[17.6383757,62.4709133],[17.6247699,62.4709133],[17.6247699,62.4845191],[17.5839523,62.4845191],[17.5839523,62.498125],[17.515923,62.498125],[17.515923,62.5117308],[17.5023172,62.5117308],[17.5023172,62.5253367],[17.4478938,62.5253367]],[[17.4206821,62.4709133],[17.515923,62.4709133],[17.515923,62.4573074],[17.5567406,62.4573074],[17.5567406,62.4437015],[17.5703464,62.4437015],[17.5703464,62.4164898],[17.5839523,62.4164898],[17.5839523,62.402884],[17.5703464,62.402884],[17.5703464,62.3892781],[17.5567406,62.3892781],[17.5567406,62.3756723],[17.515923,62.3756723],[17.515923,62.3620664],[17.4206821,62.3620664],[17.4206821,62.3756723],[17.3934703,62.3756723],[17.3934703,62.3892781],[17.3798645,62.3892781],[17.3798645,62.402884],[17.3662586,62.402884],[17.3662586,62.4437015],[17.3798645,62.4437015],[17.3798645,62.4573074],[17.4206821,62.4573074],[17.4206821,62.4709133]]]}},{"type":"Feature","properties":{"clumps":10},"geometry":{"type":"Polygon","coordinates":[[[5.5971956,62.3620664],[5.5971956,62.3484606],[5.5427722,62.3484606],[5.5427722,62.3348547],[5.5291663,62.3348547],[5.5291663,62.307643],[5.5155605,62.307643],[5.5155605,62.2804313],[5.5019546,62.2804313],[5.5019546,62.2532196],[5.5155605,62.2532196],[5.5155605,62.2396138],[5.5427722,62.2396138],[5.5427722,62.2260079],[5.6108015,62.2260079],[5.6108015,62.212402],[5.7332541,62.212402],[5.7332541,62.2260079],[5.7740717,62.2260079],[5.7740717,62.2396138],[5.7876776,62.2396138],[5.7876776,62.2532196],[5.8284951,62.2532196],[5.8284951,62.2668255],[5.8148893,62.2668255],[5.8148893,62.2804313],[5.842101,62.2804313],[5.842101,62.307643],[5.8284951,62.307643],[5.8284951,62.3348547],[5.8012834,62.3348547],[5.8012834,62.3484606],[5.74686,62.3484606],[5.74686,62.3620664],[5.5971956,62.3620664]]]}},{"type":"Feature","properties":{"clumps":11},"geometry":{"type":"Polygon","coordinates":[[[5.2434434,62.1851903],[5.2434434,62.1715845],[5.18902,62.1715845],[5.18902,62.1579786],[5.1618083,62.1579786],[5.1618083,62.1443728],[5.1345966,62.1443728],[5.1345966,62.1171611],[5.1073849,62.1171611],[5.1073849,62.1035552],[5.1345966,62.1035552],[5.1345966,62.0763435],[5.1754142,62.0763435],[5.1754142,62.0627377],[5.2298376,62.0627377],[5.2298376,62.0491318],[5.284261,62.0491318],[5.284261,62.0627377],[5.3386844,62.0627377],[5.3386844,62.0763435],[5.379502,62.0763435],[5.379502,62.1171611],[5.3931078,62.1171611],[5.3931078,62.1307669],[5.379502,62.1307669],[5.379502,62.1579786],[5.3658961,62.1579786],[5.3658961,62.1443728],[5.3522903,62.1443728],[5.3522903,62.1715845],[5.3114727,62.1715845],[5.3114727,62.1851903],[5.2434434,62.1851903]]]}},{"type":"Feature","properties":{"clumps":12},"geometry":{"type":"Polygon","coordinates":[[[4.9985381,61.9538908],[4.9985381,61.940285],[4.9441147,61.940285],[4.9441147,61.9266791],[4.9305088,61.9266791],[4.9305088,61.8994674],[4.916903,61.8994674],[4.916903,61.8858616],[4.8896912,61.8858616],[4.8896912,61.8722557],[4.8760854,61.8722557],[4.8760854,61.8586499],[4.8896912,61.8586499],[4.8896912,61.845044],[4.9032971,61.845044],[4.9032971,61.8314382],[4.9441147,61.8314382],[4.9441147,61.8178323],[4.9577205,61.8178323],[4.9577205,61.8314382],[4.9713264,61.8314382],[4.9713264,61.8178323],[5.0121439,61.8178323],[5.0121439,61.8042264],[5.1209907,61.8042264],[5.1209907,61.8178323],[5.1754142,61.8178323],[5.1754142,61.8314382],[5.2026259,61.8314382],[5.2026259,61.845044],[5.2162317,61.845044],[5.2162317,61.8586499],[5.2298376,61.8586499],[5.2298376,61.8722557],[5.2162317,61.8722557],[5.2162317,61.8858616],[5.2298376,61.8858616],[5.2298376,61.9130733],[5.2026259,61.9130733],[5.2026259,61.9266791],[5.18902,61.9266791],[5.18902,61.940285],[5.1618083,61.940285],[5.1618083,61.9538908],[5.1482025,61.9538908],[5.1482025,61.940285],[5.1345966,61.940285],[5.1345966,61.9538908],[4.9985381,61.9538908]]]}},{"type":"Feature","properties":{"clumps":13},"geometry":{"type":"Polygon","coordinates":[[[17.1213533,61.7906206],[17.1213533,61.7770147],[17.053324,61.7770147],[17.053324,61.7634089],[17.0261123,61.7634089],[17.0261123,61.749803],[16.9989006,61.749803],[16.9989006,61.7361972],[16.9852948,61.7361972],[16.9852948,61.7089855],[16.9716889,61.7089855],[16.9716889,61.6953796],[16.9989006,61.6953796],[16.9989006,61.6545621],[17.0125065,61.6545621],[17.0125065,61.6409562],[17.053324,61.6409562],[17.053324,61.6273504],[17.0805357,61.6273504],[17.0805357,61.6137445],[17.0941416,61.6137445],[17.0941416,61.6001386],[17.1077474,61.6001386],[17.1077474,61.6137445],[17.2710177,61.6137445],[17.2710177,61.6273504],[17.3254411,61.6273504],[17.3254411,61.6545621],[17.3526528,61.6545621],[17.3526528,61.6681679],[17.3798645,61.6681679],[17.3798645,61.7361972],[17.3662586,61.7361972],[17.3662586,61.749803],[17.3526528,61.749803],[17.3526528,61.7634089],[17.2982294,61.7634089],[17.2982294,61.7770147],[17.2846235,61.7770147],[17.2846235,61.7906206],[17.1213533,61.7906206]],[[17.148565,61.749803],[17.2165943,61.749803],[17.2165943,61.7361972],[17.2710177,61.7361972],[17.2710177,61.7225913],[17.2846235,61.7225913],[17.2846235,61.6817738],[17.2710177,61.6817738],[17.2710177,61.6681679],[17.243806,61.6681679],[17.243806,61.6409562],[17.2302001,61.6409562],[17.2302001,61.6545621],[17.2029884,61.6545621],[17.2029884,61.6409562],[17.1757767,61.6409562],[17.1757767,61.6545621],[17.148565,61.6545621],[17.148565,61.6681679],[17.1349591,61.6681679],[17.1349591,61.6545621],[17.1213533,61.6545621],[17.1213533,61.6681679],[17.0941416,61.6681679],[17.0941416,61.6817738],[17.053324,61.6817738],[17.053324,61.7225913],[17.0941416,61.7225913],[17.0941416,61.7361972],[17.148565,61.7361972],[17.148565,61.749803]]]}},{"type":"Feature","properties":{"clumps":14},"geometry":{"type":"Polygon","coordinates":[[[17.1349591,61.0831162],[17.1349591,61.0695104],[17.1213533,61.0695104],[17.1213533,61.0559045],[17.0805357,61.0559045],[17.0805357,61.0422987],[17.0941416,61.0422987],[17.0941416,60.9878753],[17.1077474,60.9878753],[17.1077474,60.9742694],[17.1213533,60.9742694],[17.1213533,60.9606635],[17.2165943,60.9606635],[17.2165943,60.9470577],[17.2846235,60.9470577],[17.2846235,60.9606635],[17.3390469,60.9606635],[17.3390469,60.9742694],[17.3526528,60.9742694],[17.3526528,60.9878753],[17.3662586,60.9878753],[17.3662586,61.0014811],[17.3798645,61.0014811],[17.3798645,61.015087],[17.3934703,61.015087],[17.3934703,61.0559045],[17.3390469,61.0559045],[17.3390469,61.0695104],[17.3118352,61.0695104],[17.3118352,61.0831162],[17.1349591,61.0831162]]]}},{"type":"Feature","properties":{"clumps":15},"geometry":{"type":"MultiPolygon","coordinates":[[[[4.0053108,60.8518167],[4.0053108,60.824605],[4.0189166,60.824605],[4.0189166,60.8518167],[4.0053108,60.8518167]]],[[[4.0189166,60.824605],[4.0189166,60.7973933],[4.0325225,60.7973933],[4.0325225,60.824605],[4.0189166,60.824605]]],[[[4.0325225,60.7973933],[4.0325225,60.7565758],[4.0461283,60.7565758],[4.0461283,60.729364],[4.0597342,60.729364],[4.0597342,60.6885465],[4.0733401,60.6885465],[4.0733401,60.6477289],[4.0869459,60.6477289],[4.0869459,60.6205172],[4.1005518,60.6205172],[4.1005518,60.5796997],[4.1141576,60.5796997],[4.1141576,60.5388821],[4.1277635,60.5388821],[4.1277635,60.5116704],[4.1413693,60.5116704],[4.1413693,60.4708528],[4.1549752,60.4708528],[4.1549752,60.4300353],[4.168581,60.4300353],[4.168581,60.4028236],[4.1821869,60.4028236],[4.1821869,60.362006],[4.1957927,60.362006],[4.1957927,60.3211884],[4.2093986,60.3211884],[4.2093986,60.2939767],[4.2230044,60.2939767],[4.2230044,60.2531592],[4.2366103,60.2531592],[4.2366103,60.2123416],[4.2502161,60.2123416],[4.2502161,60.1851299],[4.263822,60.1851299],[4.263822,60.1443124],[4.2774279,60.1443124],[4.2774279,60.1034948],[4.2910337,60.1034948],[4.2910337,60.0762831],[4.3046396,60.0762831],[4.3046396,60.0354655],[4.3182454,60.0354655],[4.3182454,60.0082538],[4.3318513,60.0082538],[4.3318513,59.9674363],[4.3454571,59.9674363],[4.3454571,59.9266187],[4.359063,59.9266187],[4.359063,59.899407],[4.3726688,59.899407],[4.3726688,59.8585894],[4.3862747,59.8585894],[4.3862747,59.8313777],[4.3998805,59.8313777],[4.3998805,59.7905602],[4.4134864,59.7905602],[4.4134864,59.7633485],[4.4270922,59.7633485],[4.4270922,59.7361368],[4.4406981,59.7361368],[4.4406981,59.7089251],[4.4543039,59.7089251],[4.4543039,59.6817133],[4.4679098,59.6817133],[4.4679098,59.6545016],[4.4815156,59.6545016],[4.4815156,59.6272899],[4.4951215,59.6272899],[4.4951215,59.5864724],[4.5087274,59.5864724],[4.5087274,59.5592607],[4.5223332,59.5592607],[4.5223332,59.532049],[4.5359391,59.532049],[4.5359391,59.5048373],[4.5495449,59.5048373],[4.5495449,59.4776255],[4.5631508,59.4776255],[4.5631508,59.4504138],[4.5767566,59.4504138],[4.5767566,59.4232021],[4.5903625,59.4232021],[4.5903625,59.3823846],[4.6039683,59.3823846],[4.6039683,59.3551729],[4.6175742,59.3551729],[4.6175742,59.341567],[4.63118,59.341567],[4.63118,59.3143553],[4.6447859,59.3143553],[4.6447859,59.2871436],[4.6583917,59.2871436],[4.6583917,59.2599319],[4.6719976,59.2599319],[4.6719976,59.2327202],[4.6856034,59.2327202],[4.6856034,59.2055085],[4.6992093,59.2055085],[4.6992093,59.1782968],[4.7128152,59.1782968],[4.7128152,59.1646909],[4.726421,59.1646909],[4.726421,59.1374792],[4.7400269,59.1374792],[4.7400269,59.1102675],[4.7536327,59.1102675],[4.7536327,59.0830558],[4.7672386,59.0830558],[4.7672386,59.0558441],[4.7808444,59.0558441],[4.7808444,59.0286324],[4.7944503,59.0286324],[4.7944503,59.0150265],[4.8080561,59.0150265],[4.8080561,58.9878148],[4.821662,58.9878148],[4.821662,58.9606031],[4.8352678,58.9606031],[4.8352678,58.9333914],[4.8488737,58.9333914],[4.8488737,58.9061797],[4.8624795,58.9061797],[4.8624795,58.878968],[4.8760854,58.878968],[4.8760854,58.8517563],[4.8896912,58.8517563],[4.8896912,58.8381504],[4.9032971,58.8381504],[4.9032971,58.8109387],[4.916903,58.8109387],[4.916903,58.783727],[4.9305088,58.783727],[4.9305088,58.7565153],[4.9441147,58.7565153],[4.9441147,58.7293036],[4.9577205,58.7293036],[4.9577205,58.7020919],[4.9713264,58.7020919],[4.9713264,58.6884861],[4.9849322,58.6884861],[4.9849322,58.6612744],[4.9985381,58.6612744],[4.9985381,58.6340626],[5.0121439,58.6340626],[5.0121439,58.6068509],[5.0257498,58.6068509],[5.0257498,58.5932451],[5.0393556,58.5932451],[5.0393556,58.5660334],[5.0529615,58.5660334],[5.0529615,58.5388217],[5.0665673,58.5388217],[5.0665673,58.51161],[5.0801732,58.51161],[5.0801732,58.4843983],[5.093779,58.4843983],[5.093779,58.4707924],[5.1073849,58.4707924],[5.1073849,58.4435807],[5.1209907,58.4435807],[5.1209907,58.416369],[5.1345966,58.416369],[5.1345966,58.3891573],[5.1482025,58.3891573],[5.1482025,58.3619456],[5.1618083,58.3619456],[5.1618083,58.3483397],[5.1754142,58.3483397],[5.1754142,58.3619456],[5.18902,58.3619456],[5.18902,58.3755514],[5.1754142,58.3755514],[5.1754142,58.416369],[5.1618083,58.416369],[5.1618083,58.4435807],[5.1482025,58.4435807],[5.1482025,58.4707924],[5.1345966,58.4707924],[5.1345966,58.51161],[5.1209907,58.51161],[5.1209907,58.5252158],[5.1073849,58.5252158],[5.1073849,58.5660334],[5.093779,58.5660334],[5.093779,58.5932451],[5.0801732,58.5932451],[5.0801732,58.6340626],[5.0665673,58.6340626],[5.0665673,58.6612744],[5.0529615,58.6612744],[5.0529615,58.6884861],[5.0393556,58.6884861],[5.0393556,58.7156978],[5.0257498,58.7156978],[5.0257498,58.7293036],[5.0121439,58.7293036],[5.0121439,58.783727],[4.9985381,58.783727],[4.9985381,58.8109387],[4.9713264,58.8109387],[4.9713264,58.8653622],[4.9577205,58.8653622],[4.9577205,58.9061797],[4.9441147,58.9061797],[4.9441147,58.9333914],[4.9305088,58.9333914],[4.9305088,58.9606031],[4.916903,58.9606031],[4.916903,58.9878148],[4.9032971,58.9878148],[4.9032971,59.0150265],[4.8896912,59.0150265],[4.8896912,59.0558441],[4.8760854,59.0558441],[4.8760854,59.0830558],[4.8624795,59.0830558],[4.8624795,59.1102675],[4.8352678,59.1102675],[4.8352678,59.1238734],[4.8488737,59.1238734],[4.8488737,59.1374792],[4.8352678,59.1374792],[4.8352678,59.1646909],[4.821662,59.1646909],[4.821662,59.2055085],[4.8080561,59.2055085],[4.8080561,59.2327202],[4.7944503,59.2327202],[4.7944503,59.2599319],[4.7808444,59.2599319],[4.7808444,59.2871436],[4.7672386,59.2871436],[4.7672386,59.3143553],[4.7536327,59.3143553],[4.7536327,59.341567],[4.726421,59.341567],[4.726421,59.3551729],[4.7400269,59.3551729],[4.7400269,59.3687787],[4.726421,59.3687787],[4.726421,59.4095963],[4.7128152,59.4095963],[4.7128152,59.436808],[4.6992093,59.436808],[4.6992093,59.4640197],[4.6856034,59.4640197],[4.6856034,59.4776255],[4.6719976,59.4776255],[4.6719976,59.5048373],[4.6583917,59.5048373],[4.6583917,59.5184431],[4.6447859,59.5184431],[4.6447859,59.532049],[4.6583917,59.532049],[4.6583917,59.5456548],[4.63118,59.5456548],[4.63118,59.5592607],[4.6447859,59.5592607],[4.6447859,59.5728665],[4.63118,59.5728665],[4.63118,59.5864724],[4.6175742,59.5864724],[4.6175742,59.6000782],[4.6039683,59.6000782],[4.6039683,59.6136841],[4.6175742,59.6136841],[4.6175742,59.6408958],[4.6039683,59.6408958],[4.6039683,59.6681075],[4.5903625,59.6681075],[4.5903625,59.6817133],[4.5767566,59.6817133],[4.5767566,59.6953192],[4.5631508,59.6953192],[4.5631508,59.7089251],[4.5767566,59.7089251],[4.5767566,59.7225309],[4.5495449,59.7225309],[4.5495449,59.7361368],[4.5223332,59.7361368],[4.5223332,59.7497426],[4.5087274,59.7497426],[4.5087274,59.7633485],[4.5359391,59.7633485],[4.5359391,59.7769543],[4.5223332,59.7769543],[4.5223332,59.7905602],[4.5359391,59.7905602],[4.5359391,59.804166],[4.5223332,59.804166],[4.5223332,59.8313777],[4.5087274,59.8313777],[4.5087274,59.8585894],[4.4951215,59.8585894],[4.4951215,59.8858011],[4.4815156,59.8858011],[4.4815156,59.9266187],[4.4679098,59.9266187],[4.4679098,59.9538304],[4.4543039,59.9538304],[4.4543039,59.9810421],[4.4406981,59.9810421],[4.4406981,60.0082538],[4.4270922,60.0082538],[4.4270922,60.0354655],[4.4134864,60.0354655],[4.4134864,60.0626772],[4.3998805,60.0626772],[4.3998805,60.0762831],[4.3862747,60.0762831],[4.3862747,60.0898889],[4.3726688,60.0898889],[4.3726688,60.1034948],[4.3862747,60.1034948],[4.3862747,60.1171006],[4.3726688,60.1171006],[4.3726688,60.1443124],[4.359063,60.1443124],[4.359063,60.1715241],[4.3454571,60.1715241],[4.3454571,60.1987358],[4.3318513,60.1987358],[4.3318513,60.2259475],[4.3182454,60.2259475],[4.3182454,60.2531592],[4.3046396,60.2531592],[4.3046396,60.2803709],[4.2910337,60.2803709],[4.2910337,60.3075826],[4.2774279,60.3075826],[4.2774279,60.3347943],[4.263822,60.3347943],[4.263822,60.362006],[4.2502161,60.362006],[4.2502161,60.3892177],[4.2366103,60.3892177],[4.2366103,60.4164294],[4.2230044,60.4164294],[4.2230044,60.4436411],[4.2093986,60.4436411],[4.2093986,60.4708528],[4.1957927,60.4708528],[4.1957927,60.4980645],[4.1821869,60.4980645],[4.1821869,60.5252762],[4.168581,60.5252762],[4.168581,60.552488],[4.1549752,60.552488],[4.1549752,60.5796997],[4.1413693,60.5796997],[4.1413693,60.6069114],[4.1277635,60.6069114],[4.1277635,60.6341231],[4.1141576,60.6341231],[4.1141576,60.6613348],[4.1005518,60.6613348],[4.1005518,60.6885465],[4.0869459,60.6885465],[4.0869459,60.7157582],[4.0733401,60.7157582],[4.0733401,60.7429699],[4.0597342,60.7429699],[4.0597342,60.7701816],[4.0461283,60.7701816],[4.0461283,60.7973933],[4.0325225,60.7973933]]],[[[5.1754142,58.3483397],[5.1754142,58.321128],[5.18902,58.321128],[5.18902,58.2939163],[5.2026259,58.2939163],[5.2026259,58.2667046],[5.2162317,58.2667046],[5.2162317,58.2394929],[5.2298376,58.2394929],[5.2298376,58.2258871],[5.2434434,58.2258871],[5.2434434,58.2530988],[5.2298376,58.2530988],[5.2298376,58.2939163],[5.2162317,58.2939163],[5.2162317,58.3483397],[5.1754142,58.3483397]]],[[[5.2434434,58.2258871],[5.2434434,58.1986753],[5.2570493,58.1986753],[5.2570493,58.2258871],[5.2434434,58.2258871]]],[[[5.2570493,58.1986753],[5.2570493,58.1714636],[5.2706551,58.1714636],[5.2706551,58.1986753],[5.2570493,58.1986753]]]]}},{"type":"Feature","properties":{"clumps":16},"geometry":{"type":"Polygon","coordinates":[[[17.2846235,60.7973933],[17.2846235,60.7837875],[17.2574118,60.7837875],[17.2574118,60.7701816],[17.2302001,60.7701816],[17.2302001,60.7565758],[17.2029884,60.7565758],[17.2029884,60.7429699],[17.1893825,60.7429699],[17.1893825,60.729364],[17.1757767,60.729364],[17.1757767,60.6885465],[17.1893825,60.6885465],[17.1893825,60.6749406],[17.2029884,60.6749406],[17.2029884,60.6613348],[17.2165943,60.6613348],[17.2165943,60.6477289],[17.243806,60.6477289],[17.243806,60.6341231],[17.3254411,60.6341231],[17.3254411,60.6205172],[17.4614996,60.6205172],[17.4614996,60.6341231],[17.515923,60.6341231],[17.515923,60.6477289],[17.5431347,60.6477289],[17.5431347,60.6613348],[17.5703464,60.6613348],[17.5703464,60.6749406],[17.5567406,60.6749406],[17.5567406,60.729364],[17.5431347,60.729364],[17.5431347,60.7429699],[17.5295289,60.7429699],[17.5295289,60.7565758],[17.515923,60.7565758],[17.515923,60.7701816],[17.4887113,60.7701816],[17.4887113,60.7837875],[17.4614996,60.7837875],[17.4614996,60.7973933],[17.2846235,60.7973933]],[[17.3254411,60.7565758],[17.3934703,60.7565758],[17.3934703,60.7429699],[17.4342879,60.7429699],[17.4342879,60.729364],[17.4614996,60.729364],[17.4614996,60.7157582],[17.4887113,60.7157582],[17.4887113,60.6885465],[17.4614996,60.6885465],[17.4614996,60.6749406],[17.4478938,60.6749406],[17.4478938,60.6613348],[17.4206821,60.6613348],[17.4206821,60.6477289],[17.3390469,60.6477289],[17.3390469,60.6613348],[17.3118352,60.6613348],[17.3118352,60.6749406],[17.2846235,60.6749406],[17.2846235,60.6885465],[17.2710177,60.6885465],[17.2710177,60.7157582],[17.2846235,60.7157582],[17.2846235,60.729364],[17.3118352,60.729364],[17.3118352,60.7429699],[17.3254411,60.7429699],[17.3254411,60.7565758]]]}},{"type":"Feature","properties":{"clumps":17},"geometry":{"type":"Polygon","coordinates":[[[27.8155539,60.6477289],[27.8155539,60.6341231],[27.7339188,60.6341231],[27.7339188,60.6205172],[27.7067071,60.6205172],[27.7067071,60.6069114],[27.6931012,60.6069114],[27.6931012,60.5933055],[27.6658895,60.5933055],[27.6658895,60.5660938],[27.6794954,60.5660938],[27.6794954,60.552488],[27.6931012,60.552488],[27.6931012,60.5388821],[27.7339188,60.5388821],[27.7339188,60.5252762],[27.8427656,60.5252762],[27.8427656,60.5116704],[27.8835832,60.5116704],[27.8835832,60.5252762],[27.9244007,60.5252762],[27.9244007,60.5388821],[27.9516124,60.5388821],[27.9516124,60.552488],[27.9652183,60.552488],[27.9652183,60.5660938],[27.9516124,60.5660938],[27.9516124,60.5796997],[27.9652183,60.5796997],[27.9652183,60.6069114],[27.9380066,60.6069114],[27.9380066,60.6205172],[27.9107949,60.6205172],[27.9107949,60.6341231],[27.8563715,60.6341231],[27.8563715,60.6477289],[27.8155539,60.6477289]]]}},{"type":"Feature","properties":{"clumps":18},"geometry":{"type":"Polygon","coordinates":[[[18.4683328,60.362006],[18.4683328,60.3484002],[18.4003035,60.3484002],[18.4003035,60.3347943],[18.3594859,60.3347943],[18.3594859,60.3211884],[18.3458801,60.3211884],[18.3458801,60.3075826],[18.3322742,60.3075826],[18.3322742,60.2803709],[18.3186684,60.2803709],[18.3186684,60.2531592],[18.3322742,60.2531592],[18.3322742,60.2395533],[18.3594859,60.2395533],[18.3594859,60.2259475],[18.4275152,60.2259475],[18.4275152,60.2123416],[18.5499679,60.2123416],[18.5499679,60.2259475],[18.5771796,60.2259475],[18.5771796,60.2395533],[18.5907854,60.2395533],[18.5907854,60.2531592],[18.6043913,60.2531592],[18.6043913,60.266765],[18.631603,60.266765],[18.631603,60.2803709],[18.6179971,60.2803709],[18.6179971,60.2939767],[18.6452088,60.2939767],[18.6452088,60.3075826],[18.6179971,60.3075826],[18.6179971,60.3347943],[18.5907854,60.3347943],[18.5907854,60.3484002],[18.5635737,60.3484002],[18.5635737,60.362006],[18.536362,60.362006],[18.536362,60.3484002],[18.5091503,60.3484002],[18.5091503,60.362006],[18.4683328,60.362006]]]}},{"type":"Feature","properties":{"clumps":19},"geometry":{"type":"Polygon","coordinates":[[[29.7339792,60.3075826],[29.7339792,60.2939767],[29.6795558,60.2939767],[29.6795558,60.2803709],[29.6659499,60.2803709],[29.6659499,60.2531592],[29.6523441,60.2531592],[29.6523441,60.2395533],[29.6387382,60.2395533],[29.6387382,60.2259475],[29.6251324,60.2259475],[29.6251324,60.2123416],[29.6387382,60.2123416],[29.6387382,60.1987358],[29.6659499,60.1987358],[29.6659499,60.1851299],[29.7339792,60.1851299],[29.7339792,60.1715241],[29.8156143,60.1715241],[29.8156143,60.1579182],[29.8292202,60.1579182],[29.8292202,60.1715241],[29.8700377,60.1715241],[29.8700377,60.1851299],[29.8972494,60.1851299],[29.8972494,60.2123416],[29.9108553,60.2123416],[29.9108553,60.2259475],[29.9244612,60.2259475],[29.9244612,60.2531592],[29.8836436,60.2531592],[29.8836436,60.2803709],[29.8700377,60.2803709],[29.8700377,60.2939767],[29.8292202,60.2939767],[29.8292202,60.3075826],[29.7884026,60.3075826],[29.7884026,60.2939767],[29.7475851,60.2939767],[29.7475851,60.3075826],[29.7339792,60.3075826]]]}},{"type":"Feature","properties":{"clumps":20},"geometry":{"type":"Polygon","coordinates":[[[20.0602176,60.2939767],[20.0602176,60.2803709],[19.9785825,60.2803709],[19.9785825,60.266765],[19.9513708,60.266765],[19.9513708,60.2531592],[19.924159,60.2531592],[19.924159,60.2259475],[19.8561298,60.2259475],[19.8561298,60.2395533],[19.8289181,60.2395533],[19.8289181,60.2531592],[19.747283,60.2531592],[19.747283,60.2395533],[19.7064654,60.2395533],[19.7064654,60.2259475],[19.652042,60.2259475],[19.652042,60.2123416],[19.6384361,60.2123416],[19.6384361,60.1851299],[19.6248303,60.1851299],[19.6248303,60.1579182],[19.6384361,60.1579182],[19.6384361,60.1443124],[19.652042,60.1443124],[19.652042,60.1307065],[19.6928595,60.1307065],[19.6928595,60.1171006],[19.8153122,60.1171006],[19.8153122,60.1307065],[19.8969473,60.1307065],[19.8969473,60.1443124],[19.9105532,60.1443124],[19.9105532,60.1987358],[19.9377649,60.1987358],[19.9377649,60.1851299],[19.9513708,60.1851299],[19.9513708,60.1715241],[19.9785825,60.1715241],[19.9785825,60.1579182],[20.1282468,60.1579182],[20.1282468,60.1715241],[20.1554585,60.1715241],[20.1554585,60.1851299],[20.1826703,60.1851299],[20.1826703,60.2531592],[20.1690644,60.2531592],[20.1690644,60.266765],[20.1418527,60.266765],[20.1418527,60.2803709],[20.0874293,60.2803709],[20.0874293,60.2939767],[20.0602176,60.2939767]]]}},{"type":"Feature","properties":{"clumps":21},"geometry":{"type":"Polygon","coordinates":[[[29.10811,60.2939767],[29.10811,60.2803709],[29.0672924,60.2803709],[29.0672924,60.266765],[29.0400807,60.266765],[29.0400807,60.2803709],[29.0264748,60.2803709],[29.0264748,60.266765],[28.9992631,60.266765],[28.9992631,60.2395533],[28.9856573,60.2395533],[28.9856573,60.2123416],[28.9992631,60.2123416],[28.9992631,60.1987358],[29.012869,60.1987358],[29.012869,60.1851299],[29.0400807,60.1851299],[29.0400807,60.1715241],[29.0672924,60.1715241],[29.0672924,60.1579182],[29.1353217,60.1579182],[29.1353217,60.1443124],[29.1897451,60.1443124],[29.1897451,60.1579182],[29.2169568,60.1579182],[29.2169568,60.1715241],[29.2713802,60.1715241],[29.2713802,60.1987358],[29.2849861,60.1987358],[29.2849861,60.2259475],[29.2713802,60.2259475],[29.2713802,60.2395533],[29.2577743,60.2395533],[29.2577743,60.2531592],[29.2305626,60.2531592],[29.2305626,60.266765],[29.2033509,60.266765],[29.2033509,60.2803709],[29.1489275,60.2803709],[29.1489275,60.2939767],[29.10811,60.2939767]]]}},{"type":"Feature","properties":{"clumps":22},"geometry":{"type":"Polygon","coordinates":[[[29.4074387,60.266765],[29.4074387,60.2531592],[29.3666212,60.2531592],[29.3666212,60.2395533],[29.3530153,60.2395533],[29.3530153,60.2259475],[29.3258036,60.2259475],[29.3258036,60.1987358],[29.3121978,60.1987358],[29.3121978,60.1851299],[29.3258036,60.1851299],[29.3258036,60.1579182],[29.3530153,60.1579182],[29.3530153,60.1443124],[29.3666212,60.1443124],[29.3666212,60.1307065],[29.380227,60.1307065],[29.380227,60.1171006],[29.5026797,60.1171006],[29.5026797,60.1307065],[29.5162856,60.1307065],[29.5162856,60.1171006],[29.5298914,60.1171006],[29.5298914,60.1307065],[29.5571031,60.1307065],[29.5571031,60.1443124],[29.5843148,60.1443124],[29.5843148,60.1851299],[29.5979207,60.1851299],[29.5979207,60.2123416],[29.5843148,60.2123416],[29.5843148,60.2259475],[29.570709,60.2259475],[29.570709,60.2395533],[29.5434973,60.2395533],[29.5434973,60.2531592],[29.5298914,60.2531592],[29.5298914,60.266765],[29.4890739,60.266765],[29.4890739,60.2531592],[29.4482563,60.2531592],[29.4482563,60.266765],[29.4074387,60.266765]]]}},{"type":"Feature","properties":{"clumps":23},"geometry":{"type":"Polygon","coordinates":[[[26.9992027,60.1851299],[26.9992027,60.1715241],[26.9583852,60.1715241],[26.9583852,60.1579182],[26.9447793,60.1579182],[26.9447793,60.1443124],[26.9311734,60.1443124],[26.9311734,60.1307065],[26.9175676,60.1307065],[26.9175676,60.0898889],[26.9447793,60.0898889],[26.9447793,60.0762831],[26.9583852,60.0762831],[26.9583852,60.0626772],[27.0128086,60.0626772],[27.0128086,60.0490714],[27.0264144,60.0490714],[27.0264144,60.0354655],[27.0400203,60.0354655],[27.0400203,60.0490714],[27.1216554,60.0490714],[27.1216554,60.0626772],[27.162473,60.0626772],[27.162473,60.0762831],[27.1760788,60.0762831],[27.1760788,60.0898889],[27.2032905,60.0898889],[27.2032905,60.1171006],[27.1896847,60.1171006],[27.1896847,60.1443124],[27.162473,60.1443124],[27.162473,60.1579182],[27.1488671,60.1579182],[27.1488671,60.1715241],[27.0400203,60.1715241],[27.0400203,60.1851299],[26.9992027,60.1851299]]]}},{"type":"Feature","properties":{"clumps":24},"geometry":{"type":"Polygon","coordinates":[[[18.7812674,60.1443124],[18.7812674,60.1307065],[18.7404498,60.1307065],[18.7404498,60.1171006],[18.726844,60.1171006],[18.726844,60.0490714],[18.7404498,60.0490714],[18.7404498,60.0354655],[18.7540557,60.0354655],[18.7540557,60.0218597],[18.8220849,60.0218597],[18.8220849,60.0082538],[18.8901142,60.0082538],[18.8901142,60.0218597],[18.9309318,60.0218597],[18.9309318,60.0354655],[18.9581435,60.0354655],[18.9581435,60.0490714],[18.9717493,60.0490714],[18.9717493,60.1034948],[18.9581435,60.1034948],[18.9581435,60.1171006],[18.9445376,60.1171006],[18.9445376,60.1307065],[18.9173259,60.1307065],[18.9173259,60.1443124],[18.7812674,60.1443124]]]}},{"type":"Feature","properties":{"clumps":25},"geometry":{"type":"Polygon","coordinates":[[[23.2439872,60.0762831],[23.2439872,60.0490714],[23.2167755,60.0490714],[23.2167755,60.0354655],[23.175958,60.0354655],[23.175958,60.0218597],[23.1623521,60.0218597],[23.1623521,59.9674363],[23.175958,59.9674363],[23.175958,59.9538304],[23.2031697,59.9538304],[23.2031697,59.9402246],[23.2167755,59.9402246],[23.2167755,59.9266187],[23.2031697,59.9266187],[23.2031697,59.9130129],[23.175958,59.9130129],[23.175958,59.899407],[23.1215345,59.899407],[23.1215345,59.9130129],[23.0943228,59.9130129],[23.0943228,59.9266187],[22.9582643,59.9266187],[22.9582643,59.9130129],[22.9038409,59.9130129],[22.9038409,59.899407],[22.890235,59.899407],[22.890235,59.8721953],[22.8766292,59.8721953],[22.8766292,59.8449836],[22.890235,59.8449836],[22.890235,59.8313777],[22.9174468,59.8313777],[22.9174468,59.8177719],[23.0943228,59.8177719],[23.0943228,59.8313777],[23.1351404,59.8313777],[23.1351404,59.8449836],[23.1487463,59.8449836],[23.1487463,59.8313777],[23.2439872,59.8313777],[23.2439872,59.8177719],[23.3800458,59.8177719],[23.3800458,59.8313777],[23.3936516,59.8313777],[23.3936516,59.8585894],[23.4072575,59.8585894],[23.4072575,59.8721953],[23.3936516,59.8721953],[23.3936516,59.8858011],[23.3800458,59.8858011],[23.3800458,59.899407],[23.3664399,59.899407],[23.3664399,59.9266187],[23.4072575,59.9266187],[23.4072575,59.9402246],[23.4344692,59.9402246],[23.4344692,59.9538304],[23.4752867,59.9538304],[23.4752867,60.0082538],[23.4616809,60.0082538],[23.4616809,60.0218597],[23.4344692,60.0218597],[23.4344692,60.0354655],[23.4208633,60.0354655],[23.4208633,60.0490714],[23.3800458,60.0490714],[23.3800458,60.0626772],[23.2848048,60.0626772],[23.2848048,60.0762831],[23.2439872,60.0762831]]]}},{"type":"Feature","properties":{"clumps":26},"geometry":{"type":"Polygon","coordinates":[[[27.7883422,60.0626772],[27.7883422,60.0490714],[27.7339188,60.0490714],[27.7339188,60.0354655],[27.7067071,60.0354655],[27.7067071,60.0218597],[27.6931012,60.0218597],[27.6931012,60.0082538],[27.7067071,60.0082538],[27.7067071,59.994648],[27.6931012,59.994648],[27.6931012,59.9810421],[27.7067071,59.9810421],[27.7067071,59.9674363],[27.7339188,59.9674363],[27.7339188,59.9402246],[27.7475246,59.9402246],[27.7475246,59.9266187],[27.8019481,59.9266187],[27.8019481,59.9130129],[27.8563715,59.9130129],[27.8563715,59.9266187],[27.9107949,59.9266187],[27.9107949,59.9402246],[27.9244007,59.9402246],[27.9244007,59.9538304],[27.9652183,59.9538304],[27.9652183,59.994648],[27.9516124,59.994648],[27.9516124,60.0082538],[27.9380066,60.0082538],[27.9380066,60.0490714],[27.9107949,60.0490714],[27.9107949,60.0626772],[27.7883422,60.0626772]]]}},{"type":"Feature","properties":{"clumps":27},"geometry":{"type":"Polygon","coordinates":[[[19.0533844,59.9266187],[19.0533844,59.9130129],[19.0261727,59.9130129],[19.0261727,59.8313777],[19.0397786,59.8313777],[19.0397786,59.8177719],[19.2574722,59.8177719],[19.2574722,59.8449836],[19.2710781,59.8449836],[19.2710781,59.8858011],[19.2574722,59.8858011],[19.2574722,59.9130129],[19.2302605,59.9130129],[19.2302605,59.9266187],[19.0533844,59.9266187]]]}},{"type":"Feature","properties":{"clumps":28},"geometry":{"type":"Polygon","coordinates":[[[22.4004243,59.9130129],[22.4004243,59.899407],[22.3051834,59.899407],[22.3051834,59.8858011],[22.2915775,59.8858011],[22.2915775,59.8585894],[22.2643658,59.8585894],[22.2643658,59.8449836],[22.2779716,59.8449836],[22.2779716,59.8177719],[22.3187892,59.8177719],[22.3187892,59.804166],[22.3868185,59.804166],[22.3868185,59.7905602],[22.4140302,59.7905602],[22.4140302,59.804166],[22.5092712,59.804166],[22.5092712,59.8313777],[22.5364829,59.8313777],[22.5364829,59.8585894],[22.522877,59.8585894],[22.522877,59.8721953],[22.5092712,59.8721953],[22.5092712,59.899407],[22.4820594,59.899407],[22.4820594,59.9130129],[22.4004243,59.9130129]]]}},{"type":"Feature","properties":{"clumps":29},"geometry":{"type":"Polygon","coordinates":[[[10.3184267,59.8313777],[10.3184267,59.8177719],[10.2367916,59.8177719],[10.2367916,59.7905602],[10.2095799,59.7905602],[10.2095799,59.7361368],[10.2367916,59.7361368],[10.2367916,59.7225309],[10.2503974,59.7225309],[10.2503974,59.7089251],[10.291215,59.7089251],[10.291215,59.6953192],[10.4408794,59.6953192],[10.4408794,59.7089251],[10.4680911,59.7089251],[10.4680911,59.7225309],[10.4953028,59.7225309],[10.4953028,59.7633485],[10.4816969,59.7633485],[10.4816969,59.7905602],[10.4408794,59.7905602],[10.4408794,59.804166],[10.4136676,59.804166],[10.4136676,59.8177719],[10.3728501,59.8177719],[10.3728501,59.8313777],[10.3184267,59.8313777]]]}},{"type":"Feature","properties":{"clumps":30},"geometry":{"type":"Polygon","coordinates":[[[18.9037201,59.8177719],[18.9037201,59.804166],[18.8084791,59.804166],[18.8084791,59.7905602],[18.7948732,59.7905602],[18.7948732,59.7769543],[18.7812674,59.7769543],[18.7812674,59.7633485],[18.7948732,59.7633485],[18.7948732,59.7361368],[18.8084791,59.7361368],[18.8084791,59.7089251],[18.8220849,59.7089251],[18.8220849,59.6953192],[18.9853552,59.6953192],[18.9853552,59.7089251],[19.0261727,59.7089251],[19.0261727,59.7361368],[19.0533844,59.7361368],[19.0533844,59.7633485],[19.0261727,59.7633485],[19.0261727,59.7905602],[18.998961,59.7905602],[18.998961,59.804166],[18.9581435,59.804166],[18.9581435,59.8177719],[18.9037201,59.8177719]]]}},{"type":"Feature","properties":{"clumps":31},"geometry":{"type":"Polygon","coordinates":[[[24.5365433,59.7089251],[24.5365433,59.6953192],[24.468514,59.6953192],[24.468514,59.6681075],[24.4549082,59.6681075],[24.4549082,59.6408958],[24.4276965,59.6408958],[24.4276965,59.6272899],[24.4413023,59.6272899],[24.4413023,59.6000782],[24.4549082,59.6000782],[24.4549082,59.5864724],[24.5093316,59.5864724],[24.5093316,59.5728665],[24.5365433,59.5728665],[24.5365433,59.5592607],[24.658996,59.5592607],[24.658996,59.5456548],[24.6317843,59.5456548],[24.6317843,59.532049],[24.6181784,59.532049],[24.6181784,59.5184431],[24.5773608,59.5184431],[24.5773608,59.5048373],[24.5093316,59.5048373],[24.5093316,59.5184431],[24.468514,59.5184431],[24.468514,59.532049],[24.4413023,59.532049],[24.4413023,59.5184431],[24.3460613,59.5184431],[24.3460613,59.5048373],[24.3052438,59.5048373],[24.3052438,59.4912314],[24.2780321,59.4912314],[24.2780321,59.4504138],[24.2916379,59.4504138],[24.2916379,59.4232021],[24.3052438,59.4232021],[24.3052438,59.4095963],[24.4549082,59.4095963],[24.4549082,59.3959904],[24.468514,59.3959904],[24.468514,59.4095963],[24.5365433,59.4095963],[24.5365433,59.4232021],[24.6453901,59.4232021],[24.6453901,59.4095963],[24.7678428,59.4095963],[24.7678428,59.4232021],[24.8086603,59.4232021],[24.8086603,59.436808],[24.8222662,59.436808],[24.8222662,59.4504138],[24.8358721,59.4504138],[24.8358721,59.4640197],[24.9447189,59.4640197],[24.9447189,59.4504138],[25.0399599,59.4504138],[25.0399599,59.4640197],[25.0671716,59.4640197],[25.0671716,59.4776255],[25.0943833,59.4776255],[25.0943833,59.4912314],[25.2440476,59.4912314],[25.2440476,59.4776255],[25.2576535,59.4776255],[25.2576535,59.4912314],[25.4345296,59.4912314],[25.4345296,59.4776255],[25.5025589,59.4776255],[25.5025589,59.4912314],[25.5297706,59.4912314],[25.5297706,59.5048373],[25.5569823,59.5048373],[25.5569823,59.5184431],[25.584194,59.5184431],[25.584194,59.532049],[25.6250115,59.532049],[25.6250115,59.5184431],[25.7202525,59.5184431],[25.7202525,59.532049],[25.7338584,59.532049],[25.7338584,59.5184431],[25.7746759,59.5184431],[25.7746759,59.532049],[25.7882818,59.532049],[25.7882818,59.5456548],[25.8018876,59.5456548],[25.8018876,59.5728665],[25.8290993,59.5728665],[25.8290993,59.5864724],[25.8971286,59.5864724],[25.8971286,59.5728665],[25.9651579,59.5728665],[25.9651579,59.5592607],[25.9923696,59.5592607],[25.9923696,59.5456548],[26.0195813,59.5456548],[26.0195813,59.532049],[26.0876105,59.532049],[26.0876105,59.5184431],[26.1556398,59.5184431],[26.1556398,59.532049],[26.1828515,59.532049],[26.1828515,59.5456548],[26.2100632,59.5456548],[26.2100632,59.5592607],[26.2236691,59.5592607],[26.2236691,59.6136841],[26.2100632,59.6136841],[26.2100632,59.6272899],[26.1964574,59.6272899],[26.1964574,59.6408958],[26.1692457,59.6408958],[26.1692457,59.6545016],[25.9923696,59.6545016],[25.9923696,59.6817133],[25.9651579,59.6817133],[25.9651579,59.6953192],[25.9243403,59.6953192],[25.9243403,59.7089251],[25.7746759,59.7089251],[25.7746759,59.6953192],[25.7338584,59.6953192],[25.7338584,59.6817133],[25.7202525,59.6817133],[25.7202525,59.6545016],[25.6386174,59.6545016],[25.6386174,59.6408958],[25.5977998,59.6408958],[25.5977998,59.6272899],[25.5705881,59.6272899],[25.5705881,59.6136841],[25.393712,59.6136841],[25.393712,59.6000782],[25.2576535,59.6000782],[25.2576535,59.6136841],[25.1624125,59.6136841],[25.1624125,59.6000782],[25.1352008,59.6000782],[25.1352008,59.5864724],[25.1079891,59.5864724],[25.1079891,59.5728665],[25.0807774,59.5728665],[25.0807774,59.5592607],[25.026354,59.5592607],[25.026354,59.5728665],[24.931113,59.5728665],[24.931113,59.5864724],[24.9039013,59.5864724],[24.9039013,59.6000782],[24.8766896,59.6000782],[24.8766896,59.6136841],[24.8630838,59.6136841],[24.8630838,59.6272899],[24.7270252,59.6272899],[24.7270252,59.6408958],[24.7134194,59.6408958],[24.7134194,59.6681075],[24.6998135,59.6681075],[24.6998135,59.6817133],[24.6862077,59.6817133],[24.6862077,59.6953192],[24.6317843,59.6953192],[24.6317843,59.7089251],[24.5365433,59.7089251]]]}},{"type":"Feature","properties":{"clumps":32},"geometry":{"type":"Polygon","coordinates":[[[10.3592442,59.6272899],[10.3592442,59.6136841],[10.3184267,59.6136841],[10.3184267,59.6000782],[10.3048208,59.6000782],[10.3048208,59.5864724],[10.291215,59.5864724],[10.291215,59.5728665],[10.3048208,59.5728665],[10.3048208,59.5592607],[10.291215,59.5592607],[10.291215,59.5456548],[10.3048208,59.5456548],[10.3048208,59.5184431],[10.3456384,59.5184431],[10.3456384,59.5048373],[10.4000618,59.5048373],[10.4000618,59.4912314],[10.4136676,59.4912314],[10.4136676,59.5048373],[10.5089086,59.5048373],[10.5089086,59.5184431],[10.5497262,59.5184431],[10.5497262,59.532049],[10.563332,59.532049],[10.563332,59.5456548],[10.5769379,59.5456548],[10.5769379,59.5728665],[10.5497262,59.5728665],[10.5497262,59.5864724],[10.5361203,59.5864724],[10.5361203,59.6136841],[10.4953028,59.6136841],[10.4953028,59.6272899],[10.3592442,59.6272899]]]}},{"type":"Feature","properties":{"clumps":33},"geometry":{"type":"Polygon","coordinates":[[[27.9244007,59.6136841],[27.9244007,59.6000782],[27.8835832,59.6000782],[27.8835832,59.5864724],[27.8699773,59.5864724],[27.8699773,59.5728665],[27.8563715,59.5728665],[27.8563715,59.5592607],[27.8427656,59.5592607],[27.8427656,59.5184431],[27.7747363,59.5184431],[27.7747363,59.5048373],[27.7475246,59.5048373],[27.7475246,59.4912314],[27.7067071,59.4912314],[27.7067071,59.4776255],[27.6931012,59.4776255],[27.6931012,59.4504138],[27.6794954,59.4504138],[27.6794954,59.436808],[27.6931012,59.436808],[27.6931012,59.4232021],[27.7067071,59.4232021],[27.7067071,59.4095963],[27.7475246,59.4095963],[27.7475246,59.3959904],[27.8291598,59.3959904],[27.8291598,59.3823846],[27.8835832,59.3823846],[27.8835832,59.3959904],[27.9107949,59.3959904],[27.9107949,59.4095963],[27.9380066,59.4095963],[27.9380066,59.436808],[27.9652183,59.436808],[27.9652183,59.4640197],[27.9788241,59.4640197],[27.9788241,59.4776255],[28.0468534,59.4776255],[28.0468534,59.4912314],[28.087671,59.4912314],[28.087671,59.5184431],[28.1012768,59.5184431],[28.1012768,59.5456548],[28.1148827,59.5456548],[28.1148827,59.5592607],[28.1012768,59.5592607],[28.1012768,59.5864724],[28.087671,59.5864724],[28.087671,59.6000782],[28.0604593,59.6000782],[28.0604593,59.6136841],[27.9244007,59.6136841]]]}},{"type":"Feature","properties":{"clumps":34},"geometry":{"type":"Polygon","coordinates":[[[10.753814,59.5592607],[10.753814,59.5456548],[10.7402081,59.5456548],[10.7402081,59.532049],[10.7266023,59.532049],[10.7266023,59.4912314],[10.7402081,59.4912314],[10.7402081,59.4640197],[10.753814,59.4640197],[10.753814,59.4504138],[10.8082374,59.4504138],[10.8082374,59.436808],[10.8626608,59.436808],[10.8626608,59.4504138],[10.9442959,59.4504138],[10.9442959,59.4640197],[10.9715076,59.4640197],[10.9715076,59.4776255],[10.9987193,59.4776255],[10.9987193,59.5048373],[10.9851135,59.5048373],[10.9851135,59.5184431],[10.9715076,59.5184431],[10.9715076,59.532049],[10.9442959,59.532049],[10.9442959,59.5456548],[10.9306901,59.5456548],[10.9306901,59.5592607],[10.753814,59.5592607]]]}},{"type":"Feature","properties":{"clumps":35},"geometry":{"type":"Polygon","coordinates":[[[27.1896847,59.5048373],[27.1896847,59.4912314],[27.162473,59.4912314],[27.162473,59.4776255],[27.1352612,59.4776255],[27.1352612,59.4504138],[27.1216554,59.4504138],[27.1216554,59.436808],[27.1352612,59.436808],[27.1352612,59.4232021],[27.1488671,59.4232021],[27.1488671,59.4095963],[27.1352612,59.4095963],[27.1352612,59.3959904],[27.2032905,59.3959904],[27.2032905,59.3823846],[27.2168964,59.3823846],[27.2168964,59.3687787],[27.3121373,59.3687787],[27.3121373,59.3823846],[27.3529549,59.3823846],[27.3529549,59.3959904],[27.3665608,59.3959904],[27.3665608,59.4095963],[27.3937725,59.4095963],[27.3937725,59.4640197],[27.3801666,59.4640197],[27.3801666,59.4776255],[27.339349,59.4776255],[27.339349,59.4912314],[27.3121373,59.4912314],[27.3121373,59.5048373],[27.1896847,59.5048373]]]}},{"type":"Feature","properties":{"clumps":36},"geometry":{"type":"Polygon","coordinates":[[[30.2646075,59.4912314],[30.2646075,59.4776255],[30.2782133,59.4776255],[30.2782133,59.4640197],[30.305425,59.4640197],[30.305425,59.4504138],[30.3190309,59.4504138],[30.3190309,59.436808],[30.3326368,59.436808],[30.3326368,59.4232021],[30.3734543,59.4232021],[30.3734543,59.4095963],[30.400666,59.4095963],[30.400666,59.3823846],[30.4142719,59.3823846],[30.4142719,59.3687787],[30.4414836,59.3687787],[30.4414836,59.3551729],[30.4550894,59.3551729],[30.4550894,59.341567],[30.4823011,59.341567],[30.4823011,59.3279612],[30.495907,59.3279612],[30.495907,59.3143553],[30.5367245,59.3143553],[30.5367245,59.3007495],[30.5503304,59.3007495],[30.5503304,59.2871436],[30.5775421,59.2871436],[30.5775421,59.2735378],[30.591148,59.2735378],[30.591148,59.2599319],[30.6047538,59.2599319],[30.6047538,59.246326],[30.6455714,59.246326],[30.6455714,59.2327202],[30.6591772,59.2327202],[30.6591772,59.246326],[30.6727831,59.246326],[30.6727831,59.2599319],[30.6455714,59.2599319],[30.6455714,59.2735378],[30.6183597,59.2735378],[30.6183597,59.3007495],[30.5775421,59.3007495],[30.5775421,59.3143553],[30.5639363,59.3143553],[30.5639363,59.3279612],[30.5367245,59.3279612],[30.5367245,59.3551729],[30.5095128,59.3551729],[30.5095128,59.3687787],[30.495907,59.3687787],[30.495907,59.3823846],[30.4550894,59.3823846],[30.4550894,59.3959904],[30.4414836,59.3959904],[30.4414836,59.4095963],[30.4278777,59.4095963],[30.4278777,59.4232021],[30.400666,59.4232021],[30.400666,59.436808],[30.3734543,59.436808],[30.3734543,59.4504138],[30.3462426,59.4504138],[30.3462426,59.4640197],[30.3326368,59.4640197],[30.3326368,59.4776255],[30.305425,59.4776255],[30.305425,59.4912314],[30.2646075,59.4912314]]]}},{"type":"Feature","properties":{"clumps":37},"geometry":{"type":"Polygon","coordinates":[[[29.9652787,59.4776255],[29.9652787,59.4640197],[29.9788846,59.4640197],[29.9788846,59.4504138],[29.9924904,59.4504138],[29.9924904,59.4095963],[30.0605197,59.4095963],[30.0605197,59.3823846],[30.0877314,59.3823846],[30.0877314,59.3687787],[30.1013372,59.3687787],[30.1013372,59.3551729],[30.128549,59.3551729],[30.128549,59.341567],[30.1421548,59.341567],[30.1421548,59.3279612],[30.1829724,59.3279612],[30.1829724,59.341567],[30.1965782,59.341567],[30.1965782,59.3551729],[30.1829724,59.3551729],[30.1829724,59.3687787],[30.1557607,59.3687787],[30.1557607,59.3823846],[30.128549,59.3823846],[30.128549,59.3959904],[30.1013372,59.3959904],[30.1013372,59.4095963],[30.0877314,59.4095963],[30.0877314,59.4232021],[30.0741255,59.4232021],[30.0741255,59.436808],[30.033308,59.436808],[30.033308,59.4504138],[30.0197021,59.4504138],[30.0197021,59.4640197],[29.9924904,59.4640197],[29.9924904,59.4776255],[29.9652787,59.4776255]]]}},{"type":"Feature","properties":{"clumps":38},"geometry":{"type":"Polygon","coordinates":[[[5.2978668,59.4640197],[5.2978668,59.4504138],[5.2570493,59.4504138],[5.2570493,59.436808],[5.2434434,59.436808],[5.2434434,59.4095963],[5.2298376,59.4095963],[5.2298376,59.3823846],[5.2434434,59.3823846],[5.2434434,59.3551729],[5.284261,59.3551729],[5.284261,59.341567],[5.3658961,59.341567],[5.3658961,59.3279612],[5.4067137,59.3279612],[5.4067137,59.341567],[5.4475312,59.341567],[5.4475312,59.3551729],[5.4611371,59.3551729],[5.4611371,59.3687787],[5.4883488,59.3687787],[5.4883488,59.3823846],[5.4747429,59.3823846],[5.4747429,59.3959904],[5.4883488,59.3959904],[5.4883488,59.4095963],[5.4747429,59.4095963],[5.4747429,59.4232021],[5.4611371,59.4232021],[5.4611371,59.436808],[5.4475312,59.436808],[5.4475312,59.4504138],[5.4203195,59.4504138],[5.4203195,59.4640197],[5.2978668,59.4640197]]]}},{"type":"Feature","properties":{"clumps":39},"geometry":{"type":"Polygon","coordinates":[[[29.6659499,59.436808],[29.6659499,59.4232021],[29.6795558,59.4232021],[29.6795558,59.4095963],[29.6931616,59.4095963],[29.6931616,59.3959904],[29.7067675,59.3959904],[29.7067675,59.3823846],[29.7203734,59.3823846],[29.7203734,59.3687787],[29.7884026,59.3687787],[29.7884026,59.3823846],[29.7611909,59.3823846],[29.7611909,59.3959904],[29.7475851,59.3959904],[29.7475851,59.4095963],[29.7203734,59.4095963],[29.7203734,59.4232021],[29.7067675,59.4232021],[29.7067675,59.436808],[29.6659499,59.436808]]]}},{"type":"Feature","properties":{"clumps":40},"geometry":{"type":"Polygon","coordinates":[[[10.8082374,59.4232021],[10.8082374,59.4095963],[10.7402081,59.4095963],[10.7402081,59.3959904],[10.7266023,59.3959904],[10.7266023,59.3823846],[10.6993906,59.3823846],[10.6993906,59.3279612],[10.7402081,59.3279612],[10.7402081,59.3143553],[10.753814,59.3143553],[10.753814,59.3007495],[10.7810257,59.3007495],[10.7810257,59.2871436],[10.8354491,59.2871436],[10.8354491,59.3007495],[10.9442959,59.3007495],[10.9442959,59.3143553],[10.9715076,59.3143553],[10.9715076,59.3551729],[10.9579018,59.3551729],[10.9579018,59.3687787],[10.9442959,59.3687787],[10.9442959,59.3823846],[10.9306901,59.3823846],[10.9306901,59.3959904],[10.9034784,59.3959904],[10.9034784,59.4095963],[10.8626608,59.4095963],[10.8626608,59.4232021],[10.8082374,59.4232021]]]}},{"type":"Feature","properties":{"clumps":41},"geometry":{"type":"Polygon","coordinates":[[[30.6999948,59.4232021],[30.6999948,59.4095963],[30.7272065,59.4095963],[30.7272065,59.3959904],[30.7544182,59.3959904],[30.7544182,59.3823846],[30.7816299,59.3823846],[30.7816299,59.3551729],[30.8224475,59.3551729],[30.8224475,59.341567],[30.8360533,59.341567],[30.8360533,59.3279612],[30.8496592,59.3279612],[30.8496592,59.3007495],[30.8768709,59.3007495],[30.8768709,59.2871436],[30.8904767,59.2871436],[30.8904767,59.2735378],[30.958506,59.2735378],[30.958506,59.2871436],[30.9312943,59.2871436],[30.9312943,59.3007495],[30.9176884,59.3007495],[30.9176884,59.3143553],[30.8904767,59.3143553],[30.8904767,59.3279612],[30.8768709,59.3279612],[30.8768709,59.341567],[30.8496592,59.341567],[30.8496592,59.3687787],[30.8224475,59.3687787],[30.8224475,59.3823846],[30.8088416,59.3823846],[30.8088416,59.3959904],[30.7816299,59.3959904],[30.7816299,59.4095963],[30.7544182,59.4095963],[30.7544182,59.4232021],[30.6999948,59.4232021]]]}},{"type":"Feature","properties":{"clumps":42},"geometry":{"type":"Polygon","coordinates":[[[18.4955445,59.4095963],[18.4955445,59.3959904],[18.4547269,59.3959904],[18.4547269,59.3823846],[18.3866976,59.3823846],[18.3866976,59.3687787],[18.3730918,59.3687787],[18.3730918,59.3551729],[18.3594859,59.3551729],[18.3594859,59.3143553],[18.3730918,59.3143553],[18.3730918,59.3007495],[18.3866976,59.3007495],[18.3866976,59.2871436],[18.4275152,59.2871436],[18.4275152,59.2735378],[18.4955445,59.2735378],[18.4955445,59.2871436],[18.5907854,59.2871436],[18.5907854,59.3007495],[18.6179971,59.3007495],[18.6179971,59.3143553],[18.631603,59.3143553],[18.631603,59.341567],[18.6179971,59.341567],[18.6179971,59.3551729],[18.6043913,59.3551729],[18.6043913,59.3687787],[18.5907854,59.3687787],[18.5907854,59.3823846],[18.536362,59.3823846],[18.536362,59.3959904],[18.5091503,59.3959904],[18.5091503,59.4095963],[18.4955445,59.4095963]]]}},{"type":"Feature","properties":{"clumps":43},"geometry":{"type":"Polygon","coordinates":[[[23.9787033,59.4095963],[23.9787033,59.3959904],[23.8698565,59.3959904],[23.8698565,59.3823846],[23.8426448,59.3823846],[23.8426448,59.3687787],[23.8290389,59.3687787],[23.8290389,59.3551729],[23.8154331,59.3551729],[23.8154331,59.341567],[23.8290389,59.341567],[23.8290389,59.3143553],[23.7746155,59.3143553],[23.7746155,59.3279612],[23.7610096,59.3279612],[23.7610096,59.341567],[23.5705277,59.341567],[23.5705277,59.3279612],[23.543316,59.3279612],[23.543316,59.3143553],[23.5297101,59.3143553],[23.5297101,59.3007495],[23.5161043,59.3007495],[23.5161043,59.246326],[23.543316,59.246326],[23.543316,59.2191143],[23.7474038,59.2191143],[23.7474038,59.2327202],[23.7746155,59.2327202],[23.7746155,59.246326],[23.7882214,59.246326],[23.7882214,59.2599319],[23.8018272,59.2599319],[23.8018272,59.2735378],[23.8154331,59.2735378],[23.8154331,59.2871436],[23.8426448,59.2871436],[23.8426448,59.2735378],[24.0467326,59.2735378],[24.0467326,59.2871436],[24.0603384,59.2871436],[24.0603384,59.2735378],[24.0739443,59.2735378],[24.0739443,59.3007495],[24.0875501,59.3007495],[24.0875501,59.3143553],[24.101156,59.3143553],[24.101156,59.341567],[24.0875501,59.341567],[24.0875501,59.3687787],[24.0603384,59.3687787],[24.0603384,59.3823846],[24.0331267,59.3823846],[24.0331267,59.3959904],[24.005915,59.3959904],[24.005915,59.4095963],[23.9787033,59.4095963]]]}},{"type":"Feature","properties":{"clumps":44},"geometry":{"type":"Polygon","coordinates":[[[29.4074387,59.3687787],[29.4074387,59.3551729],[29.4210446,59.3551729],[29.4210446,59.341567],[29.4346504,59.341567],[29.4346504,59.3279612],[29.4618621,59.3279612],[29.4618621,59.3143553],[29.475468,59.3143553],[29.475468,59.3007495],[29.5026797,59.3007495],[29.5026797,59.2871436],[29.5298914,59.2871436],[29.5298914,59.2735378],[29.5434973,59.2735378],[29.5434973,59.2599319],[29.570709,59.2599319],[29.570709,59.246326],[29.5979207,59.246326],[29.5979207,59.2191143],[29.6115265,59.2191143],[29.6115265,59.2055085],[29.6523441,59.2055085],[29.6523441,59.1919026],[29.6659499,59.1919026],[29.6659499,59.1782968],[29.6931616,59.1782968],[29.6931616,59.1646909],[29.7203734,59.1646909],[29.7203734,59.1510851],[29.7339792,59.1510851],[29.7339792,59.1374792],[29.7611909,59.1374792],[29.7611909,59.1238734],[29.7747968,59.1238734],[29.7747968,59.1102675],[29.8020085,59.1102675],[29.8020085,59.0966617],[29.8156143,59.0966617],[29.8156143,59.0830558],[29.8292202,59.0830558],[29.8292202,59.06945],[29.8564319,59.06945],[29.8564319,59.0558441],[29.9108553,59.0558441],[29.9108553,59.06945],[29.8836436,59.06945],[29.8836436,59.0830558],[29.8700377,59.0830558],[29.8700377,59.0966617],[29.842826,59.0966617],[29.842826,59.1102675],[29.8292202,59.1102675],[29.8292202,59.1238734],[29.8020085,59.1238734],[29.8020085,59.1374792],[29.7884026,59.1374792],[29.7884026,59.1510851],[29.7475851,59.1510851],[29.7475851,59.1782968],[29.7203734,59.1782968],[29.7203734,59.1919026],[29.6931616,59.1919026],[29.6931616,59.2055085],[29.6795558,59.2055085],[29.6795558,59.2191143],[29.6523441,59.2191143],[29.6523441,59.2327202],[29.6387382,59.2327202],[29.6387382,59.246326],[29.6115265,59.246326],[29.6115265,59.2599319],[29.5979207,59.2599319],[29.5979207,59.2735378],[29.570709,59.2735378],[29.570709,59.2871436],[29.5571031,59.2871436],[29.5571031,59.3007495],[29.5298914,59.3007495],[29.5298914,59.3143553],[29.5162856,59.3143553],[29.5162856,59.3279612],[29.5026797,59.3279612],[29.5026797,59.341567],[29.475468,59.341567],[29.475468,59.3551729],[29.4618621,59.3551729],[29.4618621,59.3687787],[29.4074387,59.3687787]]]}},{"type":"Feature","properties":{"clumps":45},"geometry":{"type":"Polygon","coordinates":[[[9.638134,59.2871436],[9.638134,59.2735378],[9.6245282,59.2735378],[9.6245282,59.2599319],[9.5973165,59.2599319],[9.5973165,59.246326],[9.5701048,59.246326],[9.5701048,59.2327202],[9.5837106,59.2327202],[9.5837106,59.1919026],[9.6109223,59.1919026],[9.6109223,59.1782968],[9.638134,59.1782968],[9.638134,59.1646909],[9.6789516,59.1646909],[9.6789516,59.1510851],[9.7061633,59.1510851],[9.7061633,59.1374792],[9.733375,59.1374792],[9.733375,59.1238734],[9.7469808,59.1238734],[9.7469808,59.1102675],[9.7741925,59.1102675],[9.7741925,59.0830558],[9.7877984,59.0830558],[9.7877984,59.06945],[9.8014043,59.06945],[9.8014043,59.0558441],[9.7877984,59.0558441],[9.7877984,59.0150265],[9.828616,59.0150265],[9.828616,59.0014207],[9.8422218,59.0014207],[9.8422218,58.9878148],[10.0054921,58.9878148],[10.0054921,58.974209],[10.0327038,58.974209],[10.0327038,58.9606031],[10.195974,58.9606031],[10.195974,58.974209],[10.2503974,58.974209],[10.2503974,58.9878148],[10.2776091,58.9878148],[10.2776091,59.0014207],[10.3048208,59.0014207],[10.3048208,59.0150265],[10.3864559,59.0150265],[10.3864559,59.0286324],[10.4544852,59.0286324],[10.4544852,59.0422382],[10.4680911,59.0422382],[10.4680911,59.0558441],[10.4953028,59.0558441],[10.4953028,59.06945],[10.4816969,59.06945],[10.4816969,59.1238734],[10.4680911,59.1238734],[10.4680911,59.1510851],[10.5225145,59.1510851],[10.5225145,59.1646909],[10.5497262,59.1646909],[10.5497262,59.1782968],[10.5769379,59.1782968],[10.5769379,59.1919026],[10.5905437,59.1919026],[10.5905437,59.2191143],[10.563332,59.2191143],[10.563332,59.246326],[10.5361203,59.246326],[10.5361203,59.2599319],[10.5089086,59.2599319],[10.5089086,59.2735378],[10.4953028,59.2735378],[10.4953028,59.2871436],[10.4680911,59.2871436],[10.4680911,59.2735378],[10.4408794,59.2735378],[10.4408794,59.2871436],[10.4272735,59.2871436],[10.4272735,59.2735378],[10.3728501,59.2735378],[10.3728501,59.2599319],[10.3592442,59.2599319],[10.3592442,59.246326],[10.3184267,59.246326],[10.3184267,59.2327202],[10.3048208,59.2327202],[10.3048208,59.2055085],[10.3184267,59.2055085],[10.3184267,59.1646909],[10.3320325,59.1646909],[10.3320325,59.1510851],[10.291215,59.1510851],[10.291215,59.1374792],[10.2776091,59.1374792],[10.2776091,59.1238734],[10.2503974,59.1238734],[10.2503974,59.1102675],[10.2231857,59.1102675],[10.2231857,59.0966617],[10.195974,59.0966617],[10.195974,59.0830558],[10.0327038,59.0830558],[10.0327038,59.0966617],[10.0054921,59.0966617],[10.0054921,59.1102675],[9.9918862,59.1102675],[9.9918862,59.1646909],[9.9782803,59.1646909],[9.9782803,59.1782968],[9.9510686,59.1782968],[9.9510686,59.1919026],[9.9374628,59.1919026],[9.9374628,59.2055085],[9.8966452,59.2055085],[9.8966452,59.2191143],[9.8558277,59.2191143],[9.8558277,59.2327202],[9.828616,59.2327202],[9.828616,59.246326],[9.8150101,59.246326],[9.8150101,59.2599319],[9.7877984,59.2599319],[9.7877984,59.2735378],[9.7605867,59.2735378],[9.7605867,59.2871436],[9.638134,59.2871436]]]}},{"type":"Feature","properties":{"clumps":46},"geometry":{"type":"Polygon","coordinates":[[[29.2441685,59.2599319],[29.2441685,59.2327202],[29.2713802,59.2327202],[29.2713802,59.2191143],[29.2985919,59.2191143],[29.2985919,59.2055085],[29.3121978,59.2055085],[29.3121978,59.1919026],[29.3394095,59.1919026],[29.3394095,59.1646909],[29.3666212,59.1646909],[29.3666212,59.1510851],[29.380227,59.1510851],[29.380227,59.1374792],[29.4074387,59.1374792],[29.4074387,59.1238734],[29.4346504,59.1238734],[29.4346504,59.1102675],[29.4482563,59.1102675],[29.4482563,59.0966617],[29.475468,59.0966617],[29.475468,59.0830558],[29.4890739,59.0830558],[29.4890739,59.06945],[29.5162856,59.06945],[29.5162856,59.0558441],[29.5298914,59.0558441],[29.5298914,59.0422382],[29.5571031,59.0422382],[29.5571031,59.06945],[29.5434973,59.06945],[29.5434973,59.0830558],[29.5298914,59.0830558],[29.5298914,59.0966617],[29.5162856,59.0966617],[29.5162856,59.1102675],[29.475468,59.1102675],[29.475468,59.1238734],[29.4618621,59.1238734],[29.4618621,59.1374792],[29.4482563,59.1374792],[29.4482563,59.1510851],[29.4210446,59.1510851],[29.4210446,59.1646909],[29.4074387,59.1646909],[29.4074387,59.1782968],[29.380227,59.1782968],[29.380227,59.1919026],[29.3666212,59.1919026],[29.3666212,59.2055085],[29.3394095,59.2055085],[29.3394095,59.2191143],[29.3258036,59.2191143],[29.3258036,59.2327202],[29.2985919,59.2327202],[29.2985919,59.246326],[29.2713802,59.246326],[29.2713802,59.2599319],[29.2441685,59.2599319]]]}},{"type":"Feature","properties":{"clumps":47},"geometry":{"type":"Polygon","coordinates":[[[29.938067,59.2599319],[29.938067,59.246326],[29.9516729,59.246326],[29.9516729,59.2191143],[29.9788846,59.2191143],[29.9788846,59.2055085],[29.9924904,59.2055085],[29.9924904,59.1919026],[30.0060963,59.1919026],[30.0060963,59.1782968],[30.0469138,59.1782968],[30.0469138,59.1646909],[30.0741255,59.1646909],[30.0741255,59.1510851],[30.1013372,59.1510851],[30.1013372,59.1374792],[30.1149431,59.1374792],[30.1149431,59.1238734],[30.1421548,59.1238734],[30.1421548,59.0966617],[30.1965782,59.0966617],[30.1965782,59.06945],[30.2237899,59.06945],[30.2237899,59.0558441],[30.2373958,59.0558441],[30.2373958,59.0422382],[30.2646075,59.0422382],[30.2646075,59.0286324],[30.2782133,59.0286324],[30.2782133,59.0150265],[30.305425,59.0150265],[30.305425,59.0014207],[30.3190309,59.0014207],[30.3190309,58.9878148],[30.3598485,58.9878148],[30.3598485,59.0014207],[30.3462426,59.0014207],[30.3462426,59.0150265],[30.3326368,59.0150265],[30.3326368,59.0286324],[30.305425,59.0286324],[30.305425,59.0422382],[30.2782133,59.0422382],[30.2782133,59.0558441],[30.2646075,59.0558441],[30.2646075,59.06945],[30.2510016,59.06945],[30.2510016,59.0830558],[30.2237899,59.0830558],[30.2237899,59.0966617],[30.2101841,59.0966617],[30.2101841,59.1102675],[30.1829724,59.1102675],[30.1829724,59.1238734],[30.1693665,59.1238734],[30.1693665,59.1374792],[30.1421548,59.1374792],[30.1421548,59.1510851],[30.1149431,59.1510851],[30.1149431,59.1646909],[30.0877314,59.1646909],[30.0877314,59.1782968],[30.0741255,59.1782968],[30.0741255,59.1919026],[30.0605197,59.1919026],[30.0605197,59.2055085],[30.033308,59.2055085],[30.033308,59.2191143],[30.0197021,59.2191143],[30.0197021,59.2327202],[29.9924904,59.2327202],[29.9924904,59.246326],[29.9788846,59.246326],[29.9788846,59.2599319],[29.938067,59.2599319]]]}},{"type":"Feature","properties":{"clumps":48},"geometry":{"type":"Polygon","coordinates":[[[28.9448397,59.246326],[28.9448397,59.2327202],[28.9312339,59.2327202],[28.9312339,59.2191143],[28.9584456,59.2191143],[28.9584456,59.2055085],[28.9720514,59.2055085],[28.9720514,59.1919026],[28.9992631,59.1919026],[28.9992631,59.1782968],[29.012869,59.1782968],[29.012869,59.1646909],[29.0400807,59.1646909],[29.0400807,59.1510851],[29.0536865,59.1510851],[29.0536865,59.1374792],[29.0808983,59.1374792],[29.0808983,59.1238734],[29.10811,59.1238734],[29.10811,59.1510851],[29.0808983,59.1510851],[29.0808983,59.1646909],[29.0672924,59.1646909],[29.0672924,59.1782968],[29.0400807,59.1782968],[29.0400807,59.1919026],[29.0264748,59.1919026],[29.0264748,59.2055085],[28.9992631,59.2055085],[28.9992631,59.2327202],[28.9720514,59.2327202],[28.9720514,59.246326],[28.9448397,59.246326]]]}},{"type":"Feature","properties":{"clumps":49},"geometry":{"type":"Polygon","coordinates":[[[30.3326368,59.246326],[30.3326368,59.2191143],[30.3462426,59.2191143],[30.3462426,59.2055085],[30.3734543,59.2055085],[30.3734543,59.1919026],[30.3870602,59.1919026],[30.3870602,59.1782968],[30.4142719,59.1782968],[30.4142719,59.1646909],[30.4278777,59.1646909],[30.4278777,59.1510851],[30.4550894,59.1510851],[30.4550894,59.1374792],[30.4686953,59.1374792],[30.4686953,59.1238734],[30.5095128,59.1238734],[30.5095128,59.0966617],[30.5231187,59.0966617],[30.5231187,59.0830558],[30.5503304,59.0830558],[30.5503304,59.06945],[30.5639363,59.06945],[30.5639363,59.0558441],[30.6047538,59.0558441],[30.6047538,59.0286324],[30.6319655,59.0286324],[30.6319655,59.0014207],[30.6999948,59.0014207],[30.6999948,59.0150265],[30.6863889,59.0150265],[30.6863889,59.0286324],[30.6727831,59.0286324],[30.6727831,59.0422382],[30.6455714,59.0422382],[30.6455714,59.0558441],[30.6319655,59.0558441],[30.6319655,59.06945],[30.6183597,59.06945],[30.6183597,59.0830558],[30.591148,59.0830558],[30.591148,59.0966617],[30.5775421,59.0966617],[30.5775421,59.1102675],[30.5639363,59.1102675],[30.5639363,59.1238734],[30.5503304,59.1238734],[30.5503304,59.1374792],[30.5095128,59.1374792],[30.5095128,59.1510851],[30.495907,59.1510851],[30.495907,59.1646909],[30.4550894,59.1646909],[30.4550894,59.1919026],[30.4278777,59.1919026],[30.4278777,59.2055085],[30.4142719,59.2055085],[30.4142719,59.2191143],[30.3870602,59.2191143],[30.3870602,59.2327202],[30.3598485,59.2327202],[30.3598485,59.246326],[30.3326368,59.246326]]]}},{"type":"Feature","properties":{"clumps":50},"geometry":{"type":"Polygon","coordinates":[[[18.1826098,59.1919026],[18.1826098,59.1782968],[18.1281864,59.1782968],[18.1281864,59.1646909],[18.1009747,59.1646909],[18.1009747,59.1102675],[18.1145806,59.1102675],[18.1145806,59.0830558],[18.1281864,59.0830558],[18.1281864,59.06945],[18.1553981,59.06945],[18.1553981,59.0830558],[18.169004,59.0830558],[18.169004,59.06945],[18.1962157,59.06945],[18.1962157,59.0558441],[18.2506391,59.0558441],[18.2506391,59.06945],[18.2778508,59.06945],[18.2778508,59.0830558],[18.3322742,59.0830558],[18.3322742,59.0966617],[18.3458801,59.0966617],[18.3458801,59.1646909],[18.3050625,59.1646909],[18.3050625,59.1782968],[18.2914567,59.1782968],[18.2914567,59.1919026],[18.1826098,59.1919026]]]}},{"type":"Feature","properties":{"clumps":51},"geometry":{"type":"Polygon","coordinates":[[[30.7816299,59.1510851],[30.7816299,59.1238734],[30.8088416,59.1238734],[30.8088416,59.1102675],[30.8224475,59.1102675],[30.8224475,59.0966617],[30.8496592,59.0966617],[30.8496592,59.0830558],[30.863265,59.0830558],[30.863265,59.06945],[30.8768709,59.06945],[30.8768709,59.0558441],[30.8904767,59.0558441],[30.8904767,59.0422382],[30.9176884,59.0422382],[30.9176884,59.0286324],[30.9312943,59.0286324],[30.9312943,59.0150265],[30.958506,59.0150265],[30.958506,59.0014207],[30.9721119,59.0014207],[30.9721119,58.9878148],[30.9993236,58.9878148],[30.9993236,58.974209],[31.0129294,58.974209],[31.0129294,58.9606031],[31.0265353,58.9606031],[31.0265353,58.9469973],[31.053747,58.9469973],[31.053747,58.9333914],[31.0673528,58.9333914],[31.0673528,58.9197856],[31.0809587,58.9197856],[31.0809587,58.9061797],[31.0945645,58.9061797],[31.0945645,58.8925739],[31.1081704,58.8925739],[31.1081704,58.878968],[31.1353821,58.878968],[31.1353821,58.8653622],[31.1898055,58.8653622],[31.1898055,58.878968],[31.1625938,58.878968],[31.1625938,58.9061797],[31.1217762,58.9061797],[31.1217762,58.9197856],[31.1081704,58.9197856],[31.1081704,58.9333914],[31.0809587,58.9333914],[31.0809587,58.9606031],[31.053747,58.9606031],[31.053747,58.974209],[31.0401411,58.974209],[31.0401411,58.9878148],[31.0129294,58.9878148],[31.0129294,59.0014207],[30.9993236,59.0014207],[30.9993236,59.0150265],[30.9721119,59.0150265],[30.9721119,59.0286324],[30.9449001,59.0286324],[30.9449001,59.0422382],[30.958506,59.0422382],[30.958506,59.0558441],[30.9312943,59.0558441],[30.9312943,59.06945],[30.9040826,59.06945],[30.9040826,59.0830558],[30.8768709,59.0830558],[30.8768709,59.0966617],[30.863265,59.0966617],[30.863265,59.1102675],[30.8496592,59.1102675],[30.8496592,59.1238734],[30.8360533,59.1238734],[30.8360533,59.1374792],[30.8224475,59.1374792],[30.8224475,59.1510851],[30.7816299,59.1510851]]]}},{"type":"Feature","properties":{"clumps":52},"geometry":{"type":"Polygon","coordinates":[[[31.0945645,59.1510851],[31.0945645,59.1374792],[31.1081704,59.1374792],[31.1081704,59.1238734],[31.1217762,59.1238734],[31.1217762,59.1102675],[31.1353821,59.1102675],[31.1353821,59.0966617],[31.1489879,59.0966617],[31.1489879,59.0830558],[31.1761996,59.0830558],[31.1761996,59.06945],[31.1898055,59.06945],[31.1898055,59.0558441],[31.2306231,59.0558441],[31.2306231,59.0422382],[31.2442289,59.0422382],[31.2442289,59.0286324],[31.2714406,59.0286324],[31.2714406,59.0150265],[31.2986523,59.0150265],[31.2986523,59.0286324],[31.2850465,59.0286324],[31.2850465,59.0422382],[31.2578348,59.0422382],[31.2578348,59.0558441],[31.2442289,59.0558441],[31.2442289,59.06945],[31.2170172,59.06945],[31.2170172,59.0966617],[31.1898055,59.0966617],[31.1898055,59.1102675],[31.1761996,59.1102675],[31.1761996,59.1238734],[31.1489879,59.1238734],[31.1489879,59.1374792],[31.1217762,59.1374792],[31.1217762,59.1510851],[31.0945645,59.1510851]]]}},{"type":"Feature","properties":{"clumps":53},"geometry":{"type":"Polygon","coordinates":[[[11.1619896,59.1374792],[11.1619896,59.1238734],[11.0667486,59.1238734],[11.0667486,59.1102675],[11.0531428,59.1102675],[11.0531428,59.0966617],[11.0123252,59.0966617],[11.0123252,59.0830558],[10.9987193,59.0830558],[10.9987193,59.06945],[11.025931,59.06945],[11.025931,59.0150265],[11.0667486,59.0150265],[11.0667486,59.0014207],[11.0803545,59.0014207],[11.0803545,58.974209],[11.0939603,58.974209],[11.0939603,58.9606031],[11.0803545,58.9606031],[11.0803545,58.9197856],[11.0939603,58.9197856],[11.0939603,58.9061797],[11.1075662,58.9061797],[11.1075662,58.8925739],[11.121172,58.8925739],[11.121172,58.878968],[11.1619896,58.878968],[11.1619896,58.7973329],[11.1755954,58.7973329],[11.1755954,58.783727],[11.1892013,58.783727],[11.1892013,58.7429095],[11.2028071,58.7429095],[11.2028071,58.7020919],[11.216413,58.7020919],[11.216413,58.6884861],[11.2300188,58.6884861],[11.2300188,58.6612744],[11.216413,58.6612744],[11.216413,58.6340626],[11.2300188,58.6340626],[11.2300188,58.6068509],[11.2436247,58.6068509],[11.2436247,58.5796392],[11.2572305,58.5796392],[11.2572305,58.5932451],[11.2708364,58.5932451],[11.2708364,58.5388217],[11.2844423,58.5388217],[11.2844423,58.51161],[11.2980481,58.51161],[11.2980481,58.4299749],[11.311654,58.4299749],[11.311654,58.416369],[11.3252598,58.416369],[11.3252598,58.4027631],[11.3524715,58.4027631],[11.3524715,58.3891573],[11.3932891,58.3891573],[11.3932891,58.3347339],[11.4068949,58.3347339],[11.4068949,58.3075222],[11.4205008,58.3075222],[11.4205008,58.2939163],[11.4341066,58.2939163],[11.4341066,58.2803105],[11.4205008,58.2803105],[11.4205008,58.2394929],[11.4477125,58.2394929],[11.4477125,58.2258871],[11.4613183,58.2258871],[11.4613183,58.1986753],[11.4885301,58.1986753],[11.4885301,58.1850695],[11.5021359,58.1850695],[11.5021359,58.1714636],[11.4885301,58.1714636],[11.4885301,58.1578578],[11.4749242,58.1578578],[11.4749242,58.1442519],[11.4885301,58.1442519],[11.4885301,58.1034344],[11.5021359,58.1034344],[11.5021359,58.0898285],[11.5157418,58.0898285],[11.5157418,58.049011],[11.5021359,58.049011],[11.5021359,58.0354051],[11.5157418,58.0354051],[11.5157418,58.0081934],[11.5293476,58.0081934],[11.5293476,57.9945875],[11.5429535,57.9945875],[11.5429535,57.9809817],[11.583771,57.9809817],[11.583771,57.9673758],[11.5973769,57.9673758],[11.5973769,57.95377],[11.583771,57.95377],[11.583771,57.9401641],[11.5973769,57.9401641],[11.5973769,57.8857407],[11.6245886,57.8857407],[11.6245886,57.8721349],[11.6518003,57.8721349],[11.6518003,57.858529],[11.6654061,57.858529],[11.6654061,57.8449232],[11.679012,57.8449232],[11.679012,57.8177115],[11.6926179,57.8177115],[11.6926179,57.7904998],[11.7198296,57.7904998],[11.7198296,57.763288],[11.7334354,57.763288],[11.7334354,57.7360763],[11.7470413,57.7360763],[11.7470413,57.7496822],[11.7606471,57.7496822],[11.7606471,57.7088646],[11.7470413,57.7088646],[11.7470413,57.6952588],[11.7606471,57.6952588],[11.7606471,57.6816529],[11.774253,57.6816529],[11.774253,57.6544412],[11.7878588,57.6544412],[11.7878588,57.6272295],[11.8014647,57.6272295],[11.8014647,57.6136237],[11.8150705,57.6136237],[11.8150705,57.6000178],[11.8286764,57.6000178],[11.8286764,57.586412],[11.8422822,57.586412],[11.8422822,57.5728061],[11.8694939,57.5728061],[11.8694939,57.5592002],[11.9375232,57.5592002],[11.9375232,57.5319885],[11.9239174,57.5319885],[11.9239174,57.5183827],[11.8967056,57.5183827],[11.8967056,57.4775651],[11.9103115,57.4775651],[11.9103115,57.4639593],[11.9239174,57.4639593],[11.9239174,57.4503534],[11.9511291,57.4503534],[11.9511291,57.4367476],[11.9919466,57.4367476],[11.9919466,57.4231417],[12.0191583,57.4231417],[12.0191583,57.4095359],[12.0327642,57.4095359],[12.0327642,57.39593],[12.04637,57.39593],[12.04637,57.3823242],[12.0735817,57.3823242],[12.0735817,57.3551124],[12.0871876,57.3551124],[12.0871876,57.3415066],[12.1280052,57.3415066],[12.1280052,57.3279007],[12.141611,57.3279007],[12.141611,57.300689],[12.1280052,57.300689],[12.1280052,57.2870832],[12.141611,57.2870832],[12.141611,57.2462656],[12.1552169,57.2462656],[12.1552169,57.2326598],[12.1824286,57.2326598],[12.1824286,57.2190539],[12.1960344,57.2190539],[12.1960344,57.2054481],[12.2096403,57.2054481],[12.2096403,57.1782364],[12.2232461,57.1782364],[12.2232461,57.1646305],[12.236852,57.1646305],[12.236852,57.1510246],[12.2504578,57.1510246],[12.2504578,57.1374188],[12.2640637,57.1374188],[12.2640637,57.1238129],[12.2912754,57.1238129],[12.2912754,57.1102071],[12.3456988,57.1102071],[12.3456988,57.0966012],[12.3593047,57.0966012],[12.3593047,57.0421778],[12.3456988,57.0421778],[12.3456988,57.0149661],[12.3729105,57.0149661],[12.3729105,57.0013603],[12.4001222,57.0013603],[12.4001222,56.9877544],[12.4137281,56.9877544],[12.4137281,56.9741486],[12.4273339,56.9741486],[12.4273339,56.9605427],[12.4409398,56.9605427],[12.4409398,56.9197251],[12.4545456,56.9197251],[12.4545456,56.9061193],[12.4817573,56.9061193],[12.4817573,56.8925134],[12.4953632,56.8925134],[12.4953632,56.8789076],[12.5361808,56.8789076],[12.5361808,56.8653017],[12.5497866,56.8653017],[12.5497866,56.8516959],[12.5633925,56.8516959],[12.5633925,56.83809],[12.5769983,56.83809],[12.5769983,56.8244842],[12.5906042,56.8244842],[12.5906042,56.8108783],[12.60421,56.8108783],[12.60421,56.7972725],[12.6450276,56.7972725],[12.6450276,56.7836666],[12.7538744,56.7836666],[12.7538744,56.7972725],[12.8219037,56.7972725],[12.8219037,56.8244842],[12.8355095,56.8244842],[12.8355095,56.83809],[12.8219037,56.83809],[12.8219037,56.8653017],[12.8082978,56.8653017],[12.8082978,56.8789076],[12.794692,56.8789076],[12.794692,56.8925134],[12.7674803,56.8925134],[12.7674803,56.9061193],[12.7402685,56.9061193],[12.7402685,56.9197251],[12.7130568,56.9197251],[12.7130568,56.9469369],[12.6858451,56.9469369],[12.6858451,56.9741486],[12.6722393,56.9741486],[12.6722393,56.9877544],[12.6586334,56.9877544],[12.6586334,57.0013603],[12.6178159,57.0013603],[12.6178159,57.028572],[12.60421,57.028572],[12.60421,57.0557837],[12.5906042,57.0557837],[12.5906042,57.0693895],[12.5769983,57.0693895],[12.5769983,57.0829954],[12.5633925,57.0829954],[12.5633925,57.0966012],[12.5497866,57.0966012],[12.5497866,57.1102071],[12.5361808,57.1102071],[12.5361808,57.0966012],[12.5225749,57.0966012],[12.5225749,57.1102071],[12.4681515,57.1102071],[12.4681515,57.1374188],[12.4817573,57.1374188],[12.4817573,57.1510246],[12.4953632,57.1510246],[12.4953632,57.1646305],[12.4817573,57.1646305],[12.4817573,57.1782364],[12.4681515,57.1782364],[12.4681515,57.2190539],[12.4273339,57.2190539],[12.4273339,57.2326598],[12.4001222,57.2326598],[12.4001222,57.2598715],[12.3865164,57.2598715],[12.3865164,57.300689],[12.3729105,57.300689],[12.3729105,57.3142949],[12.3456988,57.3142949],[12.3456988,57.3279007],[12.3184871,57.3279007],[12.3184871,57.3415066],[12.2912754,57.3415066],[12.2912754,57.4367476],[12.2504578,57.4367476],[12.2504578,57.4503534],[12.2232461,57.4503534],[12.2232461,57.4639593],[12.1960344,57.4639593],[12.1960344,57.4775651],[12.1552169,57.4775651],[12.1552169,57.491171],[12.1688227,57.491171],[12.1688227,57.5047768],[12.1552169,57.5047768],[12.1552169,57.5183827],[12.141611,57.5183827],[12.141611,57.5319885],[12.1143993,57.5319885],[12.1143993,57.5455944],[12.0871876,57.5455944],[12.0871876,57.5592002],[12.0327642,57.5592002],[12.0327642,57.5728061],[12.0191583,57.5728061],[12.0191583,57.586412],[12.0327642,57.586412],[12.0327642,57.6000178],[12.04637,57.6000178],[12.04637,57.6272295],[12.0599759,57.6272295],[12.0599759,57.6408354],[12.0327642,57.6408354],[12.0327642,57.6544412],[12.0191583,57.6544412],[12.0191583,57.6952588],[12.0055525,57.6952588],[12.0055525,57.7088646],[11.9919466,57.7088646],[11.9919466,57.7224705],[11.9783408,57.7224705],[11.9783408,57.7360763],[11.9375232,57.7360763],[11.9375232,57.763288],[11.9239174,57.763288],[11.9239174,57.7768939],[11.9511291,57.7768939],[11.9511291,57.8041056],[11.9375232,57.8041056],[11.9375232,57.8449232],[11.9239174,57.8449232],[11.9239174,57.858529],[11.8830998,57.858529],[11.8830998,57.8721349],[11.8694939,57.8721349],[11.8694939,57.8857407],[11.8830998,57.8857407],[11.8830998,57.8993466],[11.9375232,57.8993466],[11.9375232,57.9129524],[11.9647349,57.9129524],[11.9647349,57.9265583],[11.9919466,57.9265583],[11.9919466,57.9945875],[11.9783408,57.9945875],[11.9783408,58.0081934],[11.9647349,58.0081934],[11.9647349,58.0354051],[11.9919466,58.0354051],[11.9919466,58.049011],[12.0191583,58.049011],[12.0191583,58.0762227],[12.0055525,58.0762227],[12.0055525,58.0898285],[12.0191583,58.0898285],[12.0191583,58.1306461],[11.9919466,58.1306461],[11.9919466,58.1442519],[11.9783408,58.1442519],[11.9783408,58.1714636],[12.0055525,58.1714636],[12.0055525,58.1850695],[11.9919466,58.1850695],[11.9919466,58.1986753],[12.0055525,58.1986753],[12.0055525,58.2530988],[11.9919466,58.2530988],[11.9919466,58.2667046],[11.9783408,58.2667046],[11.9783408,58.3075222],[12.0055525,58.3075222],[12.0055525,58.321128],[12.0191583,58.321128],[12.0191583,58.3755514],[11.9919466,58.3755514],[11.9919466,58.4027631],[11.9647349,58.4027631],[11.9647349,58.416369],[11.9103115,58.416369],[11.9103115,58.4299749],[11.8558881,58.4299749],[11.8558881,58.4435807],[11.8150705,58.4435807],[11.8150705,58.4707924],[11.7878588,58.4707924],[11.7878588,58.4843983],[11.6926179,58.4843983],[11.6926179,58.4707924],[11.6654061,58.4707924],[11.6654061,58.4571866],[11.6245886,58.4571866],[11.6245886,58.4435807],[11.5701652,58.4435807],[11.5701652,58.4707924],[11.5429535,58.4707924],[11.5429535,58.4843983],[11.5293476,58.4843983],[11.5293476,58.51161],[11.5157418,58.51161],[11.5157418,58.5252158],[11.5293476,58.5252158],[11.5293476,58.5660334],[11.5157418,58.5660334],[11.5157418,58.5932451],[11.5021359,58.5932451],[11.5021359,58.6340626],[11.4885301,58.6340626],[11.4885301,58.6748802],[11.4477125,58.6748802],[11.4477125,58.7156978],[11.4341066,58.7156978],[11.4341066,58.7293036],[11.4477125,58.7293036],[11.4477125,58.7701212],[11.4205008,58.7701212],[11.4205008,58.8245446],[11.4068949,58.8245446],[11.4068949,58.8653622],[11.3796832,58.8653622],[11.3796832,58.878968],[11.3524715,58.878968],[11.3524715,58.9061797],[11.3388657,58.9061797],[11.3388657,58.9606031],[11.311654,58.9606031],[11.311654,58.9878148],[11.2844423,58.9878148],[11.2844423,59.0014207],[11.2572305,59.0014207],[11.2572305,59.0150265],[11.2708364,59.0150265],[11.2708364,59.0966617],[11.2572305,59.0966617],[11.2572305,59.1102675],[11.216413,59.1102675],[11.216413,59.1238734],[11.1892013,59.1238734],[11.1892013,59.1374792],[11.1619896,59.1374792]]]}},{"type":"Feature","properties":{"clumps":54},"geometry":{"type":"Polygon","coordinates":[[[14.2097007,59.1374792],[14.2097007,59.1238734],[14.1008539,59.1238734],[14.1008539,59.1102675],[14.087248,59.1102675],[14.087248,59.0966617],[14.0736422,59.0966617],[14.0736422,59.06945],[14.087248,59.06945],[14.087248,59.0150265],[14.1552773,59.0150265],[14.1552773,59.0014207],[14.1960948,59.0014207],[14.1960948,58.9878148],[14.27773,58.9878148],[14.27773,59.0014207],[14.3049417,59.0014207],[14.3049417,59.0150265],[14.3593651,59.0150265],[14.3593651,59.0422382],[14.3729709,59.0422382],[14.3729709,59.0558441],[14.3865768,59.0558441],[14.3865768,59.0830558],[14.3729709,59.0830558],[14.3729709,59.0966617],[14.3593651,59.0966617],[14.3593651,59.1102675],[14.3049417,59.1102675],[14.3049417,59.1238734],[14.2641241,59.1238734],[14.2641241,59.1374792],[14.2097007,59.1374792]]]}},{"type":"Feature","properties":{"clumps":55},"geometry":{"type":"Polygon","coordinates":[[[22.5773004,59.1238734],[22.5773004,59.1102675],[22.5636946,59.1102675],[22.5636946,59.0966617],[22.5364829,59.0966617],[22.5364829,59.0830558],[22.522877,59.0830558],[22.522877,59.0422382],[22.5092712,59.0422382],[22.5092712,59.0150265],[22.5500887,59.0150265],[22.5500887,59.0014207],[22.618118,59.0014207],[22.618118,58.9878148],[22.7405707,58.9878148],[22.7405707,58.9606031],[22.7541765,58.9606031],[22.7541765,58.9197856],[22.7813882,58.9197856],[22.7813882,58.9061797],[22.8222058,58.9061797],[22.8222058,58.8925739],[22.9718702,58.8925739],[22.9718702,58.9061797],[22.9990819,58.9061797],[22.9990819,58.9469973],[23.0126877,58.9469973],[23.0126877,58.9333914],[23.0262936,58.9333914],[23.0262936,58.974209],[23.0126877,58.974209],[23.0126877,58.9878148],[22.985476,58.9878148],[22.985476,59.0014207],[22.9718702,59.0014207],[22.9718702,59.0150265],[22.9310526,59.0150265],[22.9310526,59.0286324],[22.8085999,59.0286324],[22.8085999,59.0422382],[22.7949941,59.0422382],[22.7949941,59.0830558],[22.7813882,59.0830558],[22.7813882,59.0966617],[22.7541765,59.0966617],[22.7541765,59.1102675],[22.6317238,59.1102675],[22.6317238,59.1238734],[22.5773004,59.1238734]]]}},{"type":"Feature","properties":{"clumps":56},"geometry":{"type":"Polygon","coordinates":[[[12.7674803,59.0966617],[12.7674803,59.0830558],[12.7130568,59.0830558],[12.7130568,59.06945],[12.699451,59.06945],[12.699451,59.0558441],[12.6722393,59.0558441],[12.6722393,59.0150265],[12.6586334,59.0150265],[12.6586334,58.9878148],[12.6722393,58.9878148],[12.6722393,58.9606031],[12.6586334,58.9606031],[12.6586334,58.9469973],[12.6450276,58.9469973],[12.6450276,58.9333914],[12.6314217,58.9333914],[12.6314217,58.9061797],[12.6450276,58.9061797],[12.6450276,58.8925739],[12.6586334,58.8925739],[12.6586334,58.878968],[12.6722393,58.878968],[12.6722393,58.8653622],[12.7130568,58.8653622],[12.7130568,58.8517563],[12.7810861,58.8517563],[12.7810861,58.8653622],[12.8627212,58.8653622],[12.8627212,58.8925739],[12.8899329,58.8925739],[12.8899329,58.9606031],[12.8763271,58.9606031],[12.8763271,58.974209],[12.9035388,58.974209],[12.9035388,58.9878148],[12.9171446,58.9878148],[12.9171446,59.0150265],[12.9307505,59.0150265],[12.9307505,59.0558441],[12.9035388,59.0558441],[12.9035388,59.0830558],[12.8491154,59.0830558],[12.8491154,59.0966617],[12.7674803,59.0966617]]]}},{"type":"Feature","properties":{"clumps":57},"geometry":{"type":"Polygon","coordinates":[[[23.543316,59.06945],[23.543316,59.0558441],[23.5161043,59.0558441],[23.5161043,59.0422382],[23.4752867,59.0422382],[23.4752867,59.0150265],[23.4616809,59.0150265],[23.4616809,58.9878148],[23.4752867,58.9878148],[23.4752867,58.9606031],[23.4888926,58.9606031],[23.4888926,58.9469973],[23.6113453,58.9469973],[23.6113453,58.9333914],[23.638557,58.9333914],[23.638557,58.9469973],[23.7065862,58.9469973],[23.7065862,58.9606031],[23.7201921,58.9606031],[23.7201921,58.974209],[23.7337979,58.974209],[23.7337979,59.0150265],[23.7201921,59.0150265],[23.7201921,59.0422382],[23.6929804,59.0422382],[23.6929804,59.0558441],[23.6249511,59.0558441],[23.6249511,59.06945],[23.543316,59.06945]]]}},{"type":"Feature","properties":{"clumps":58},"geometry":{"type":"Polygon","coordinates":[[[29.2441685,59.0422382],[29.2441685,59.0150265],[29.2577743,59.0150265],[29.2577743,59.0014207],[29.2849861,59.0014207],[29.2849861,58.9878148],[29.2985919,58.9878148],[29.2985919,58.974209],[29.3121978,58.974209],[29.3121978,58.9606031],[29.3394095,58.9606031],[29.3394095,58.9469973],[29.3530153,58.9469973],[29.3530153,58.9333914],[29.380227,58.9333914],[29.380227,58.9197856],[29.3938329,58.9197856],[29.3938329,58.9061797],[29.4210446,58.9061797],[29.4210446,58.8925739],[29.4346504,58.8925739],[29.4346504,58.878968],[29.4618621,58.878968],[29.4618621,58.8653622],[29.475468,58.8653622],[29.475468,58.8517563],[29.5298914,58.8517563],[29.5298914,58.8653622],[29.5026797,58.8653622],[29.5026797,58.878968],[29.4890739,58.878968],[29.4890739,58.8925739],[29.4618621,58.8925739],[29.4618621,58.9061797],[29.4482563,58.9061797],[29.4482563,58.9197856],[29.4346504,58.9197856],[29.4346504,58.9333914],[29.4210446,58.9333914],[29.4210446,58.9469973],[29.3938329,58.9469973],[29.3938329,58.9606031],[29.3666212,58.9606031],[29.3666212,58.974209],[29.3530153,58.974209],[29.3530153,58.9878148],[29.3258036,58.9878148],[29.3258036,59.0014207],[29.3121978,59.0014207],[29.3121978,59.0150265],[29.2849861,59.0150265],[29.2849861,59.0286324],[29.2713802,59.0286324],[29.2713802,59.0422382],[29.2441685,59.0422382]]]}},{"type":"Feature","properties":{"clumps":59},"geometry":{"type":"Polygon","coordinates":[[[5.7740717,59.0286324],[5.7740717,59.0150265],[5.7196483,59.0150265],[5.7196483,59.0014207],[5.6924366,59.0014207],[5.6924366,58.9606031],[5.7060424,58.9606031],[5.7060424,58.9197856],[5.74686,58.9197856],[5.74686,58.9061797],[5.7740717,58.9061797],[5.7740717,58.8925739],[5.8693127,58.8925739],[5.8693127,58.9061797],[5.9101302,58.9061797],[5.9101302,58.9197856],[5.9237361,58.9197856],[5.9237361,58.9333914],[5.9509478,58.9333914],[5.9509478,58.9469973],[5.9373419,58.9469973],[5.9373419,58.9878148],[5.9101302,58.9878148],[5.9101302,59.0014207],[5.8965244,59.0014207],[5.8965244,59.0150265],[5.8693127,59.0150265],[5.8693127,59.0286324],[5.7740717,59.0286324]]]}},{"type":"Feature","properties":{"clumps":60},"geometry":{"type":"Polygon","coordinates":[[[28.5910875,59.0150265],[28.5910875,59.0014207],[28.6182992,59.0014207],[28.6182992,58.974209],[28.6727227,58.974209],[28.6727227,58.9469973],[28.6999344,58.9469973],[28.6999344,58.9333914],[28.7271461,58.9333914],[28.7271461,58.9197856],[28.7407519,58.9197856],[28.7407519,58.9061797],[28.7679636,58.9061797],[28.7679636,58.8925739],[28.7815695,58.8925739],[28.7815695,58.878968],[28.8087812,58.878968],[28.8087812,58.8653622],[28.822387,58.8653622],[28.822387,58.8517563],[28.8495988,58.8517563],[28.8495988,58.8381504],[28.8768105,58.8381504],[28.8768105,58.8245446],[28.8904163,58.8245446],[28.8904163,58.8109387],[28.9312339,58.8109387],[28.9312339,58.8245446],[28.917628,58.8245446],[28.917628,58.8381504],[28.9040222,58.8381504],[28.9040222,58.8517563],[28.8768105,58.8517563],[28.8768105,58.8653622],[28.8495988,58.8653622],[28.8495988,58.878968],[28.822387,58.878968],[28.822387,58.8925739],[28.7951753,58.8925739],[28.7951753,58.9197856],[28.7815695,58.9197856],[28.7815695,58.9333914],[28.7679636,58.9333914],[28.7679636,58.9469973],[28.7271461,58.9469973],[28.7271461,58.9606031],[28.6999344,58.9606031],[28.6999344,58.9878148],[28.6727227,58.9878148],[28.6727227,59.0014207],[28.645511,59.0014207],[28.645511,59.0150265],[28.5910875,59.0150265]]]}},{"type":"Feature","properties":{"clumps":61},"geometry":{"type":"Polygon","coordinates":[[[18.1417923,59.0014207],[18.1417923,58.9878148],[18.1145806,58.9878148],[18.1145806,58.974209],[18.0873689,58.974209],[18.0873689,58.9606031],[18.1009747,58.9606031],[18.1009747,58.9061797],[18.1145806,58.9061797],[18.1145806,58.8925739],[18.1417923,58.8925739],[18.1417923,58.878968],[18.2370332,58.878968],[18.2370332,58.8925739],[18.2778508,58.8925739],[18.2778508,58.9061797],[18.3186684,58.9061797],[18.3186684,58.9469973],[18.3322742,58.9469973],[18.3322742,58.9606031],[18.3186684,58.9606031],[18.3186684,58.974209],[18.3050625,58.974209],[18.3050625,58.9878148],[18.2778508,58.9878148],[18.2778508,59.0014207],[18.1417923,59.0014207]]]}},{"type":"Feature","properties":{"clumps":62},"geometry":{"type":"Polygon","coordinates":[[[22.1827307,59.0014207],[22.1827307,58.9878148],[22.1147014,58.9878148],[22.1147014,58.974209],[22.0874897,58.974209],[22.0874897,58.9606031],[22.060278,58.9606031],[22.060278,58.8925739],[22.0874897,58.8925739],[22.0874897,58.878968],[22.1419131,58.878968],[22.1419131,58.8653622],[22.2915775,58.8653622],[22.2915775,58.8517563],[22.3051834,58.8517563],[22.3051834,58.8381504],[22.3187892,58.8381504],[22.3187892,58.8245446],[22.3323951,58.8245446],[22.3323951,58.8109387],[22.3732126,58.8109387],[22.3732126,58.7973329],[22.4548477,58.7973329],[22.4548477,58.783727],[22.4684536,58.783727],[22.4684536,58.7701212],[22.4820594,58.7701212],[22.4820594,58.7429095],[22.4956653,58.7429095],[22.4956653,58.7156978],[22.5364829,58.7156978],[22.5364829,58.7020919],[22.618118,58.7020919],[22.618118,58.6884861],[22.6453297,58.6884861],[22.6453297,58.6748802],[22.618118,58.6748802],[22.618118,58.6612744],[22.5909063,58.6612744],[22.5909063,58.6476685],[22.5636946,58.6476685],[22.5636946,58.6340626],[22.5500887,58.6340626],[22.5500887,58.6204568],[22.4956653,58.6204568],[22.4956653,58.6068509],[22.4820594,58.6068509],[22.4820594,58.6204568],[22.4412419,58.6204568],[22.4412419,58.6068509],[22.427636,58.6068509],[22.427636,58.5932451],[22.4004243,58.5932451],[22.4004243,58.5796392],[22.3732126,58.5796392],[22.3732126,58.5388217],[22.3868185,58.5388217],[22.3868185,58.51161],[22.4004243,58.51161],[22.4004243,58.4980041],[22.4140302,58.4980041],[22.4140302,58.4707924],[22.427636,58.4707924],[22.427636,58.4571866],[22.3868185,58.4571866],[22.3868185,58.4707924],[22.3732126,58.4707924],[22.3732126,58.4843983],[22.3460009,58.4843983],[22.3460009,58.4980041],[22.3051834,58.4980041],[22.3051834,58.51161],[22.2643658,58.51161],[22.2643658,58.5252158],[22.2779716,58.5252158],[22.2779716,58.5524275],[22.2643658,58.5524275],[22.2643658,58.5660334],[22.2235482,58.5660334],[22.2235482,58.5796392],[22.2099424,58.5796392],[22.2099424,58.5932451],[22.0466721,58.5932451],[22.0466721,58.5796392],[22.0194604,58.5796392],[22.0194604,58.5660334],[21.9922487,58.5660334],[21.9922487,58.5388217],[21.9786429,58.5388217],[21.9786429,58.5252158],[21.8970078,58.5252158],[21.8970078,58.51161],[21.8153726,58.51161],[21.8153726,58.4980041],[21.7745551,58.4980041],[21.7745551,58.4843983],[21.7609492,58.4843983],[21.7609492,58.4299749],[21.7745551,58.4299749],[21.7745551,58.416369],[21.7881609,58.416369],[21.7881609,58.4027631],[21.8153726,58.4027631],[21.8153726,58.3891573],[21.9786429,58.3891573],[21.9786429,58.4027631],[22.0330663,58.4027631],[22.0330663,58.4299749],[22.0466721,58.4299749],[22.0466721,58.4571866],[22.1147014,58.4571866],[22.1147014,58.4435807],[22.1283073,58.4435807],[22.1283073,58.4299749],[22.1419131,58.4299749],[22.1419131,58.4027631],[22.1147014,58.4027631],[22.1147014,58.3891573],[22.060278,58.3891573],[22.060278,58.3755514],[22.0330663,58.3755514],[22.0330663,58.3619456],[22.0058546,58.3619456],[22.0058546,58.3483397],[21.9922487,58.3483397],[21.9922487,58.3347339],[22.0058546,58.3347339],[22.0058546,58.2939163],[22.0194604,58.2939163],[22.0194604,58.2803105],[22.060278,58.2803105],[22.060278,58.2667046],[22.0874897,58.2667046],[22.0874897,58.2530988],[22.1963365,58.2530988],[22.1963365,58.2394929],[22.1827307,58.2394929],[22.1827307,58.2258871],[22.1963365,58.2258871],[22.1963365,58.1850695],[22.2099424,58.1850695],[22.2099424,58.1714636],[22.2371541,58.1714636],[22.2371541,58.1578578],[22.2507599,58.1578578],[22.2507599,58.1442519],[22.4004243,58.1442519],[22.4004243,58.1578578],[22.4820594,58.1578578],[22.4820594,58.1442519],[22.522877,58.1442519],[22.522877,58.1306461],[22.5500887,58.1306461],[22.5500887,58.1442519],[22.6589355,58.1442519],[22.6589355,58.1578578],[22.6861472,58.1578578],[22.6861472,58.1850695],[22.6997531,58.1850695],[22.6997531,58.1986753],[22.713359,58.1986753],[22.713359,58.2122812],[22.7269648,58.2122812],[22.7269648,58.2258871],[22.713359,58.2258871],[22.713359,58.2394929],[22.6997531,58.2394929],[22.6997531,58.2530988],[22.6453297,58.2530988],[22.6453297,58.2667046],[22.5909063,58.2667046],[22.5909063,58.2803105],[22.5500887,58.2803105],[22.5500887,58.2667046],[22.4140302,58.2667046],[22.4140302,58.2803105],[22.3051834,58.2803105],[22.3051834,58.3075222],[22.2915775,58.3075222],[22.2915775,58.3483397],[22.3051834,58.3483397],[22.3051834,58.3619456],[22.3323951,58.3619456],[22.3323951,58.3755514],[22.3596068,58.3755514],[22.3596068,58.3891573],[22.4004243,58.3891573],[22.4004243,58.416369],[22.4548477,58.416369],[22.4548477,58.4027631],[22.4956653,58.4027631],[22.4956653,58.3891573],[22.618118,58.3891573],[22.618118,58.3755514],[22.6453297,58.3755514],[22.6453297,58.3619456],[22.6589355,58.3619456],[22.6589355,58.3483397],[22.6725414,58.3483397],[22.6725414,58.3347339],[22.6997531,58.3347339],[22.6997531,58.321128],[22.8494175,58.321128],[22.8494175,58.3075222],[22.890235,58.3075222],[22.890235,58.321128],[22.9038409,58.321128],[22.9038409,58.3347339],[22.9174468,58.3347339],[22.9174468,58.3483397],[22.9446585,58.3483397],[22.9446585,58.3755514],[22.9310526,58.3755514],[22.9310526,58.4027631],[22.9174468,58.4027631],[22.9174468,58.416369],[22.890235,58.416369],[22.890235,58.4299749],[22.8630233,58.4299749],[22.8630233,58.4707924],[22.8766292,58.4707924],[22.8766292,58.5252158],[22.8630233,58.5252158],[22.8630233,58.5388217],[22.8494175,58.5388217],[22.8494175,58.5524275],[22.8358116,58.5524275],[22.8358116,58.5660334],[22.8222058,58.5660334],[22.8222058,58.5796392],[22.8358116,58.5796392],[22.8358116,58.6068509],[22.8494175,58.6068509],[22.8494175,58.6476685],[22.8222058,58.6476685],[22.8222058,58.6612744],[22.7813882,58.6612744],[22.7813882,58.6748802],[22.6861472,58.6748802],[22.6861472,58.7020919],[22.713359,58.7020919],[22.713359,58.7156978],[22.7269648,58.7156978],[22.7269648,58.7293036],[22.7541765,58.7293036],[22.7541765,58.7701212],[22.7677824,58.7701212],[22.7677824,58.783727],[22.7541765,58.783727],[22.7541765,58.7973329],[22.7405707,58.7973329],[22.7405707,58.8109387],[22.7269648,58.8109387],[22.7269648,58.8245446],[22.6997531,58.8245446],[22.6997531,58.8381504],[22.5909063,58.8381504],[22.5909063,58.8517563],[22.5773004,58.8517563],[22.5773004,58.8925739],[22.5500887,58.8925739],[22.5500887,58.9061797],[22.522877,58.9061797],[22.522877,58.9197856],[22.4684536,58.9197856],[22.4684536,58.9333914],[22.4004243,58.9333914],[22.4004243,58.9197856],[22.3732126,58.9197856],[22.3732126,58.9333914],[22.3460009,58.9333914],[22.3460009,58.9469973],[22.3323951,58.9469973],[22.3323951,58.974209],[22.3051834,58.974209],[22.3051834,58.9878148],[22.1963365,58.9878148],[22.1963365,59.0014207],[22.1827307,59.0014207]]]}},{"type":"Feature","properties":{"clumps":63},"geometry":{"type":"Polygon","coordinates":[[[9.5837106,58.974209],[9.5837106,58.9606031],[9.5292872,58.9606031],[9.5292872,58.9469973],[9.5156813,58.9469973],[9.5156813,58.9333914],[9.4884696,58.9333914],[9.4884696,58.9197856],[9.4748638,58.9197856],[9.4748638,58.8925739],[9.4884696,58.8925739],[9.4884696,58.8653622],[9.5156813,58.8653622],[9.5156813,58.8517563],[9.542893,58.8517563],[9.542893,58.8381504],[9.5973165,58.8381504],[9.5973165,58.8517563],[9.7061633,58.8517563],[9.7061633,58.8653622],[9.7469808,58.8653622],[9.7469808,58.878968],[9.7605867,58.878968],[9.7605867,58.9061797],[9.7469808,58.9061797],[9.7469808,58.9469973],[9.7197691,58.9469973],[9.7197691,58.974209],[9.5837106,58.974209]]]}},{"type":"Feature","properties":{"clumps":64},"geometry":{"type":"Polygon","coordinates":[[[29.0264748,58.9606031],[29.0264748,58.9333914],[29.0536865,58.9333914],[29.0536865,58.9197856],[29.0672924,58.9197856],[29.0672924,58.9061797],[29.0945041,58.9061797],[29.0945041,58.8925739],[29.10811,58.8925739],[29.10811,58.878968],[29.1217158,58.878968],[29.1217158,58.8653622],[29.1489275,58.8653622],[29.1489275,58.8517563],[29.1625334,58.8517563],[29.1625334,58.8381504],[29.1897451,58.8381504],[29.1897451,58.8245446],[29.2033509,58.8245446],[29.2033509,58.8109387],[29.2305626,58.8109387],[29.2305626,58.7973329],[29.2441685,58.7973329],[29.2441685,58.783727],[29.2713802,58.783727],[29.2713802,58.7701212],[29.2985919,58.7701212],[29.2985919,58.7429095],[29.3258036,58.7429095],[29.3258036,58.7293036],[29.3394095,58.7293036],[29.3394095,58.7156978],[29.3666212,58.7156978],[29.3666212,58.7020919],[29.380227,58.7020919],[29.380227,58.6884861],[29.4074387,58.6884861],[29.4074387,58.6748802],[29.4210446,58.6748802],[29.4210446,58.6612744],[29.475468,58.6612744],[29.475468,58.6748802],[29.4618621,58.6748802],[29.4618621,58.6884861],[29.4346504,58.6884861],[29.4346504,58.7020919],[29.4074387,58.7020919],[29.4074387,58.7293036],[29.380227,58.7293036],[29.380227,58.7429095],[29.3666212,58.7429095],[29.3666212,58.7565153],[29.3394095,58.7565153],[29.3394095,58.7701212],[29.3258036,58.7701212],[29.3258036,58.783727],[29.2985919,58.783727],[29.2985919,58.7973329],[29.2713802,58.7973329],[29.2713802,58.8109387],[29.2441685,58.8109387],[29.2441685,58.8245446],[29.2305626,58.8245446],[29.2305626,58.8517563],[29.2033509,58.8517563],[29.2033509,58.8653622],[29.1897451,58.8653622],[29.1897451,58.878968],[29.1489275,58.878968],[29.1489275,58.8925739],[29.1353217,58.8925739],[29.1353217,58.9061797],[29.1217158,58.9061797],[29.1217158,58.9197856],[29.0808983,58.9197856],[29.0808983,58.9469973],[29.0536865,58.9469973],[29.0536865,58.9606031],[29.0264748,58.9606031]]]}},{"type":"Feature","properties":{"clumps":65},"geometry":{"type":"MultiPolygon","coordinates":[[[[29.6931616,58.9606031],[29.6931616,58.9469973],[29.7067675,58.9469973],[29.7067675,58.9333914],[29.7203734,58.9333914],[29.7203734,58.9197856],[29.7475851,58.9197856],[29.7475851,58.9061797],[29.7611909,58.9061797],[29.7611909,58.8925739],[29.7747968,58.8925739],[29.7747968,58.878968],[29.8156143,58.878968],[29.8156143,58.8653622],[29.8292202,58.8653622],[29.8292202,58.8517563],[29.8564319,58.8517563],[29.8564319,58.8381504],[29.8700377,58.8381504],[29.8700377,58.8245446],[29.8972494,58.8245446],[29.8972494,58.8109387],[29.9244612,58.8109387],[29.9244612,58.8381504],[29.9108553,58.8381504],[29.9108553,58.8517563],[29.8972494,58.8517563],[29.8972494,58.8653622],[29.8564319,58.8653622],[29.8564319,58.878968],[29.842826,58.878968],[29.842826,58.8925739],[29.8292202,58.8925739],[29.8292202,58.9061797],[29.8020085,58.9061797],[29.8020085,58.9197856],[29.7884026,58.9197856],[29.7884026,58.9333914],[29.7611909,58.9333914],[29.7611909,58.9469973],[29.7339792,58.9469973],[29.7339792,58.9606031],[29.6931616,58.9606031]]],[[[29.9244612,58.8109387],[29.9244612,58.7973329],[29.938067,58.7973329],[29.938067,58.783727],[29.9516729,58.783727],[29.9516729,58.7565153],[29.9788846,58.7565153],[29.9788846,58.7429095],[29.9924904,58.7429095],[29.9924904,58.7293036],[30.0197021,58.7293036],[30.0197021,58.7156978],[30.033308,58.7156978],[30.033308,58.7020919],[30.0741255,58.7020919],[30.0741255,58.6884861],[30.0877314,58.6884861],[30.0877314,58.6748802],[30.128549,58.6748802],[30.128549,58.6476685],[30.1557607,58.6476685],[30.1557607,58.6340626],[30.1693665,58.6340626],[30.1693665,58.6204568],[30.2373958,58.6204568],[30.2373958,58.6340626],[30.2237899,58.6340626],[30.2237899,58.6476685],[30.2101841,58.6476685],[30.2101841,58.6612744],[30.1693665,58.6612744],[30.1693665,58.6748802],[30.1557607,58.6748802],[30.1557607,58.6884861],[30.128549,58.6884861],[30.128549,58.7020919],[30.1149431,58.7020919],[30.1149431,58.7156978],[30.1013372,58.7156978],[30.1013372,58.7293036],[30.0605197,58.7293036],[30.0605197,58.7429095],[30.0469138,58.7429095],[30.0469138,58.7565153],[30.033308,58.7565153],[30.033308,58.7701212],[30.0197021,58.7701212],[30.0197021,58.783727],[29.9788846,58.783727],[29.9788846,58.7973329],[29.9516729,58.7973329],[29.9516729,58.8109387],[29.9244612,58.8109387]]]]}},{"type":"Feature","properties":{"clumps":66},"geometry":{"type":"Polygon","coordinates":[[[30.0605197,58.9469973],[30.0605197,58.9197856],[30.0877314,58.9197856],[30.0877314,58.9061797],[30.1013372,58.9061797],[30.1013372,58.8925739],[30.128549,58.8925739],[30.128549,58.878968],[30.1421548,58.878968],[30.1421548,58.8653622],[30.1693665,58.8653622],[30.1693665,58.8517563],[30.1965782,58.8517563],[30.1965782,58.8381504],[30.2237899,58.8381504],[30.2237899,58.8109387],[30.2510016,58.8109387],[30.2510016,58.7973329],[30.2782133,58.7973329],[30.2782133,58.783727],[30.305425,58.783727],[30.305425,58.7701212],[30.3190309,58.7701212],[30.3190309,58.7565153],[30.3462426,58.7565153],[30.3462426,58.7429095],[30.3598485,58.7429095],[30.3598485,58.7293036],[30.3870602,58.7293036],[30.3870602,58.7156978],[30.400666,58.7156978],[30.400666,58.7020919],[30.4142719,58.7020919],[30.4142719,58.6884861],[30.4414836,58.6884861],[30.4414836,58.6748802],[30.4550894,58.6748802],[30.4550894,58.6612744],[30.4823011,58.6612744],[30.4823011,58.6476685],[30.495907,58.6476685],[30.495907,58.6340626],[30.5231187,58.6340626],[30.5231187,58.6068509],[30.5503304,58.6068509],[30.5503304,58.5932451],[30.5775421,58.5932451],[30.5775421,58.5796392],[30.6047538,58.5796392],[30.6047538,58.6068509],[30.591148,58.6068509],[30.591148,58.6204568],[30.5639363,58.6204568],[30.5639363,58.6340626],[30.5503304,58.6340626],[30.5503304,58.6476685],[30.5095128,58.6476685],[30.5095128,58.6612744],[30.495907,58.6612744],[30.495907,58.6884861],[30.4823011,58.6884861],[30.4823011,58.7020919],[30.4550894,58.7020919],[30.4550894,58.7156978],[30.4278777,58.7156978],[30.4278777,58.7293036],[30.4142719,58.7293036],[30.4142719,58.7429095],[30.3870602,58.7429095],[30.3870602,58.7565153],[30.3598485,58.7565153],[30.3598485,58.7701212],[30.3326368,58.7701212],[30.3326368,58.7973329],[30.305425,58.7973329],[30.305425,58.8109387],[30.2918192,58.8109387],[30.2918192,58.8245446],[30.2646075,58.8245446],[30.2646075,58.8381504],[30.2510016,58.8381504],[30.2510016,58.8517563],[30.2237899,58.8517563],[30.2237899,58.8653622],[30.2101841,58.8653622],[30.2101841,58.878968],[30.1829724,58.878968],[30.1829724,58.8925739],[30.1557607,58.8925739],[30.1557607,58.9061797],[30.1421548,58.9061797],[30.1421548,58.9197856],[30.1149431,58.9197856],[30.1149431,58.9333914],[30.1013372,58.9333914],[30.1013372,58.9469973],[30.0605197,58.9469973]]]}},{"type":"Feature","properties":{"clumps":67},"geometry":{"type":"Polygon","coordinates":[[[31.3938933,58.9469973],[31.3938933,58.9333914],[31.3802874,58.9333914],[31.3802874,58.9197856],[31.3938933,58.9197856],[31.3938933,58.9061797],[31.4347109,58.9061797],[31.4347109,58.8925739],[31.4483167,58.8925739],[31.4483167,58.878968],[31.4755284,58.878968],[31.4755284,58.8653622],[31.4891343,58.8653622],[31.4891343,58.8517563],[31.516346,58.8517563],[31.516346,58.8245446],[31.5299518,58.8245446],[31.5299518,58.8109387],[31.5435577,58.8109387],[31.5435577,58.7973329],[31.5707694,58.7973329],[31.5707694,58.783727],[31.5979811,58.783727],[31.5979811,58.7701212],[31.6251928,58.7701212],[31.6251928,58.7973329],[31.611587,58.7973329],[31.611587,58.8245446],[31.5843752,58.8245446],[31.5843752,58.8381504],[31.5571635,58.8381504],[31.5571635,58.8517563],[31.5435577,58.8517563],[31.5435577,58.8653622],[31.5027401,58.8653622],[31.5027401,58.878968],[31.4891343,58.878968],[31.4891343,58.8925739],[31.4619226,58.8925739],[31.4619226,58.9197856],[31.4347109,58.9197856],[31.4347109,58.9333914],[31.421105,58.9333914],[31.421105,58.9469973],[31.3938933,58.9469973]]]}},{"type":"Feature","properties":{"clumps":68},"geometry":{"type":"Polygon","coordinates":[[[13.5158022,58.9061797],[13.5158022,58.8925739],[13.4885905,58.8925739],[13.4885905,58.878968],[13.4749846,58.878968],[13.4749846,58.8653622],[13.4613788,58.8653622],[13.4613788,58.8517563],[13.4477729,58.8517563],[13.4477729,58.8381504],[13.4341671,58.8381504],[13.4341671,58.8245446],[13.4477729,58.8245446],[13.4477729,58.8109387],[13.4613788,58.8109387],[13.4613788,58.7973329],[13.4749846,58.7973329],[13.4749846,58.783727],[13.4885905,58.783727],[13.4885905,58.7701212],[13.7471017,58.7701212],[13.7471017,58.7565153],[13.7879192,58.7565153],[13.7879192,58.7429095],[13.815131,58.7429095],[13.815131,58.7565153],[13.8287368,58.7565153],[13.8287368,58.7293036],[13.8559485,58.7293036],[13.8559485,58.7429095],[13.9103719,58.7429095],[13.9103719,58.7565153],[13.9375836,58.7565153],[13.9375836,58.7701212],[13.9647953,58.7701212],[13.9647953,58.783727],[13.992007,58.783727],[13.992007,58.8381504],[13.9647953,58.8381504],[13.9647953,58.8517563],[13.9375836,58.8517563],[13.9375836,58.8653622],[13.8967661,58.8653622],[13.8967661,58.878968],[13.7879192,58.878968],[13.7879192,58.8653622],[13.71989,58.8653622],[13.71989,58.878968],[13.6926783,58.878968],[13.6926783,58.8925739],[13.6518607,58.8925739],[13.6518607,58.9061797],[13.5158022,58.9061797]]]}},{"type":"Feature","properties":{"clumps":69},"geometry":{"type":"MultiPolygon","coordinates":[[[[30.4823011,58.9061797],[30.4823011,58.878968],[30.5095128,58.878968],[30.5095128,58.8653622],[30.5231187,58.8653622],[30.5231187,58.8517563],[30.5367245,58.8517563],[30.5367245,58.8381504],[30.5639363,58.8381504],[30.5639363,58.8245446],[30.591148,58.8245446],[30.591148,58.7973329],[30.6319655,58.7973329],[30.6319655,58.783727],[30.6455714,58.783727],[30.6455714,58.8109387],[30.6183597,58.8109387],[30.6183597,58.8381504],[30.591148,58.8381504],[30.591148,58.8517563],[30.5639363,58.8517563],[30.5639363,58.8653622],[30.5503304,58.8653622],[30.5503304,58.878968],[30.5367245,58.878968],[30.5367245,58.8925739],[30.5231187,58.8925739],[30.5231187,58.9061797],[30.4823011,58.9061797]]],[[[30.6455714,58.783727],[30.6455714,58.7565153],[30.6591772,58.7565153],[30.6591772,58.7429095],[30.6863889,58.7429095],[30.6863889,58.7293036],[30.7272065,58.7293036],[30.7272065,58.7565153],[30.6999948,58.7565153],[30.6999948,58.7701212],[30.6863889,58.7701212],[30.6863889,58.783727],[30.6455714,58.783727]]]]}},{"type":"Feature","properties":{"clumps":70},"geometry":{"type":"Polygon","coordinates":[[[30.7952358,58.9061797],[30.7952358,58.8925739],[30.8088416,58.8925739],[30.8088416,58.878968],[30.8360533,58.878968],[30.8360533,58.8653622],[30.8496592,58.8653622],[30.8496592,58.8517563],[30.8768709,58.8517563],[30.8768709,58.8381504],[30.8904767,58.8381504],[30.8904767,58.8245446],[30.9040826,58.8245446],[30.9040826,58.8109387],[30.9312943,58.8109387],[30.9312943,58.7973329],[30.9449001,58.7973329],[30.9449001,58.783727],[30.9721119,58.783727],[30.9721119,58.7565153],[30.9993236,58.7565153],[30.9993236,58.7293036],[31.0401411,58.7293036],[31.0401411,58.7156978],[31.053747,58.7156978],[31.053747,58.7020919],[31.0809587,58.7020919],[31.0809587,58.6884861],[31.0945645,58.6884861],[31.0945645,58.6748802],[31.1081704,58.6748802],[31.1081704,58.6612744],[31.1353821,58.6612744],[31.1353821,58.6340626],[31.1898055,58.6340626],[31.1898055,58.6476685],[31.1761996,58.6476685],[31.1761996,58.6612744],[31.1625938,58.6612744],[31.1625938,58.6748802],[31.1353821,58.6748802],[31.1353821,58.6884861],[31.1081704,58.6884861],[31.1081704,58.7156978],[31.0809587,58.7156978],[31.0809587,58.7293036],[31.0673528,58.7293036],[31.0673528,58.7429095],[31.053747,58.7429095],[31.053747,58.7565153],[31.0265353,58.7565153],[31.0265353,58.7701212],[30.9993236,58.7701212],[30.9993236,58.783727],[30.9857177,58.783727],[30.9857177,58.8109387],[30.958506,58.8109387],[30.958506,58.8245446],[30.9312943,58.8245446],[30.9312943,58.8381504],[30.9176884,58.8381504],[30.9176884,58.8517563],[30.9040826,58.8517563],[30.9040826,58.8653622],[30.8768709,58.8653622],[30.8768709,58.8925739],[30.8496592,58.8925739],[30.8496592,58.9061797],[30.7952358,58.9061797]]]}},{"type":"Feature","properties":{"clumps":71},"geometry":{"type":"Polygon","coordinates":[[[14.8627816,58.8925739],[14.8627816,58.878968],[14.8083582,58.878968],[14.8083582,58.8653622],[14.7675407,58.8653622],[14.7675407,58.8517563],[14.740329,58.8517563],[14.740329,58.7701212],[14.7267231,58.7701212],[14.7267231,58.7565153],[14.6995114,58.7565153],[14.6995114,58.7429095],[14.6859056,58.7429095],[14.6859056,58.7293036],[14.6586939,58.7293036],[14.6586939,58.7156978],[14.6722997,58.7156978],[14.6722997,58.7020919],[14.6586939,58.7020919],[14.6586939,58.6748802],[14.6722997,58.6748802],[14.6722997,58.6612744],[14.6995114,58.6612744],[14.6995114,58.6476685],[14.8899934,58.6476685],[14.8899934,58.6612744],[14.9308109,58.6612744],[14.9308109,58.6748802],[14.9172051,58.6748802],[14.9172051,58.6884861],[14.9308109,58.6884861],[14.9308109,58.7156978],[14.9172051,58.7156978],[14.9172051,58.7565153],[14.9444168,58.7565153],[14.9444168,58.7701212],[14.9852343,58.7701212],[14.9852343,58.783727],[14.9988402,58.783727],[14.9988402,58.7973329],[15.012446,58.7973329],[15.012446,58.8109387],[15.0260519,58.8109387],[15.0260519,58.8381504],[15.012446,58.8381504],[15.012446,58.8517563],[14.9852343,58.8517563],[14.9852343,58.8653622],[14.9716285,58.8653622],[14.9716285,58.878968],[14.9444168,58.878968],[14.9444168,58.8925739],[14.8627816,58.8925739]]]}},{"type":"Feature","properties":{"clumps":72},"geometry":{"type":"Polygon","coordinates":[[[17.7880401,58.8925739],[17.7880401,58.878968],[17.7608284,58.878968],[17.7608284,58.8653622],[17.7200108,58.8653622],[17.7200108,58.8517563],[17.6655874,58.8517563],[17.6655874,58.8381504],[17.6519816,58.8381504],[17.6519816,58.7973329],[17.6655874,58.7973329],[17.6655874,58.783727],[17.706405,58.783727],[17.706405,58.7565153],[17.7608284,58.7565153],[17.7608284,58.7429095],[17.8424635,58.7429095],[17.8424635,58.7565153],[17.9104928,58.7565153],[17.9104928,58.7701212],[17.9377045,58.7701212],[17.9377045,58.783727],[17.9513103,58.783727],[17.9513103,58.8245446],[17.9377045,58.8245446],[17.9377045,58.8517563],[17.9240986,58.8517563],[17.9240986,58.8653622],[17.9104928,58.8653622],[17.9104928,58.878968],[17.8288576,58.878968],[17.8288576,58.8925739],[17.7880401,58.8925739]]]}},{"type":"Feature","properties":{"clumps":73},"geometry":{"type":"Polygon","coordinates":[[[17.4478938,58.878968],[17.4478938,58.8653622],[17.3254411,58.8653622],[17.3254411,58.8517563],[17.3118352,58.8517563],[17.3118352,58.8381504],[17.2982294,58.8381504],[17.2982294,58.8245446],[17.2846235,58.8245446],[17.2846235,58.7565153],[17.3118352,58.7565153],[17.3118352,58.7429095],[17.4751055,58.7429095],[17.4751055,58.7565153],[17.4887113,58.7565153],[17.4887113,58.7701212],[17.515923,58.7701212],[17.515923,58.783727],[17.5431347,58.783727],[17.5431347,58.7973329],[17.5295289,58.7973329],[17.5295289,58.8109387],[17.5431347,58.8109387],[17.5431347,58.8245446],[17.5567406,58.8245446],[17.5567406,58.8381504],[17.5431347,58.8381504],[17.5431347,58.8517563],[17.515923,58.8517563],[17.515923,58.8653622],[17.4614996,58.8653622],[17.4614996,58.878968],[17.4478938,58.878968]]]}},{"type":"Feature","properties":{"clumps":74},"geometry":{"type":"Polygon","coordinates":[[[23.0671111,58.8653622],[23.0671111,58.8517563],[23.0262936,58.8517563],[23.0262936,58.8381504],[23.0126877,58.8381504],[23.0126877,58.8109387],[22.9990819,58.8109387],[22.9990819,58.7973329],[23.0126877,58.7973329],[23.0126877,58.783727],[22.9990819,58.783727],[22.9990819,58.7565153],[23.0126877,58.7565153],[23.0126877,58.7429095],[23.0262936,58.7429095],[23.0262936,58.7293036],[23.0943228,58.7293036],[23.0943228,58.7156978],[23.2303814,58.7156978],[23.2303814,58.7293036],[23.2439872,58.7293036],[23.2439872,58.7429095],[23.2575931,58.7429095],[23.2575931,58.8245446],[23.2303814,58.8245446],[23.2303814,58.8381504],[23.2167755,58.8381504],[23.2167755,58.8517563],[23.1895638,58.8517563],[23.1895638,58.8653622],[23.0671111,58.8653622]]]}},{"type":"Feature","properties":{"clumps":75},"geometry":{"type":"Polygon","coordinates":[[[9.2027467,58.8109387],[9.2027467,58.7973329],[9.1483233,58.7973329],[9.1483233,58.783727],[9.1347174,58.783727],[9.1347174,58.7701212],[9.1211116,58.7701212],[9.1211116,58.7429095],[9.1347174,58.7429095],[9.1347174,58.7020919],[9.175535,58.7020919],[9.175535,58.6884861],[9.2027467,58.6884861],[9.2027467,58.6748802],[9.2299584,58.6748802],[9.2299584,58.6884861],[9.2979877,58.6884861],[9.2979877,58.7020919],[9.366017,58.7020919],[9.366017,58.7156978],[9.3796228,58.7156978],[9.3796228,58.7293036],[9.3932287,58.7293036],[9.3932287,58.7565153],[9.4068345,58.7565153],[9.4068345,58.783727],[9.3796228,58.783727],[9.3796228,58.7973329],[9.3524111,58.7973329],[9.3524111,58.8109387],[9.2027467,58.8109387]]]}},{"type":"Feature","properties":{"clumps":76},"geometry":{"type":"Polygon","coordinates":[[[28.5910875,58.7973329],[28.5910875,58.783727],[28.6046934,58.783727],[28.6046934,58.7701212],[28.6319051,58.7701212],[28.6319051,58.7565153],[28.645511,58.7565153],[28.645511,58.7429095],[28.6727227,58.7429095],[28.6727227,58.7156978],[28.7407519,58.7156978],[28.7407519,58.7293036],[28.7135402,58.7293036],[28.7135402,58.7429095],[28.6999344,58.7429095],[28.6999344,58.7565153],[28.6727227,58.7565153],[28.6727227,58.7701212],[28.645511,58.7701212],[28.645511,58.783727],[28.6182992,58.783727],[28.6182992,58.7973329],[28.5910875,58.7973329]]]}},{"type":"Feature","properties":{"clumps":77},"geometry":{"type":"Polygon","coordinates":[[[31.2986523,58.7701212],[31.2986523,58.7429095],[31.325864,58.7429095],[31.325864,58.7293036],[31.3394699,58.7293036],[31.3394699,58.7156978],[31.3530757,58.7156978],[31.3530757,58.7020919],[31.3802874,58.7020919],[31.3802874,58.6884861],[31.3938933,58.6884861],[31.3938933,58.6748802],[31.421105,58.6748802],[31.421105,58.6612744],[31.4483167,58.6612744],[31.4483167,58.6476685],[31.4619226,58.6476685],[31.4619226,58.6340626],[31.4755284,58.6340626],[31.4755284,58.6476685],[31.4891343,58.6476685],[31.4891343,58.6612744],[31.4755284,58.6612744],[31.4755284,58.6884861],[31.4483167,58.6884861],[31.4483167,58.7020919],[31.421105,58.7020919],[31.421105,58.7156978],[31.3938933,58.7156978],[31.3938933,58.7293036],[31.3666816,58.7293036],[31.3666816,58.7429095],[31.3530757,58.7429095],[31.3530757,58.7565153],[31.325864,58.7565153],[31.325864,58.7701212],[31.2986523,58.7701212]]]}},{"type":"Feature","properties":{"clumps":78},"geometry":{"type":"Polygon","coordinates":[[[29.6659499,58.7565153],[29.6659499,58.7293036],[29.6931616,58.7293036],[29.6931616,58.7156978],[29.7203734,58.7156978],[29.7203734,58.6884861],[29.7475851,58.6884861],[29.7475851,58.6748802],[29.7611909,58.6748802],[29.7611909,58.6612744],[29.7884026,58.6612744],[29.7884026,58.6476685],[29.8020085,58.6476685],[29.8020085,58.6340626],[29.8564319,58.6340626],[29.8564319,58.6476685],[29.842826,58.6476685],[29.842826,58.6748802],[29.8156143,58.6748802],[29.8156143,58.6884861],[29.8020085,58.6884861],[29.8020085,58.7020919],[29.7611909,58.7020919],[29.7611909,58.7156978],[29.7475851,58.7156978],[29.7475851,58.7293036],[29.7203734,58.7293036],[29.7203734,58.7429095],[29.6931616,58.7429095],[29.6931616,58.7565153],[29.6659499,58.7565153]]]}},{"type":"Feature","properties":{"clumps":79},"geometry":{"type":"Polygon","coordinates":[[[5.8965244,58.7429095],[5.8965244,58.7293036],[5.8012834,58.7293036],[5.8012834,58.7156978],[5.7876776,58.7156978],[5.7876776,58.7020919],[5.7604659,58.7020919],[5.7604659,58.6612744],[5.7740717,58.6612744],[5.7740717,58.6340626],[5.8012834,58.6340626],[5.8012834,58.6204568],[5.8284951,58.6204568],[5.8284951,58.6068509],[5.9101302,58.6068509],[5.9101302,58.5932451],[5.9237361,58.5932451],[5.9237361,58.5796392],[5.9373419,58.5796392],[5.9373419,58.5524275],[5.9781595,58.5524275],[5.9781595,58.5252158],[5.9917654,58.5252158],[5.9917654,58.4707924],[6.0189771,58.4707924],[6.0189771,58.4571866],[6.0325829,58.4571866],[6.0325829,58.4299749],[6.0461888,58.4299749],[6.0461888,58.4435807],[6.0597946,58.4435807],[6.0597946,58.4299749],[6.1414297,58.4299749],[6.1414297,58.4435807],[6.1958532,58.4435807],[6.1958532,58.4571866],[6.2366707,58.4571866],[6.2366707,58.4707924],[6.2638824,58.4707924],[6.2638824,58.4843983],[6.2502766,58.4843983],[6.2502766,58.4980041],[6.2638824,58.4980041],[6.2638824,58.51161],[6.2502766,58.51161],[6.2502766,58.5252158],[6.2366707,58.5252158],[6.2366707,58.5388217],[6.2230649,58.5388217],[6.2230649,58.5524275],[6.1822473,58.5524275],[6.1822473,58.5796392],[6.1686414,58.5796392],[6.1686414,58.5932451],[6.1822473,58.5932451],[6.1822473,58.6204568],[6.1550356,58.6204568],[6.1550356,58.6476685],[6.114218,58.6476685],[6.114218,58.6612744],[6.0189771,58.6612744],[6.0189771,58.6748802],[5.9917654,58.6748802],[5.9917654,58.7020919],[5.9645536,58.7020919],[5.9645536,58.7156978],[5.9373419,58.7156978],[5.9373419,58.7293036],[5.9101302,58.7293036],[5.9101302,58.7429095],[5.8965244,58.7429095]]]}},{"type":"Feature","properties":{"clumps":80},"geometry":{"type":"Polygon","coordinates":[[[13.2164734,58.6884861],[13.2164734,58.6748802],[13.1484441,58.6748802],[13.1484441,58.6612744],[13.1348383,58.6612744],[13.1348383,58.6340626],[13.1212324,58.6340626],[13.1212324,58.5932451],[13.1076266,58.5932451],[13.1076266,58.5796392],[13.0123856,58.5796392],[13.0123856,58.5660334],[12.9715681,58.5660334],[12.9715681,58.5524275],[12.9579622,58.5524275],[12.9579622,58.5388217],[12.9443563,58.5388217],[12.9443563,58.4980041],[12.9035388,58.4980041],[12.9035388,58.51161],[12.7674803,58.51161],[12.7674803,58.4980041],[12.7266627,58.4980041],[12.7266627,58.4571866],[12.7130568,58.4571866],[12.7130568,58.4435807],[12.699451,58.4435807],[12.699451,58.4299749],[12.5769983,58.4299749],[12.5769983,58.4435807],[12.5633925,58.4435807],[12.5633925,58.4299749],[12.5497866,58.4299749],[12.5497866,58.4435807],[12.3456988,58.4435807],[12.3456988,58.4299749],[12.332093,58.4299749],[12.332093,58.416369],[12.3184871,58.416369],[12.3184871,58.4027631],[12.3048812,58.4027631],[12.3048812,58.3891573],[12.2912754,58.3891573],[12.2912754,58.3755514],[12.2776695,58.3755514],[12.2776695,58.3619456],[12.2912754,58.3619456],[12.2912754,58.3075222],[12.4953632,58.3075222],[12.4953632,58.321128],[12.5361808,58.321128],[12.5361808,58.3075222],[12.5769983,58.3075222],[12.5769983,58.2939163],[12.6178159,58.2939163],[12.6178159,58.3075222],[12.7266627,58.3075222],[12.7266627,58.321128],[12.7538744,58.321128],[12.7538744,58.3347339],[12.7674803,58.3347339],[12.7674803,58.3483397],[12.7538744,58.3483397],[12.7538744,58.3755514],[12.7674803,58.3755514],[12.7674803,58.3891573],[12.9035388,58.3891573],[12.9035388,58.4027631],[12.9443563,58.4027631],[12.9443563,58.416369],[12.9715681,58.416369],[12.9715681,58.4299749],[12.9579622,58.4299749],[12.9579622,58.4571866],[12.9715681,58.4571866],[12.9715681,58.4707924],[12.9851739,58.4707924],[12.9851739,58.4571866],[13.0940207,58.4571866],[13.0940207,58.4707924],[13.16205,58.4707924],[13.16205,58.4843983],[13.1892617,58.4843983],[13.1892617,58.4980041],[13.2164734,58.4980041],[13.2164734,58.5252158],[13.1892617,58.5252158],[13.1892617,58.5388217],[13.2028676,58.5388217],[13.2028676,58.5524275],[13.2436851,58.5524275],[13.2436851,58.5660334],[13.3525319,58.5660334],[13.3525319,58.5796392],[13.3661378,58.5796392],[13.3661378,58.5932451],[13.3933495,58.5932451],[13.3933495,58.6068509],[13.4205612,58.6068509],[13.4205612,58.5660334],[13.4477729,58.5660334],[13.4477729,58.5524275],[13.4749846,58.5524275],[13.4749846,58.5388217],[13.6110432,58.5388217],[13.6110432,58.5524275],[13.6654666,58.5524275],[13.6654666,58.5660334],[13.6790724,58.5660334],[13.6790724,58.6068509],[13.6518607,58.6068509],[13.6518607,58.6340626],[13.6382549,58.6340626],[13.6382549,58.6476685],[13.6110432,58.6476685],[13.6110432,58.6612744],[13.5974373,58.6612744],[13.5974373,58.6476685],[13.5838314,58.6476685],[13.5838314,58.6612744],[13.4749846,58.6612744],[13.4749846,58.6476685],[13.4613788,58.6476685],[13.4613788,58.6340626],[13.4205612,58.6340626],[13.4205612,58.6204568],[13.3933495,58.6204568],[13.3933495,58.6340626],[13.3797436,58.6340626],[13.3797436,58.6476685],[13.3525319,58.6476685],[13.3525319,58.6748802],[13.3117144,58.6748802],[13.3117144,58.6884861],[13.2164734,58.6884861]]]}},{"type":"Feature","properties":{"clumps":81},"geometry":{"type":"Polygon","coordinates":[[[23.175958,58.6748802],[23.175958,58.6612744],[23.1351404,58.6612744],[23.1351404,58.6476685],[23.1079287,58.6476685],[23.1079287,58.6340626],[23.0943228,58.6340626],[23.0943228,58.5796392],[23.1079287,58.5796392],[23.1079287,58.5660334],[23.1351404,58.5660334],[23.1351404,58.5524275],[23.1487463,58.5524275],[23.1487463,58.5388217],[23.1623521,58.5388217],[23.1623521,58.5252158],[23.1487463,58.5252158],[23.1487463,58.51161],[23.1215345,58.51161],[23.1215345,58.4980041],[23.1079287,58.4980041],[23.1079287,58.4843983],[23.0943228,58.4843983],[23.0943228,58.4299749],[23.1351404,58.4299749],[23.1351404,58.416369],[23.1487463,58.416369],[23.1487463,58.4027631],[23.2984106,58.4027631],[23.2984106,58.416369],[23.3256223,58.416369],[23.3256223,58.4299749],[23.3528341,58.4299749],[23.3528341,58.4435807],[23.3664399,58.4435807],[23.3664399,58.4843983],[23.3528341,58.4843983],[23.3528341,58.4980041],[23.3392282,58.4980041],[23.3392282,58.51161],[23.3120165,58.51161],[23.3120165,58.5252158],[23.2984106,58.5252158],[23.2984106,58.5388217],[23.3120165,58.5388217],[23.3120165,58.5524275],[23.3392282,58.5524275],[23.3392282,58.5660334],[23.3664399,58.5660334],[23.3664399,58.5796392],[23.3800458,58.5796392],[23.3800458,58.6204568],[23.3664399,58.6204568],[23.3664399,58.6340626],[23.3528341,58.6340626],[23.3528341,58.6476685],[23.3392282,58.6476685],[23.3392282,58.6612744],[23.3120165,58.6612744],[23.3120165,58.6748802],[23.175958,58.6748802]]]}},{"type":"Feature","properties":{"clumps":82},"geometry":{"type":"Polygon","coordinates":[[[14.4410002,58.6612744],[14.4410002,58.6476685],[14.4137885,58.6476685],[14.4137885,58.6340626],[14.4001826,58.6340626],[14.4001826,58.5796392],[14.4137885,58.5796392],[14.4137885,58.5660334],[14.4273943,58.5660334],[14.4273943,58.5524275],[14.4954236,58.5524275],[14.4954236,58.5388217],[14.5362412,58.5388217],[14.5362412,58.5252158],[14.5226353,58.5252158],[14.5226353,58.4980041],[14.5090295,58.4980041],[14.5090295,58.4843983],[14.5226353,58.4843983],[14.5226353,58.4707924],[14.5362412,58.4707924],[14.5362412,58.4571866],[14.5634529,58.4571866],[14.5634529,58.4435807],[14.5906646,58.4435807],[14.5906646,58.4299749],[14.6586939,58.4299749],[14.6586939,58.416369],[14.6722997,58.416369],[14.6722997,58.4027631],[14.6859056,58.4027631],[14.6859056,58.3891573],[14.6995114,58.3891573],[14.6995114,58.3755514],[14.740329,58.3755514],[14.740329,58.3619456],[14.7811465,58.3619456],[14.7811465,58.3755514],[14.8899934,58.3755514],[14.8899934,58.3891573],[14.9172051,58.3891573],[14.9172051,58.416369],[14.9308109,58.416369],[14.9308109,58.4299749],[14.9444168,58.4299749],[14.9444168,58.4707924],[14.9035992,58.4707924],[14.9035992,58.4843983],[14.8899934,58.4843983],[14.8899934,58.4980041],[14.8083582,58.4980041],[14.8083582,58.51161],[14.7675407,58.51161],[14.7675407,58.5252158],[14.7539348,58.5252158],[14.7539348,58.5388217],[14.7131173,58.5388217],[14.7131173,58.5524275],[14.6586939,58.5524275],[14.6586939,58.5660334],[14.645088,58.5660334],[14.645088,58.6068509],[14.6314821,58.6068509],[14.6314821,58.6612744],[14.6178763,58.6612744],[14.6178763,58.6476685],[14.5906646,58.6476685],[14.5906646,58.6612744],[14.4410002,58.6612744]]]}},{"type":"Feature","properties":{"clumps":83},"geometry":{"type":"Polygon","coordinates":[[[8.8353887,58.6476685],[8.8353887,58.6340626],[8.7673594,58.6340626],[8.7673594,58.6204568],[8.7537536,58.6204568],[8.7537536,58.6068509],[8.7401477,58.6068509],[8.7401477,58.5796392],[8.7537536,58.5796392],[8.7537536,58.5524275],[8.7673594,58.5524275],[8.7673594,58.5388217],[8.7945711,58.5388217],[8.7945711,58.5252158],[8.9306296,58.5252158],[8.9306296,58.5388217],[8.9986589,58.5388217],[8.9986589,58.5524275],[9.0258706,58.5524275],[9.0258706,58.5660334],[9.0122648,58.5660334],[9.0122648,58.5932451],[8.9986589,58.5932451],[8.9986589,58.6068509],[8.9850531,58.6068509],[8.9850531,58.6204568],[8.9714472,58.6204568],[8.9714472,58.6340626],[8.9034179,58.6340626],[8.9034179,58.6476685],[8.8353887,58.6476685]]]}},{"type":"Feature","properties":{"clumps":84},"geometry":{"type":"Polygon","coordinates":[[[30.8496592,58.6340626],[30.8496592,58.6068509],[30.863265,58.6068509],[30.863265,58.5932451],[30.8768709,58.5932451],[30.8768709,58.5796392],[30.9040826,58.5796392],[30.9040826,58.5660334],[30.9176884,58.5660334],[30.9176884,58.5524275],[30.9449001,58.5524275],[30.9449001,58.5388217],[30.9857177,58.5388217],[30.9857177,58.5524275],[30.9721119,58.5524275],[30.9721119,58.5660334],[30.958506,58.5660334],[30.958506,58.5796392],[30.9312943,58.5796392],[30.9312943,58.5932451],[30.9176884,58.5932451],[30.9176884,58.6068509],[30.8904767,58.6068509],[30.8904767,58.6204568],[30.8768709,58.6204568],[30.8768709,58.6340626],[30.8496592,58.6340626]]]}},{"type":"Feature","properties":{"clumps":85},"geometry":{"type":"Polygon","coordinates":[[[31.5027401,58.6340626],[31.5027401,58.6068509],[31.516346,58.6068509],[31.516346,58.5932451],[31.5435577,58.5932451],[31.5435577,58.5796392],[31.5707694,58.5796392],[31.5707694,58.5660334],[31.5843752,58.5660334],[31.5843752,58.5524275],[31.5979811,58.5524275],[31.5979811,58.5388217],[31.6251928,58.5388217],[31.6251928,58.5252158],[31.6387987,58.5252158],[31.6387987,58.51161],[31.6524045,58.51161],[31.6524045,58.4980041],[31.6796162,58.4980041],[31.6796162,58.5252158],[31.6660104,58.5252158],[31.6660104,58.5388217],[31.6524045,58.5388217],[31.6524045,58.5524275],[31.6251928,58.5524275],[31.6251928,58.5660334],[31.611587,58.5660334],[31.611587,58.5796392],[31.5843752,58.5796392],[31.5843752,58.5932451],[31.5707694,58.5932451],[31.5707694,58.6068509],[31.5571635,58.6068509],[31.5571635,58.6204568],[31.5299518,58.6204568],[31.5299518,58.6340626],[31.5027401,58.6340626]]]}},{"type":"Feature","properties":{"clumps":86},"geometry":{"type":"Polygon","coordinates":[[[15.0260519,58.6204568],[15.0260519,58.6068509],[14.9716285,58.6068509],[14.9716285,58.5932451],[14.9580226,58.5932451],[14.9580226,58.5796392],[14.9308109,58.5796392],[14.9308109,58.5660334],[14.9172051,58.5660334],[14.9172051,58.5388217],[14.9308109,58.5388217],[14.9308109,58.51161],[14.9444168,58.51161],[14.9444168,58.4980041],[14.9852343,58.4980041],[14.9852343,58.4843983],[15.1348987,58.4843983],[15.1348987,58.4980041],[15.1485046,58.4980041],[15.1485046,58.51161],[15.1757163,58.51161],[15.1757163,58.5252158],[15.1621104,58.5252158],[15.1621104,58.5388217],[15.1757163,58.5388217],[15.1757163,58.5660334],[15.1621104,58.5660334],[15.1621104,58.5796392],[15.1485046,58.5796392],[15.1485046,58.5932451],[15.107687,58.5932451],[15.107687,58.6068509],[15.0668694,58.6068509],[15.0668694,58.6204568],[15.0260519,58.6204568]]]}},{"type":"Feature","properties":{"clumps":87},"geometry":{"type":"Polygon","coordinates":[[[23.7337979,58.6204568],[23.7337979,58.6068509],[23.6657687,58.6068509],[23.6657687,58.5932451],[23.638557,58.5932451],[23.638557,58.5796392],[23.6113453,58.5796392],[23.6113453,58.5660334],[23.5977394,58.5660334],[23.5977394,58.5388217],[23.6113453,58.5388217],[23.6113453,58.51161],[23.6249511,58.51161],[23.6249511,58.4980041],[23.638557,58.4980041],[23.638557,58.4843983],[23.6793745,58.4843983],[23.6793745,58.4707924],[23.8290389,58.4707924],[23.8290389,58.4843983],[23.8562506,58.4843983],[23.8562506,58.4980041],[23.8698565,58.4980041],[23.8698565,58.5388217],[23.8834623,58.5388217],[23.8834623,58.5524275],[23.8698565,58.5524275],[23.8698565,58.5660334],[23.8562506,58.5660334],[23.8562506,58.5796392],[23.8426448,58.5796392],[23.8426448,58.5932451],[23.7882214,58.5932451],[23.7882214,58.6068509],[23.7474038,58.6068509],[23.7474038,58.6204568],[23.7337979,58.6204568]]]}},{"type":"Feature","properties":{"clumps":88},"geometry":{"type":"Polygon","coordinates":[[[13.3253202,58.5388217],[13.3253202,58.51161],[13.2845027,58.51161],[13.2845027,58.4980041],[13.257291,58.4980041],[13.257291,58.4843983],[13.2708968,58.4843983],[13.2708968,58.4435807],[13.2845027,58.4435807],[13.2845027,58.416369],[13.2981085,58.416369],[13.2981085,58.4299749],[13.3253202,58.4299749],[13.3253202,58.416369],[13.4205612,58.416369],[13.4205612,58.4299749],[13.4749846,58.4299749],[13.4749846,58.4435807],[13.5021963,58.4435807],[13.5021963,58.4980041],[13.4885905,58.4980041],[13.4885905,58.51161],[13.4749846,58.51161],[13.4749846,58.5252158],[13.4477729,58.5252158],[13.4477729,58.5388217],[13.3253202,58.5388217]]]}},{"type":"Feature","properties":{"clumps":89},"geometry":{"type":"Polygon","coordinates":[[[24.4140906,58.51161],[24.4140906,58.4980041],[24.373273,58.4980041],[24.373273,58.4843983],[24.3596672,58.4843983],[24.3596672,58.4707924],[24.3460613,58.4707924],[24.3460613,58.4571866],[24.3324555,58.4571866],[24.3324555,58.4435807],[24.3052438,58.4435807],[24.3052438,58.4571866],[24.2916379,58.4571866],[24.2916379,58.4435807],[24.2644262,58.4435807],[24.2644262,58.4299749],[24.2508204,58.4299749],[24.2508204,58.4435807],[24.2372145,58.4435807],[24.2372145,58.4299749],[24.2236087,58.4299749],[24.2236087,58.416369],[24.2100028,58.416369],[24.2100028,58.4027631],[24.1827911,58.4027631],[24.1827911,58.3619456],[24.196397,58.3619456],[24.196397,58.3483397],[24.2100028,58.3483397],[24.2100028,58.3347339],[24.2372145,58.3347339],[24.2372145,58.321128],[24.3188496,58.321128],[24.3188496,58.3075222],[24.3460613,58.3075222],[24.3460613,58.2667046],[24.3596672,58.2667046],[24.3596672,58.2530988],[24.373273,58.2530988],[24.373273,58.2394929],[24.3868789,58.2394929],[24.3868789,58.2258871],[24.4413023,58.2258871],[24.4413023,58.2122812],[24.5501491,58.2122812],[24.5501491,58.2258871],[24.5773608,58.2258871],[24.5773608,58.2394929],[24.5909667,58.2394929],[24.5909667,58.2530988],[24.6181784,58.2530988],[24.6181784,58.2667046],[24.6317843,58.2667046],[24.6317843,58.2803105],[24.6181784,58.2803105],[24.6181784,58.3075222],[24.6045725,58.3075222],[24.6045725,58.321128],[24.5773608,58.321128],[24.5773608,58.3483397],[24.5093316,58.3483397],[24.5093316,58.3619456],[24.4957257,58.3619456],[24.4957257,58.3755514],[24.5501491,58.3755514],[24.5501491,58.3891573],[24.6045725,58.3891573],[24.6045725,58.4027631],[24.6181784,58.4027631],[24.6181784,58.4571866],[24.6045725,58.4571866],[24.6045725,58.4707924],[24.6181784,58.4707924],[24.6181784,58.4843983],[24.5909667,58.4843983],[24.5909667,58.4980041],[24.5365433,58.4980041],[24.5365433,58.51161],[24.4140906,58.51161]]]}},{"type":"Feature","properties":{"clumps":90},"geometry":{"type":"Polygon","coordinates":[[[14.3593651,58.4571866],[14.3593651,58.4435807],[14.3185475,58.4435807],[14.3185475,58.4299749],[14.2913358,58.4299749],[14.2913358,58.416369],[14.2641241,58.416369],[14.2641241,58.3483397],[14.27773,58.3483397],[14.27773,58.3347339],[14.3049417,58.3347339],[14.3049417,58.321128],[14.4001826,58.321128],[14.4001826,58.3347339],[14.4818178,58.3347339],[14.4818178,58.3483397],[14.4954236,58.3483397],[14.4954236,58.3619456],[14.5090295,58.3619456],[14.5090295,58.416369],[14.4954236,58.416369],[14.4954236,58.4299749],[14.4682119,58.4299749],[14.4682119,58.4571866],[14.3593651,58.4571866]]]}},{"type":"Feature","properties":{"clumps":91},"geometry":{"type":"Polygon","coordinates":[[[19.2438664,58.4027631],[19.2438664,58.3891573],[19.2166547,58.3891573],[19.2166547,58.3755514],[19.189443,58.3755514],[19.189443,58.3619456],[19.1758371,58.3619456],[19.1758371,58.3075222],[19.189443,58.3075222],[19.189443,58.2939163],[19.2030488,58.2939163],[19.2030488,58.2803105],[19.3935308,58.2803105],[19.3935308,58.2939163],[19.4071366,58.2939163],[19.4071366,58.3075222],[19.4207425,58.3075222],[19.4207425,58.3619456],[19.4071366,58.3619456],[19.4071366,58.3755514],[19.3799249,58.3755514],[19.3799249,58.3891573],[19.3663191,58.3891573],[19.3663191,58.4027631],[19.2438664,58.4027631]]]}},{"type":"Feature","properties":{"clumps":92},"geometry":{"type":"Polygon","coordinates":[[[21.8425843,58.3483397],[21.8425843,58.3347339],[21.7473434,58.3347339],[21.7473434,58.321128],[21.7201317,58.321128],[21.7201317,58.3075222],[21.69292,58.3075222],[21.69292,58.2530988],[21.7065258,58.2530988],[21.7065258,58.2394929],[21.7201317,58.2394929],[21.7201317,58.2258871],[21.7337375,58.2258871],[21.7337375,58.2122812],[21.9242195,58.2122812],[21.9242195,58.2258871],[21.965037,58.2258871],[21.965037,58.2394929],[21.9786429,58.2394929],[21.9786429,58.2939163],[21.9514312,58.2939163],[21.9514312,58.321128],[21.9242195,58.321128],[21.9242195,58.3347339],[21.8561902,58.3347339],[21.8561902,58.3483397],[21.8425843,58.3483397]]]}},{"type":"Feature","properties":{"clumps":93},"geometry":{"type":"Polygon","coordinates":[[[16.6723601,58.321128],[16.6723601,58.3075222],[16.6587543,58.3075222],[16.6587543,58.2939163],[16.6315426,58.2939163],[16.6315426,58.2803105],[16.6179367,58.2803105],[16.6179367,58.2394929],[16.6315426,58.2394929],[16.6315426,58.2258871],[16.6587543,58.2258871],[16.6587543,58.2122812],[16.685966,58.2122812],[16.685966,58.1986753],[16.8356304,58.1986753],[16.8356304,58.2122812],[16.8492362,58.2122812],[16.8492362,58.2258871],[16.8764479,58.2258871],[16.8764479,58.2530988],[16.8628421,58.2530988],[16.8628421,58.2803105],[16.8492362,58.2803105],[16.8492362,58.2939163],[16.8356304,58.2939163],[16.8356304,58.3075222],[16.8084187,58.3075222],[16.8084187,58.321128],[16.6723601,58.321128]]]}},{"type":"Feature","properties":{"clumps":94},"geometry":{"type":"Polygon","coordinates":[[[8.3727897,58.2939163],[8.3727897,58.2803105],[8.2911545,58.2803105],[8.2911545,58.2667046],[8.2639428,58.2667046],[8.2639428,58.2530988],[8.250337,58.2530988],[8.250337,58.2394929],[8.2367311,58.2394929],[8.2367311,58.2258871],[8.250337,58.2258871],[8.250337,58.1850695],[8.2639428,58.1850695],[8.2639428,58.1714636],[8.1823077,58.1714636],[8.1823077,58.1850695],[8.1278843,58.1850695],[8.1278843,58.1714636],[8.0734609,58.1714636],[8.0734609,58.1578578],[8.0462492,58.1578578],[8.0462492,58.1442519],[8.0326433,58.1442519],[8.0326433,58.1306461],[8.0190375,58.1306461],[8.0190375,58.1170402],[7.9782199,58.1170402],[7.9782199,58.1306461],[7.9374024,58.1306461],[7.9374024,58.1442519],[7.8965848,58.1442519],[7.8965848,58.1578578],[7.8421614,58.1578578],[7.8421614,58.1714636],[7.8285555,58.1714636],[7.8285555,58.1578578],[7.7741321,58.1578578],[7.7741321,58.1442519],[7.7605263,58.1442519],[7.7605263,58.1306461],[7.7333146,58.1306461],[7.7333146,58.1170402],[7.7197087,58.1170402],[7.7197087,58.1034344],[7.692497,58.1034344],[7.692497,58.0898285],[7.6516794,58.0898285],[7.6516794,58.1034344],[7.5292268,58.1034344],[7.5292268,58.0898285],[7.4884092,58.0898285],[7.4884092,58.0626168],[7.4611975,58.0626168],[7.4611975,58.049011],[7.4475916,58.049011],[7.4475916,58.0354051],[7.4611975,58.0354051],[7.4611975,58.0081934],[7.4884092,58.0081934],[7.4884092,57.9945875],[7.5020151,57.9945875],[7.5020151,57.9809817],[7.5156209,57.9809817],[7.5156209,57.9673758],[7.5564385,57.9673758],[7.5564385,57.9809817],[7.6380736,57.9809817],[7.6380736,57.9945875],[7.7061029,57.9945875],[7.7061029,58.0081934],[7.7333146,58.0081934],[7.7333146,58.0354051],[7.8149497,58.0354051],[7.8149497,58.0217993],[7.8693731,58.0217993],[7.8693731,58.0354051],[7.9374024,58.0354051],[7.9374024,58.049011],[7.9782199,58.049011],[7.9782199,58.0626168],[7.9918258,58.0626168],[7.9918258,58.0898285],[8.0054316,58.0898285],[8.0054316,58.1034344],[8.0190375,58.1034344],[8.0190375,58.0898285],[8.0462492,58.0898285],[8.0462492,58.0762227],[8.059855,58.0762227],[8.059855,58.0626168],[8.0870667,58.0626168],[8.0870667,58.049011],[8.2231253,58.049011],[8.2231253,58.0626168],[8.2639428,58.0626168],[8.2639428,58.0762227],[8.2911545,58.0762227],[8.2911545,58.0898285],[8.3047604,58.0898285],[8.3047604,58.1034344],[8.2911545,58.1034344],[8.2911545,58.1170402],[8.3047604,58.1170402],[8.3047604,58.1442519],[8.345578,58.1442519],[8.345578,58.1578578],[8.4000014,58.1578578],[8.4000014,58.1442519],[8.4408189,58.1442519],[8.4408189,58.1306461],[8.4816365,58.1306461],[8.4816365,58.1170402],[8.5496658,58.1170402],[8.5496658,58.1306461],[8.617695,58.1306461],[8.617695,58.1442519],[8.6313009,58.1442519],[8.6313009,58.1578578],[8.6449067,58.1578578],[8.6449067,58.1850695],[8.6585126,58.1850695],[8.6585126,58.1986753],[8.6313009,58.1986753],[8.6313009,58.2258871],[8.6040892,58.2258871],[8.6040892,58.2394929],[8.5904833,58.2394929],[8.5904833,58.2530988],[8.4816365,58.2530988],[8.4816365,58.2667046],[8.4136072,58.2667046],[8.4136072,58.2803105],[8.4000014,58.2803105],[8.4000014,58.2939163],[8.3727897,58.2939163]]]}},{"type":"Feature","properties":{"clumps":95},"geometry":{"type":"Polygon","coordinates":[[[7.0802336,58.2394929],[7.0802336,58.2258871],[7.0258102,58.2258871],[7.0258102,58.2122812],[7.0122043,58.2122812],[7.0122043,58.1986753],[6.9985985,58.1986753],[6.9985985,58.1850695],[6.9713868,58.1850695],[6.9713868,58.1714636],[6.9577809,58.1714636],[6.9577809,58.1578578],[6.9169634,58.1578578],[6.9169634,58.1714636],[6.8081165,58.1714636],[6.8081165,58.1578578],[6.7809048,58.1578578],[6.7809048,58.1442519],[6.7536931,58.1442519],[6.7536931,58.1306461],[6.7264814,58.1306461],[6.7264814,58.1170402],[6.7400873,58.1170402],[6.7400873,58.0762227],[6.7536931,58.0762227],[6.7536931,58.0626168],[6.7809048,58.0626168],[6.7809048,58.049011],[6.8081165,58.049011],[6.8081165,58.0354051],[6.8353283,58.0354051],[6.8353283,58.049011],[6.9713868,58.049011],[6.9713868,58.0626168],[6.9985985,58.0626168],[6.9985985,58.0762227],[7.0122043,58.0762227],[7.0122043,58.0898285],[7.0258102,58.0898285],[7.0258102,58.1034344],[7.1074453,58.1034344],[7.1074453,58.0898285],[7.1482629,58.0898285],[7.1482629,58.0626168],[7.1618687,58.0626168],[7.1618687,58.049011],[7.1754746,58.049011],[7.1754746,58.0354051],[7.2026863,58.0354051],[7.2026863,58.0217993],[7.3115331,58.0217993],[7.3115331,58.0354051],[7.3659565,58.0354051],[7.3659565,58.049011],[7.4067741,58.049011],[7.4067741,58.0898285],[7.3931682,58.0898285],[7.3931682,58.1034344],[7.3795624,58.1034344],[7.3795624,58.1306461],[7.3387448,58.1306461],[7.3387448,58.1442519],[7.3115331,58.1442519],[7.3115331,58.1578578],[7.229898,58.1578578],[7.229898,58.1850695],[7.2026863,58.1850695],[7.2026863,58.1986753],[7.1890804,58.1986753],[7.1890804,58.2122812],[7.1618687,58.2122812],[7.1618687,58.2258871],[7.1074453,58.2258871],[7.1074453,58.2394929],[7.0802336,58.2394929]]]}},{"type":"Feature","properties":{"clumps":96},"geometry":{"type":"Polygon","coordinates":[[[14.4954236,58.2122812],[14.4954236,58.1986753],[14.4273943,58.1986753],[14.4273943,58.1850695],[14.3865768,58.1850695],[14.3865768,58.1714636],[14.3593651,58.1714636],[14.3593651,58.1170402],[14.3729709,58.1170402],[14.3729709,58.1034344],[14.4001826,58.1034344],[14.4001826,58.0898285],[14.4137885,58.0898285],[14.4137885,58.0762227],[14.4273943,58.0762227],[14.4273943,58.0898285],[14.4546061,58.0898285],[14.4546061,58.0762227],[14.549847,58.0762227],[14.549847,58.0898285],[14.5770587,58.0898285],[14.5770587,58.1034344],[14.6042704,58.1034344],[14.6042704,58.1442519],[14.6178763,58.1442519],[14.6178763,58.1578578],[14.6042704,58.1578578],[14.6042704,58.1714636],[14.5906646,58.1714636],[14.5906646,58.1850695],[14.549847,58.1850695],[14.549847,58.1986753],[14.5090295,58.1986753],[14.5090295,58.2122812],[14.4954236,58.2122812]]]}},{"type":"Feature","properties":{"clumps":97},"geometry":{"type":"Polygon","coordinates":[[[22.1283073,58.1306461],[22.1283073,58.1170402],[22.0874897,58.1170402],[22.0874897,58.1034344],[22.0466721,58.1034344],[22.0466721,58.0898285],[22.0330663,58.0898285],[22.0330663,58.049011],[22.0466721,58.049011],[22.0466721,58.0217993],[22.0738839,58.0217993],[22.0738839,58.0081934],[22.1010956,58.0081934],[22.1010956,57.9945875],[22.2507599,57.9945875],[22.2507599,58.0081934],[22.2779716,58.0081934],[22.2779716,58.0217993],[22.2915775,58.0217993],[22.2915775,58.0354051],[22.3051834,58.0354051],[22.3051834,58.049011],[22.3187892,58.049011],[22.3187892,58.0626168],[22.3051834,58.0626168],[22.3051834,58.0762227],[22.2915775,58.0762227],[22.2915775,58.1170402],[22.2099424,58.1170402],[22.2099424,58.1306461],[22.1283073,58.1306461]]]}},{"type":"Feature","properties":{"clumps":98},"geometry":{"type":"Polygon","coordinates":[[[14.0464305,58.1034344],[14.0464305,58.0898285],[14.0192188,58.0898285],[14.0192188,58.0762227],[13.992007,58.0762227],[13.992007,58.0626168],[13.9784012,58.0626168],[13.9784012,58.049011],[13.9647953,58.049011],[13.9647953,58.0081934],[13.992007,58.0081934],[13.992007,57.9945875],[14.0056129,57.9945875],[14.0056129,57.9809817],[14.0328246,57.9809817],[14.0328246,57.9673758],[14.0600363,57.9673758],[14.0600363,57.9809817],[14.182489,57.9809817],[14.182489,57.9945875],[14.2097007,57.9945875],[14.2097007,58.0081934],[14.2369124,58.0081934],[14.2369124,58.0354051],[14.2233065,58.0354051],[14.2233065,58.049011],[14.2097007,58.049011],[14.2097007,58.0762227],[14.182489,58.0762227],[14.182489,58.0898285],[14.1416714,58.0898285],[14.1416714,58.1034344],[14.0464305,58.1034344]]]}},{"type":"Feature","properties":{"clumps":99},"geometry":{"type":"Polygon","coordinates":[[[16.5771192,58.0898285],[16.5771192,58.0762227],[16.495484,58.0762227],[16.495484,58.0626168],[16.4682723,58.0626168],[16.4682723,58.049011],[16.4546665,58.049011],[16.4546665,58.0081934],[16.4682723,58.0081934],[16.4682723,57.9945875],[16.4818782,57.9945875],[16.4818782,57.9673758],[16.5363016,57.9673758],[16.5363016,57.95377],[16.6043309,57.95377],[16.6043309,57.9673758],[16.6723601,57.9673758],[16.6723601,57.9809817],[16.6995718,57.9809817],[16.6995718,57.9945875],[16.7131777,57.9945875],[16.7131777,58.0217993],[16.7267835,58.0217993],[16.7267835,58.0354051],[16.7131777,58.0354051],[16.7131777,58.049011],[16.685966,58.049011],[16.685966,58.0626168],[16.6723601,58.0626168],[16.6723601,58.0762227],[16.6315426,58.0762227],[16.6315426,58.0898285],[16.5771192,58.0898285]]]}},{"type":"Feature","properties":{"clumps":100},"geometry":{"type":"Polygon","coordinates":[[[24.4140906,58.0762227],[24.4140906,58.0626168],[24.3460613,58.0626168],[24.3460613,58.049011],[24.3188496,58.049011],[24.3188496,58.0081934],[24.3052438,58.0081934],[24.3052438,57.9945875],[24.3188496,57.9945875],[24.3188496,57.95377],[24.3324555,57.95377],[24.3324555,57.9401641],[24.3460613,57.9401641],[24.3460613,57.9265583],[24.3324555,57.9265583],[24.3324555,57.9129524],[24.3052438,57.9129524],[24.3052438,57.8993466],[24.2916379,57.8993466],[24.2916379,57.8857407],[24.2780321,57.8857407],[24.2780321,57.8721349],[24.2644262,57.8721349],[24.2644262,57.8177115],[24.2780321,57.8177115],[24.2780321,57.8041056],[24.2916379,57.8041056],[24.2916379,57.7768939],[24.2780321,57.7768939],[24.2780321,57.7496822],[24.2508204,57.7496822],[24.2508204,57.7360763],[24.2644262,57.7360763],[24.2644262,57.6952588],[24.3052438,57.6952588],[24.3052438,57.6816529],[24.3188496,57.6816529],[24.3188496,57.6680471],[24.4549082,57.6680471],[24.4549082,57.6816529],[24.4957257,57.6816529],[24.4957257,57.7088646],[24.5093316,57.7088646],[24.5093316,57.7360763],[24.5229374,57.7360763],[24.5229374,57.7496822],[24.5093316,57.7496822],[24.5093316,57.763288],[24.4957257,57.763288],[24.4957257,57.8041056],[24.5093316,57.8041056],[24.5093316,57.8313173],[24.5229374,57.8313173],[24.5229374,57.8449232],[24.5365433,57.8449232],[24.5365433,57.8721349],[24.5229374,57.8721349],[24.5229374,57.8857407],[24.5093316,57.8857407],[24.5093316,57.8993466],[24.4957257,57.8993466],[24.4957257,57.9129524],[24.4549082,57.9129524],[24.4549082,57.9265583],[24.468514,57.9265583],[24.468514,57.9401641],[24.5229374,57.9401641],[24.5229374,57.95377],[24.563755,57.95377],[24.563755,58.0217993],[24.5501491,58.0217993],[24.5501491,58.049011],[24.5093316,58.049011],[24.5093316,58.0626168],[24.4413023,58.0626168],[24.4413023,58.0762227],[24.4140906,58.0762227]]]}},{"type":"Feature","properties":{"clumps":101},"geometry":{"type":"Polygon","coordinates":[[[19.0125669,58.0354051],[19.0125669,58.0217993],[18.9853552,58.0217993],[18.9853552,58.0081934],[18.8356908,58.0081934],[18.8356908,57.9945875],[18.8084791,57.9945875],[18.8084791,57.9809817],[18.7812674,57.9809817],[18.7812674,57.9673758],[18.7540557,57.9673758],[18.7540557,57.95377],[18.631603,57.95377],[18.631603,57.9401641],[18.5771796,57.9401641],[18.5771796,57.9265583],[18.5499679,57.9265583],[18.5499679,57.9129524],[18.536362,57.9129524],[18.536362,57.8857407],[18.5227562,57.8857407],[18.5227562,57.858529],[18.4819386,57.858529],[18.4819386,57.8449232],[18.4003035,57.8449232],[18.4003035,57.8313173],[18.3730918,57.8313173],[18.3730918,57.8177115],[18.3458801,57.8177115],[18.3458801,57.8041056],[18.3322742,57.8041056],[18.3322742,57.7768939],[18.3186684,57.7768939],[18.3186684,57.7496822],[18.3322742,57.7496822],[18.3322742,57.7224705],[18.2914567,57.7224705],[18.2914567,57.7088646],[18.2506391,57.7088646],[18.2506391,57.6952588],[18.2370332,57.6952588],[18.2370332,57.6816529],[18.2234274,57.6816529],[18.2234274,57.6680471],[18.2098215,57.6680471],[18.2098215,57.6408354],[18.2234274,57.6408354],[18.2234274,57.6136237],[18.1962157,57.6136237],[18.1962157,57.6000178],[18.1553981,57.6000178],[18.1553981,57.5047768],[18.1962157,57.5047768],[18.1962157,57.4367476],[18.169004,57.4367476],[18.169004,57.4231417],[18.1553981,57.4231417],[18.1553981,57.39593],[18.1417923,57.39593],[18.1417923,57.3687183],[18.169004,57.3687183],[18.169004,57.3279007],[18.1553981,57.3279007],[18.1553981,57.3142949],[18.1281864,57.3142949],[18.1281864,57.2598715],[18.1417923,57.2598715],[18.1417923,57.2326598],[18.1553981,57.2326598],[18.1553981,57.2190539],[18.264245,57.2190539],[18.264245,57.2054481],[18.2506391,57.2054481],[18.2506391,57.1918422],[18.2098215,57.1918422],[18.2098215,57.1782364],[18.1962157,57.1782364],[18.1962157,57.0966012],[18.2234274,57.0966012],[18.2234274,57.0829954],[18.2098215,57.0829954],[18.2098215,57.0693895],[18.1962157,57.0693895],[18.1962157,57.0421778],[18.1826098,57.0421778],[18.1826098,57.0013603],[18.1962157,57.0013603],[18.1962157,56.9877544],[18.2234274,56.9877544],[18.2234274,56.9741486],[18.2778508,56.9741486],[18.2778508,56.9605427],[18.3322742,56.9605427],[18.3322742,56.9741486],[18.3866976,56.9741486],[18.3866976,56.9877544],[18.4139093,56.9877544],[18.4139093,57.0013603],[18.4275152,57.0013603],[18.4275152,57.0557837],[18.4139093,57.0557837],[18.4139093,57.0693895],[18.4003035,57.0693895],[18.4003035,57.1102071],[18.4275152,57.1102071],[18.4275152,57.1238129],[18.4547269,57.1238129],[18.4547269,57.1102071],[18.5499679,57.1102071],[18.5499679,57.1238129],[18.5771796,57.1238129],[18.5771796,57.1374188],[18.5907854,57.1374188],[18.5907854,57.1510246],[18.6043913,57.1510246],[18.6043913,57.2054481],[18.5907854,57.2054481],[18.5907854,57.2326598],[18.6860264,57.2326598],[18.6860264,57.2462656],[18.7812674,57.2462656],[18.7812674,57.2598715],[18.8084791,57.2598715],[18.8084791,57.300689],[18.7948732,57.300689],[18.7948732,57.3142949],[18.7812674,57.3142949],[18.7812674,57.3279007],[18.7676615,57.3279007],[18.7676615,57.3415066],[18.7540557,57.3415066],[18.7540557,57.3687183],[18.8356908,57.3687183],[18.8356908,57.3823242],[18.8901142,57.3823242],[18.8901142,57.39593],[18.9037201,57.39593],[18.9037201,57.4231417],[18.9173259,57.4231417],[18.9173259,57.4367476],[18.9037201,57.4367476],[18.9037201,57.4503534],[18.8901142,57.4503534],[18.8901142,57.4639593],[18.8765083,57.4639593],[18.8765083,57.4775651],[18.8492966,57.4775651],[18.8492966,57.491171],[18.7948732,57.491171],[18.7948732,57.5047768],[18.7540557,57.5047768],[18.7540557,57.5183827],[18.7404498,57.5183827],[18.7404498,57.5319885],[18.726844,57.5319885],[18.726844,57.5455944],[18.6724205,57.5455944],[18.6724205,57.5592002],[18.6452088,57.5592002],[18.6452088,57.5728061],[18.631603,57.5728061],[18.631603,57.586412],[18.6452088,57.586412],[18.6452088,57.6000178],[18.6588147,57.6000178],[18.6588147,57.6136237],[18.6996323,57.6136237],[18.6996323,57.6000178],[18.726844,57.6000178],[18.726844,57.586412],[18.7404498,57.586412],[18.7404498,57.5728061],[18.7676615,57.5728061],[18.7676615,57.5592002],[18.8220849,57.5592002],[18.8220849,57.5455944],[18.8629025,57.5455944],[18.8629025,57.5592002],[18.9173259,57.5592002],[18.9173259,57.5728061],[18.9309318,57.5728061],[18.9309318,57.586412],[18.9445376,57.586412],[18.9445376,57.6000178],[18.9581435,57.6000178],[18.9581435,57.6272295],[18.9445376,57.6272295],[18.9445376,57.6544412],[19.0397786,57.6544412],[19.0397786,57.6680471],[19.1078079,57.6680471],[19.1078079,57.6952588],[19.1214137,57.6952588],[19.1214137,57.7224705],[19.1350196,57.7224705],[19.1350196,57.7360763],[19.1622313,57.7360763],[19.1622313,57.7496822],[19.2030488,57.7496822],[19.2030488,57.763288],[19.2166547,57.763288],[19.2166547,57.8177115],[19.2030488,57.8177115],[19.2030488,57.8313173],[19.2166547,57.8313173],[19.2166547,57.8449232],[19.2846839,57.8449232],[19.2846839,57.858529],[19.2982898,57.858529],[19.2982898,57.8721349],[19.3255015,57.8721349],[19.3255015,57.8857407],[19.3118956,57.8857407],[19.3118956,57.9265583],[19.2982898,57.9265583],[19.2982898,57.9401641],[19.2846839,57.9401641],[19.2846839,57.95377],[19.2574722,57.95377],[19.2574722,57.9673758],[19.2166547,57.9673758],[19.2166547,57.9945875],[19.189443,57.9945875],[19.189443,58.0081934],[19.1758371,58.0081934],[19.1758371,58.0217993],[19.1214137,58.0217993],[19.1214137,58.0354051],[19.0125669,58.0354051]],[[18.9853552,57.8993466],[19.0669903,57.8993466],[19.0669903,57.8721349],[19.0533844,57.8721349],[19.0533844,57.858529],[19.0261727,57.858529],[19.0261727,57.8449232],[19.0125669,57.8449232],[19.0125669,57.8313173],[18.9853552,57.8313173],[18.9853552,57.8177115],[18.9717493,57.8177115],[18.9717493,57.7904998],[18.9581435,57.7904998],[18.9581435,57.7768939],[18.9037201,57.7768939],[18.9037201,57.8041056],[18.8901142,57.8041056],[18.8901142,57.8313173],[18.8629025,57.8313173],[18.8629025,57.8449232],[18.8492966,57.8449232],[18.8492966,57.858529],[18.8220849,57.858529],[18.8220849,57.8721349],[18.8765083,57.8721349],[18.8765083,57.8857407],[18.9853552,57.8857407],[18.9853552,57.8993466]],[[18.6043913,57.8177115],[18.6179971,57.8177115],[18.6179971,57.8041056],[18.6043913,57.8041056],[18.6043913,57.8177115]],[[18.7948732,57.7360763],[18.8629025,57.7360763],[18.8629025,57.7224705],[18.8765083,57.7224705],[18.8765083,57.6952588],[18.8084791,57.6952588],[18.8084791,57.7088646],[18.7948732,57.7088646],[18.7948732,57.7360763]],[[18.4683328,57.6952588],[18.4955445,57.6952588],[18.4955445,57.6816529],[18.5091503,57.6816529],[18.5091503,57.6680471],[18.4819386,57.6680471],[18.4819386,57.6816529],[18.4683328,57.6816529],[18.4683328,57.6952588]],[[18.4275152,57.5455944],[18.441121,57.5455944],[18.441121,57.5319885],[18.5091503,57.5319885],[18.5091503,57.5047768],[18.4955445,57.5047768],[18.4955445,57.4775651],[18.441121,57.4775651],[18.441121,57.5047768],[18.4139093,57.5047768],[18.4139093,57.5319885],[18.4275152,57.5319885],[18.4275152,57.5455944]],[[18.631603,57.3823242],[18.6996323,57.3823242],[18.6996323,57.3687183],[18.6588147,57.3687183],[18.6588147,57.3551124],[18.6179971,57.3551124],[18.6179971,57.3687183],[18.631603,57.3687183],[18.631603,57.3823242]],[[18.536362,57.3551124],[18.6043913,57.3551124],[18.6043913,57.3415066],[18.5771796,57.3415066],[18.5771796,57.3279007],[18.5635737,57.3279007],[18.5635737,57.3415066],[18.536362,57.3415066],[18.536362,57.3551124]],[[18.3322742,57.2326598],[18.3866976,57.2326598],[18.3866976,57.2190539],[18.3730918,57.2190539],[18.3730918,57.2054481],[18.3322742,57.2054481],[18.3322742,57.2326598]]]}},{"type":"Feature","properties":{"clumps":102},"geometry":{"type":"Polygon","coordinates":[[[14.2233065,57.9809817],[14.2233065,57.9673758],[14.1416714,57.9673758],[14.1416714,57.95377],[14.1144597,57.95377],[14.1144597,57.9401641],[14.1008539,57.9401641],[14.1008539,57.9265583],[14.087248,57.9265583],[14.087248,57.9129524],[14.0736422,57.9129524],[14.0736422,57.8993466],[13.9784012,57.8993466],[13.9784012,57.8857407],[13.9511895,57.8857407],[13.9511895,57.8721349],[13.9375836,57.8721349],[13.9375836,57.858529],[13.9239778,57.858529],[13.9239778,57.8313173],[13.9375836,57.8313173],[13.9375836,57.8177115],[13.9511895,57.8177115],[13.9511895,57.7904998],[14.0192188,57.7904998],[14.0192188,57.7768939],[14.1008539,57.7768939],[14.1008539,57.7904998],[14.1552773,57.7904998],[14.1552773,57.8041056],[14.182489,57.8041056],[14.182489,57.8177115],[14.2233065,57.8177115],[14.2233065,57.7904998],[14.2369124,57.7904998],[14.2369124,57.7768939],[14.27773,57.7768939],[14.27773,57.763288],[14.3321534,57.763288],[14.3321534,57.7496822],[14.3729709,57.7496822],[14.3729709,57.763288],[14.4546061,57.763288],[14.4546061,57.7904998],[14.4682119,57.7904998],[14.4682119,57.8041056],[14.4818178,57.8041056],[14.4818178,57.8449232],[14.4682119,57.8449232],[14.4682119,57.858529],[14.4410002,57.858529],[14.4410002,57.8721349],[14.4137885,57.8721349],[14.4137885,57.8857407],[14.3729709,57.8857407],[14.3729709,57.8993466],[14.3593651,57.8993466],[14.3593651,57.9129524],[14.3321534,57.9129524],[14.3321534,57.95377],[14.3049417,57.95377],[14.3049417,57.9673758],[14.2369124,57.9673758],[14.2369124,57.9809817],[14.2233065,57.9809817]]]}},{"type":"Feature","properties":{"clumps":103},"geometry":{"type":"Polygon","coordinates":[[[23.1351404,57.8993466],[23.1351404,57.8857407],[23.1215345,57.8857407],[23.1215345,57.8721349],[23.1079287,57.8721349],[23.1079287,57.858529],[23.0943228,57.858529],[23.0943228,57.8449232],[23.080717,57.8449232],[23.080717,57.8041056],[23.0943228,57.8041056],[23.0943228,57.7904998],[23.1351404,57.7904998],[23.1351404,57.7768939],[23.1623521,57.7768939],[23.1623521,57.763288],[23.2848048,57.763288],[23.2848048,57.7768939],[23.3256223,57.7768939],[23.3256223,57.7904998],[23.3392282,57.7904998],[23.3392282,57.8041056],[23.3528341,57.8041056],[23.3528341,57.8449232],[23.3392282,57.8449232],[23.3392282,57.858529],[23.3256223,57.858529],[23.3256223,57.8721349],[23.3120165,57.8721349],[23.3120165,57.8857407],[23.2575931,57.8857407],[23.2575931,57.8993466],[23.1895638,57.8993466],[23.1895638,57.8857407],[23.1623521,57.8857407],[23.1623521,57.8993466],[23.1351404,57.8993466]]]}},{"type":"Feature","properties":{"clumps":104},"geometry":{"type":"Polygon","coordinates":[[[10.5769379,57.8449232],[10.5769379,57.8177115],[10.5905437,57.8177115],[10.5905437,57.8041056],[10.6041496,57.8041056],[10.6041496,57.7904998],[10.6449672,57.7904998],[10.6449672,57.7768939],[10.658573,57.7768939],[10.658573,57.763288],[10.6993906,57.763288],[10.6993906,57.7496822],[10.7266023,57.7496822],[10.7266023,57.763288],[10.753814,57.763288],[10.753814,57.7768939],[10.7674198,57.7768939],[10.7674198,57.8041056],[10.753814,57.8041056],[10.753814,57.8177115],[10.7129964,57.8177115],[10.7129964,57.8313173],[10.6857847,57.8313173],[10.6857847,57.8449232],[10.5769379,57.8449232]]]}},{"type":"Feature","properties":{"clumps":105},"geometry":{"type":"Polygon","coordinates":[[[22.2235482,57.8177115],[22.2235482,57.8041056],[22.2099424,57.8041056],[22.2099424,57.7904998],[22.1827307,57.7904998],[22.1827307,57.7768939],[22.1691248,57.7768939],[22.1691248,57.7496822],[22.155519,57.7496822],[22.155519,57.7360763],[22.1283073,57.7360763],[22.1283073,57.7496822],[22.1147014,57.7496822],[22.1147014,57.763288],[22.0874897,57.763288],[22.0874897,57.7768939],[21.9922487,57.7768939],[21.9922487,57.763288],[21.965037,57.763288],[21.965037,57.7768939],[21.9514312,57.7768939],[21.9514312,57.763288],[21.9378253,57.763288],[21.9378253,57.7496822],[21.8970078,57.7496822],[21.8970078,57.7088646],[21.8834019,57.7088646],[21.8834019,57.6680471],[21.7201317,57.6680471],[21.7201317,57.6544412],[21.69292,57.6544412],[21.69292,57.6408354],[21.6793141,57.6408354],[21.6793141,57.6272295],[21.6657083,57.6272295],[21.6657083,57.5728061],[21.6793141,57.5728061],[21.6793141,57.5455944],[21.7065258,57.5455944],[21.7065258,57.5319885],[21.7337375,57.5319885],[21.7337375,57.5455944],[21.8970078,57.5455944],[21.8970078,57.5592002],[21.9106136,57.5592002],[21.9106136,57.5728061],[21.9242195,57.5728061],[21.9242195,57.6272295],[22.0330663,57.6272295],[22.0330663,57.6408354],[22.0874897,57.6408354],[22.0874897,57.6544412],[22.1419131,57.6544412],[22.1419131,57.6816529],[22.155519,57.6816529],[22.155519,57.7088646],[22.2099424,57.7088646],[22.2099424,57.6952588],[22.2371541,57.6952588],[22.2371541,57.6816529],[22.3596068,57.6816529],[22.3596068,57.6952588],[22.3732126,57.6952588],[22.3732126,57.7088646],[22.4140302,57.7088646],[22.4140302,57.7224705],[22.4412419,57.7224705],[22.4412419,57.7768939],[22.4140302,57.7768939],[22.4140302,57.7904998],[22.4004243,57.7904998],[22.4004243,57.8041056],[22.3732126,57.8041056],[22.3732126,57.8177115],[22.2235482,57.8177115]]]}},{"type":"Feature","properties":{"clumps":106},"geometry":{"type":"Polygon","coordinates":[[[10.4136676,57.763288],[10.4136676,57.7496822],[10.4000618,57.7496822],[10.4000618,57.7224705],[10.4408794,57.7224705],[10.4408794,57.7088646],[10.4680911,57.7088646],[10.4680911,57.6952588],[10.4953028,57.6952588],[10.4953028,57.6816529],[10.5361203,57.6816529],[10.5361203,57.6680471],[10.563332,57.6680471],[10.563332,57.6544412],[10.6041496,57.6544412],[10.6041496,57.6408354],[10.6449672,57.6408354],[10.6449672,57.6544412],[10.6721789,57.6544412],[10.6721789,57.6816529],[10.658573,57.6816529],[10.658573,57.6952588],[10.6449672,57.6952588],[10.6449672,57.7088646],[10.6177554,57.7088646],[10.6177554,57.7224705],[10.5905437,57.7224705],[10.5905437,57.7360763],[10.5497262,57.7360763],[10.5497262,57.7496822],[10.5361203,57.7496822],[10.5361203,57.763288],[10.5225145,57.763288],[10.5225145,57.7496822],[10.4953028,57.7496822],[10.4953028,57.763288],[10.4136676,57.763288]]]}},{"type":"Feature","properties":{"clumps":107},"geometry":{"type":"Polygon","coordinates":[[[10.2640033,57.6816529],[10.2640033,57.6680471],[10.2367916,57.6680471],[10.2367916,57.6408354],[10.2776091,57.6408354],[10.2776091,57.6272295],[10.3048208,57.6272295],[10.3048208,57.6136237],[10.3592442,57.6136237],[10.3592442,57.6000178],[10.3864559,57.6000178],[10.3864559,57.586412],[10.4136676,57.586412],[10.4136676,57.5728061],[10.4408794,57.5728061],[10.4408794,57.5592002],[10.4544852,57.5592002],[10.4544852,57.5455944],[10.4816969,57.5455944],[10.4816969,57.5319885],[10.5225145,57.5319885],[10.5225145,57.5183827],[10.5769379,57.5183827],[10.5769379,57.5319885],[10.6041496,57.5319885],[10.6041496,57.5592002],[10.5769379,57.5592002],[10.5769379,57.5728061],[10.563332,57.5728061],[10.563332,57.586412],[10.5361203,57.586412],[10.5361203,57.6000178],[10.5089086,57.6000178],[10.5089086,57.6136237],[10.4816969,57.6136237],[10.4816969,57.6272295],[10.4680911,57.6272295],[10.4680911,57.6408354],[10.4408794,57.6408354],[10.4408794,57.6272295],[10.4272735,57.6272295],[10.4272735,57.6408354],[10.3864559,57.6408354],[10.3864559,57.6544412],[10.3728501,57.6544412],[10.3728501,57.6680471],[10.3320325,57.6680471],[10.3320325,57.6816529],[10.2640033,57.6816529]]]}},{"type":"Feature","properties":{"clumps":108},"geometry":{"type":"Polygon","coordinates":[[[9.9918862,57.6544412],[9.9918862,57.6408354],[9.9646745,57.6408354],[9.9646745,57.6272295],[9.9782803,57.6272295],[9.9782803,57.6136237],[9.9918862,57.6136237],[9.9918862,57.6000178],[10.0054921,57.6000178],[10.0054921,57.586412],[10.0735213,57.586412],[10.0735213,57.5728061],[10.100733,57.5728061],[10.100733,57.5592002],[10.1415506,57.5592002],[10.1415506,57.5455944],[10.1823681,57.5455944],[10.1823681,57.5319885],[10.2231857,57.5319885],[10.2231857,57.5183827],[10.2367916,57.5183827],[10.2367916,57.5047768],[10.2640033,57.5047768],[10.2640033,57.491171],[10.3320325,57.491171],[10.3320325,57.4775651],[10.3592442,57.4775651],[10.3592442,57.4639593],[10.4000618,57.4639593],[10.4000618,57.4503534],[10.4272735,57.4503534],[10.4272735,57.4367476],[10.4544852,57.4367476],[10.4544852,57.4231417],[10.4816969,57.4231417],[10.4816969,57.4095359],[10.4953028,57.4095359],[10.4953028,57.39593],[10.5225145,57.39593],[10.5225145,57.3823242],[10.6041496,57.3823242],[10.6041496,57.39593],[10.6177554,57.39593],[10.6177554,57.4095359],[10.6041496,57.4095359],[10.6041496,57.4231417],[10.5905437,57.4231417],[10.5905437,57.4367476],[10.5769379,57.4367476],[10.5769379,57.4503534],[10.5225145,57.4503534],[10.5225145,57.4639593],[10.5089086,57.4639593],[10.5089086,57.4775651],[10.4544852,57.4775651],[10.4544852,57.491171],[10.4272735,57.491171],[10.4272735,57.5047768],[10.4136676,57.5047768],[10.4136676,57.5183827],[10.3592442,57.5183827],[10.3592442,57.5319885],[10.3320325,57.5319885],[10.3320325,57.5455944],[10.2776091,57.5455944],[10.2776091,57.5592002],[10.2503974,57.5592002],[10.2503974,57.5728061],[10.2095799,57.5728061],[10.2095799,57.586412],[10.1823681,57.586412],[10.1823681,57.6000178],[10.1687623,57.6000178],[10.1687623,57.6136237],[10.1279447,57.6136237],[10.1279447,57.6272295],[10.100733,57.6272295],[10.100733,57.6408354],[10.0599155,57.6408354],[10.0599155,57.6544412],[9.9918862,57.6544412]]]}},{"type":"Feature","properties":{"clumps":109},"geometry":{"type":"Polygon","coordinates":[[[14.1688831,57.6408354],[14.1688831,57.6272295],[14.087248,57.6272295],[14.087248,57.6136237],[14.0736422,57.6136237],[14.0736422,57.6000178],[14.0600363,57.6000178],[14.0600363,57.586412],[14.0464305,57.586412],[14.0464305,57.5319885],[14.087248,57.5319885],[14.087248,57.5183827],[14.2097007,57.5183827],[14.2097007,57.5319885],[14.2505183,57.5319885],[14.2505183,57.5455944],[14.27773,57.5455944],[14.27773,57.5728061],[14.2913358,57.5728061],[14.2913358,57.6000178],[14.27773,57.6000178],[14.27773,57.6136237],[14.2369124,57.6136237],[14.2369124,57.6272295],[14.2233065,57.6272295],[14.2233065,57.6408354],[14.2097007,57.6408354],[14.2097007,57.6272295],[14.1960948,57.6272295],[14.1960948,57.6408354],[14.1688831,57.6408354]]]}},{"type":"Feature","properties":{"clumps":110},"geometry":{"type":"Polygon","coordinates":[[[24.4004848,57.6408354],[24.4004848,57.6272295],[24.3596672,57.6272295],[24.3596672,57.6136237],[24.3460613,57.6136237],[24.3460613,57.6000178],[24.3324555,57.6000178],[24.3324555,57.5592002],[24.3460613,57.5592002],[24.3460613,57.5319885],[24.373273,57.5319885],[24.373273,57.5183827],[24.5501491,57.5183827],[24.5501491,57.5319885],[24.563755,57.5319885],[24.563755,57.5455944],[24.5773608,57.5455944],[24.5773608,57.586412],[24.563755,57.586412],[24.563755,57.6000178],[24.5773608,57.6000178],[24.5773608,57.6136237],[24.5501491,57.6136237],[24.5501491,57.6272295],[24.5365433,57.6272295],[24.5365433,57.6408354],[24.4004848,57.6408354]]]}},{"type":"Feature","properties":{"clumps":111},"geometry":{"type":"Polygon","coordinates":[[[22.7949941,57.586412],[22.7949941,57.5728061],[22.7405707,57.5728061],[22.7405707,57.5592002],[22.7269648,57.5592002],[22.7269648,57.491171],[22.7405707,57.491171],[22.7405707,57.4775651],[22.7813882,57.4775651],[22.7813882,57.4639593],[22.8085999,57.4639593],[22.8085999,57.4503534],[22.9446585,57.4503534],[22.9446585,57.4639593],[22.9718702,57.4639593],[22.9718702,57.4775651],[22.985476,57.4775651],[22.985476,57.5183827],[22.9718702,57.5183827],[22.9718702,57.5455944],[22.9582643,57.5455944],[22.9582643,57.5592002],[22.9446585,57.5592002],[22.9446585,57.5728061],[22.9038409,57.5728061],[22.9038409,57.586412],[22.7949941,57.586412]]]}},{"type":"Feature","properties":{"clumps":112},"geometry":{"type":"Polygon","coordinates":[[[9.8830394,57.5728061],[9.8830394,57.5592002],[9.8422218,57.5592002],[9.8422218,57.5183827],[9.8558277,57.5183827],[9.8558277,57.5047768],[9.9238569,57.5047768],[9.9238569,57.491171],[9.9510686,57.491171],[9.9510686,57.4775651],[9.9918862,57.4775651],[9.9918862,57.4639593],[10.0190979,57.4639593],[10.0190979,57.4503534],[10.0463096,57.4503534],[10.0463096,57.4367476],[10.0871272,57.4367476],[10.0871272,57.4231417],[10.1143389,57.4231417],[10.1143389,57.4095359],[10.1551564,57.4095359],[10.1551564,57.39593],[10.1823681,57.39593],[10.1823681,57.3823242],[10.2095799,57.3823242],[10.2095799,57.3687183],[10.2503974,57.3687183],[10.2503974,57.3551124],[10.2776091,57.3551124],[10.2776091,57.3415066],[10.3184267,57.3415066],[10.3184267,57.3279007],[10.3456384,57.3279007],[10.3456384,57.3142949],[10.3728501,57.3142949],[10.3728501,57.300689],[10.4136676,57.300689],[10.4136676,57.2870832],[10.4408794,57.2870832],[10.4408794,57.2734773],[10.4816969,57.2734773],[10.4816969,57.2598715],[10.4953028,57.2598715],[10.4953028,57.2462656],[10.5225145,57.2462656],[10.5225145,57.2326598],[10.5769379,57.2326598],[10.5769379,57.2462656],[10.5905437,57.2462656],[10.5905437,57.2870832],[10.5497262,57.2870832],[10.5497262,57.300689],[10.5225145,57.300689],[10.5225145,57.3142949],[10.4953028,57.3142949],[10.4953028,57.3279007],[10.4544852,57.3279007],[10.4544852,57.3415066],[10.4136676,57.3415066],[10.4136676,57.3551124],[10.3728501,57.3551124],[10.3728501,57.3687183],[10.3592442,57.3687183],[10.3592442,57.3823242],[10.3184267,57.3823242],[10.3184267,57.39593],[10.2776091,57.39593],[10.2776091,57.4095359],[10.2640033,57.4095359],[10.2640033,57.4231417],[10.2095799,57.4231417],[10.2095799,57.4367476],[10.1823681,57.4367476],[10.1823681,57.4503534],[10.1551564,57.4503534],[10.1551564,57.4639593],[10.1143389,57.4639593],[10.1143389,57.4775651],[10.0871272,57.4775651],[10.0871272,57.491171],[10.0463096,57.491171],[10.0463096,57.5047768],[10.0327038,57.5047768],[10.0327038,57.5183827],[10.0054921,57.5183827],[10.0054921,57.5319885],[9.9782803,57.5319885],[9.9782803,57.5455944],[9.9510686,57.5455944],[9.9510686,57.5592002],[9.8966452,57.5592002],[9.8966452,57.5728061],[9.8830394,57.5728061]]]}},{"type":"Feature","properties":{"clumps":113},"geometry":{"type":"Polygon","coordinates":[[[24.4004848,57.491171],[24.4004848,57.4775651],[24.373273,57.4775651],[24.373273,57.4639593],[24.3596672,57.4639593],[24.3596672,57.4231417],[24.3460613,57.4231417],[24.3460613,57.4095359],[24.3596672,57.4095359],[24.3596672,57.39593],[24.373273,57.39593],[24.373273,57.3823242],[24.4004848,57.3823242],[24.4004848,57.3687183],[24.4413023,57.3687183],[24.4413023,57.3551124],[24.5093316,57.3551124],[24.5093316,57.3687183],[24.5773608,57.3687183],[24.5773608,57.3823242],[24.5909667,57.3823242],[24.5909667,57.4095359],[24.6045725,57.4095359],[24.6045725,57.4367476],[24.5909667,57.4367476],[24.5909667,57.4639593],[24.563755,57.4639593],[24.563755,57.4775651],[24.5093316,57.4775651],[24.5093316,57.491171],[24.4004848,57.491171]]]}},{"type":"Feature","properties":{"clumps":114},"geometry":{"type":"Polygon","coordinates":[[[9.7741925,57.4639593],[9.7741925,57.4503534],[9.733375,57.4503534],[9.733375,57.4231417],[9.7469808,57.4231417],[9.7469808,57.4095359],[9.7605867,57.4095359],[9.7605867,57.39593],[9.828616,57.39593],[9.828616,57.3823242],[9.8694335,57.3823242],[9.8694335,57.3687183],[9.8830394,57.3687183],[9.8830394,57.3551124],[9.9238569,57.3551124],[9.9238569,57.3415066],[9.9646745,57.3415066],[9.9646745,57.3279007],[9.9918862,57.3279007],[9.9918862,57.3142949],[10.0190979,57.3142949],[10.0190979,57.300689],[10.0463096,57.300689],[10.0463096,57.2870832],[10.0871272,57.2870832],[10.0871272,57.2734773],[10.1143389,57.2734773],[10.1143389,57.2598715],[10.1687623,57.2598715],[10.1687623,57.2462656],[10.195974,57.2462656],[10.195974,57.2326598],[10.2095799,57.2326598],[10.2095799,57.2190539],[10.2503974,57.2190539],[10.2503974,57.2054481],[10.2776091,57.2054481],[10.2776091,57.1918422],[10.3048208,57.1918422],[10.3048208,57.1782364],[10.3456384,57.1782364],[10.3456384,57.1646305],[10.3592442,57.1646305],[10.3592442,57.1510246],[10.4000618,57.1510246],[10.4000618,57.1374188],[10.4680911,57.1374188],[10.4680911,57.1510246],[10.4953028,57.1510246],[10.4953028,57.1646305],[10.4680911,57.1646305],[10.4680911,57.1782364],[10.4408794,57.1782364],[10.4408794,57.1918422],[10.4136676,57.1918422],[10.4136676,57.2054481],[10.3864559,57.2054481],[10.3864559,57.2190539],[10.3592442,57.2190539],[10.3592442,57.2326598],[10.3184267,57.2326598],[10.3184267,57.2462656],[10.291215,57.2462656],[10.291215,57.2598715],[10.2640033,57.2598715],[10.2640033,57.2734773],[10.2231857,57.2734773],[10.2231857,57.2870832],[10.195974,57.2870832],[10.195974,57.300689],[10.1687623,57.300689],[10.1687623,57.3142949],[10.1143389,57.3142949],[10.1143389,57.3279007],[10.0871272,57.3279007],[10.0871272,57.3415066],[10.0599155,57.3415066],[10.0599155,57.3551124],[10.0327038,57.3551124],[10.0327038,57.3687183],[10.0054921,57.3687183],[10.0054921,57.3823242],[9.9646745,57.3823242],[9.9646745,57.39593],[9.9374628,57.39593],[9.9374628,57.4095359],[9.8830394,57.4095359],[9.8830394,57.4231417],[9.8694335,57.4231417],[9.8694335,57.4367476],[9.8422218,57.4367476],[9.8422218,57.4503534],[9.8150101,57.4503534],[9.8150101,57.4639593],[9.7741925,57.4639593]]]}},{"type":"Feature","properties":{"clumps":115},"geometry":{"type":"Polygon","coordinates":[[[11.2028071,57.4639593],[11.2028071,57.4503534],[11.0939603,57.4503534],[11.0939603,57.4367476],[11.0667486,57.4367476],[11.0667486,57.4231417],[11.0531428,57.4231417],[11.0531428,57.3687183],[11.0395369,57.3687183],[11.0395369,57.3551124],[10.9851135,57.3551124],[10.9851135,57.3415066],[10.9442959,57.3415066],[10.9442959,57.3279007],[10.9306901,57.3279007],[10.9306901,57.3142949],[10.9170842,57.3142949],[10.9170842,57.2870832],[10.9306901,57.2870832],[10.9306901,57.2598715],[10.9715076,57.2598715],[10.9715076,57.2326598],[11.0939603,57.2326598],[11.0939603,57.2462656],[11.1347779,57.2462656],[11.1347779,57.2598715],[11.1619896,57.2598715],[11.1619896,57.2734773],[11.1755954,57.2734773],[11.1755954,57.2870832],[11.1892013,57.2870832],[11.1892013,57.300689],[11.2028071,57.300689],[11.2028071,57.3279007],[11.2300188,57.3279007],[11.2300188,57.3415066],[11.2572305,57.3415066],[11.2572305,57.3551124],[11.2844423,57.3551124],[11.2844423,57.39593],[11.2980481,57.39593],[11.2980481,57.4231417],[11.2844423,57.4231417],[11.2844423,57.4367476],[11.2572305,57.4367476],[11.2572305,57.4503534],[11.2300188,57.4503534],[11.2300188,57.4639593],[11.2028071,57.4639593]]]}},{"type":"Feature","properties":{"clumps":116},"geometry":{"type":"Polygon","coordinates":[[[13.066809,57.4231417],[13.066809,57.4095359],[13.0259915,57.4095359],[13.0259915,57.39593],[12.9987798,57.39593],[12.9987798,57.3823242],[12.9715681,57.3823242],[12.9715681,57.3551124],[12.9851739,57.3551124],[12.9851739,57.3142949],[12.9987798,57.3142949],[12.9987798,57.300689],[13.0395973,57.300689],[13.0395973,57.2870832],[13.16205,57.2870832],[13.16205,57.300689],[13.2164734,57.300689],[13.2164734,57.3142949],[13.2300793,57.3142949],[13.2300793,57.3551124],[13.2164734,57.3551124],[13.2164734,57.3687183],[13.2028676,57.3687183],[13.2028676,57.3823242],[13.1892617,57.3823242],[13.1892617,57.39593],[13.1756559,57.39593],[13.1756559,57.4095359],[13.0940207,57.4095359],[13.0940207,57.4231417],[13.066809,57.4231417]]]}},{"type":"Feature","properties":{"clumps":117},"geometry":{"type":"Polygon","coordinates":[[[17.0669299,57.4095359],[17.0669299,57.39593],[17.053324,57.39593],[17.053324,57.3823242],[17.0125065,57.3823242],[17.0125065,57.3687183],[16.9989006,57.3687183],[16.9989006,57.3279007],[16.9852948,57.3279007],[16.9852948,57.3142949],[16.9716889,57.3142949],[16.9716889,57.2870832],[16.9444772,57.2870832],[16.9444772,57.2598715],[16.9308713,57.2598715],[16.9308713,57.2054481],[16.9036596,57.2054481],[16.9036596,57.1918422],[16.8764479,57.1918422],[16.8764479,57.1782364],[16.8628421,57.1782364],[16.8628421,57.1646305],[16.8492362,57.1646305],[16.8492362,57.1374188],[16.8628421,57.1374188],[16.8628421,57.0966012],[16.8492362,57.0966012],[16.8492362,57.0829954],[16.8084187,57.0829954],[16.8084187,57.0693895],[16.7948128,57.0693895],[16.7948128,57.0557837],[16.781207,57.0557837],[16.781207,57.0013603],[16.7948128,57.0013603],[16.7948128,56.9741486],[16.7676011,56.9741486],[16.7676011,56.9605427],[16.7267835,56.9605427],[16.7267835,56.9469369],[16.7131777,56.9469369],[16.7131777,56.933331],[16.6995718,56.933331],[16.6995718,56.9197251],[16.7267835,56.9197251],[16.7267835,56.8653017],[16.6451484,56.8653017],[16.6451484,56.8516959],[16.6315426,56.8516959],[16.6315426,56.83809],[16.6043309,56.83809],[16.6043309,56.8244842],[16.590725,56.8244842],[16.590725,56.7836666],[16.6043309,56.7836666],[16.6043309,56.7700608],[16.590725,56.7700608],[16.590725,56.7564549],[16.5635133,56.7564549],[16.5635133,56.7428491],[16.5499074,56.7428491],[16.5499074,56.7292432],[16.5363016,56.7292432],[16.5363016,56.7156373],[16.5226957,56.7156373],[16.5226957,56.7020315],[16.5499074,56.7020315],[16.5499074,56.6476081],[16.5226957,56.6476081],[16.5226957,56.6340022],[16.495484,56.6340022],[16.495484,56.6203964],[16.4682723,56.6203964],[16.4682723,56.5795788],[16.4818782,56.5795788],[16.4818782,56.5523671],[16.5090899,56.5523671],[16.5090899,56.5387613],[16.5226957,56.5387613],[16.5226957,56.5251554],[16.5090899,56.5251554],[16.5090899,56.5115495],[16.4818782,56.5115495],[16.4818782,56.4979437],[16.4546665,56.4979437],[16.4546665,56.4435203],[16.4682723,56.4435203],[16.4682723,56.4299144],[16.4546665,56.4299144],[16.4546665,56.4163086],[16.4410606,56.4163086],[16.4410606,56.4027027],[16.4138489,56.4027027],[16.4138489,56.3346735],[16.4274548,56.3346735],[16.4274548,56.3210676],[16.4410606,56.3210676],[16.4410606,56.3074618],[16.590725,56.3074618],[16.590725,56.3210676],[16.6043309,56.3210676],[16.6043309,56.3346735],[16.6315426,56.3346735],[16.6315426,56.3482793],[16.6451484,56.3482793],[16.6451484,56.4163086],[16.6723601,56.4163086],[16.6723601,56.4299144],[16.6995718,56.4299144],[16.6995718,56.4435203],[16.7131777,56.4435203],[16.7131777,56.470732],[16.6995718,56.470732],[16.6995718,56.5115495],[16.685966,56.5115495],[16.685966,56.5523671],[16.7131777,56.5523671],[16.7131777,56.5931847],[16.7267835,56.5931847],[16.7267835,56.6203964],[16.6995718,56.6203964],[16.6995718,56.6340022],[16.7131777,56.6340022],[16.7131777,56.6476081],[16.7267835,56.6476081],[16.7267835,56.6612139],[16.7539952,56.6612139],[16.7539952,56.6748198],[16.7676011,56.6748198],[16.7676011,56.7156373],[16.781207,56.7156373],[16.781207,56.7428491],[16.8084187,56.7428491],[16.8084187,56.7564549],[16.8220245,56.7564549],[16.8220245,56.7700608],[16.8356304,56.7700608],[16.8356304,56.7836666],[16.8492362,56.7836666],[16.8492362,56.8244842],[16.8356304,56.8244842],[16.8356304,56.83809],[16.8628421,56.83809],[16.8628421,56.8516959],[16.8900538,56.8516959],[16.8900538,56.8653017],[16.9308713,56.8653017],[16.9308713,56.8789076],[16.9444772,56.8789076],[16.9444772,56.9469369],[16.9308713,56.9469369],[16.9308713,56.9741486],[16.958083,56.9741486],[16.958083,56.9877544],[17.0125065,56.9877544],[17.0125065,57.028572],[17.0261123,57.028572],[17.0261123,57.0693895],[16.9989006,57.0693895],[16.9989006,57.0829954],[17.0397182,57.0829954],[17.0397182,57.0966012],[17.0669299,57.0966012],[17.0669299,57.1102071],[17.0805357,57.1102071],[17.0805357,57.1238129],[17.0941416,57.1238129],[17.0941416,57.1510246],[17.0805357,57.1510246],[17.0805357,57.1918422],[17.1213533,57.1918422],[17.1213533,57.2054481],[17.1349591,57.2054481],[17.1349591,57.2190539],[17.1621708,57.2190539],[17.1621708,57.2326598],[17.1757767,57.2326598],[17.1757767,57.2734773],[17.1893825,57.2734773],[17.1893825,57.2870832],[17.2165943,57.2870832],[17.2165943,57.300689],[17.2302001,57.300689],[17.2302001,57.3551124],[17.2165943,57.3551124],[17.2165943,57.3687183],[17.2029884,57.3687183],[17.2029884,57.3823242],[17.1893825,57.3823242],[17.1893825,57.39593],[17.1621708,57.39593],[17.1621708,57.4095359],[17.0669299,57.4095359]]]}},{"type":"Feature","properties":{"clumps":118},"geometry":{"type":"Polygon","coordinates":[[[23.2303814,57.39593],[23.2303814,57.3823242],[23.1623521,57.3823242],[23.1623521,57.3687183],[23.1351404,57.3687183],[23.1351404,57.3142949],[23.1215345,57.3142949],[23.1215345,57.2870832],[23.1351404,57.2870832],[23.1351404,57.2734773],[23.1623521,57.2734773],[23.1623521,57.2598715],[23.2167755,57.2598715],[23.2167755,57.2462656],[23.3120165,57.2462656],[23.3120165,57.2598715],[23.3528341,57.2598715],[23.3528341,57.2734773],[23.3664399,57.2734773],[23.3664399,57.2870832],[23.3800458,57.2870832],[23.3800458,57.300689],[23.3664399,57.300689],[23.3664399,57.3279007],[23.3800458,57.3279007],[23.3800458,57.3551124],[23.3664399,57.3551124],[23.3664399,57.3687183],[23.3256223,57.3687183],[23.3256223,57.3823242],[23.2575931,57.3823242],[23.2575931,57.39593],[23.2303814,57.39593]]]}},{"type":"Feature","properties":{"clumps":119},"geometry":{"type":"Polygon","coordinates":[[[9.6653457,57.3551124],[9.6653457,57.3415066],[9.638134,57.3415066],[9.638134,57.3279007],[9.6245282,57.3279007],[9.6245282,57.300689],[9.6653457,57.300689],[9.6653457,57.2870832],[9.7061633,57.2870832],[9.7061633,57.2734773],[9.7197691,57.2734773],[9.7197691,57.2870832],[9.733375,57.2870832],[9.733375,57.2734773],[9.7741925,57.2734773],[9.7741925,57.2598715],[9.8014043,57.2598715],[9.8014043,57.2462656],[9.828616,57.2462656],[9.828616,57.2326598],[9.8694335,57.2326598],[9.8694335,57.2190539],[9.8966452,57.2190539],[9.8966452,57.2054481],[9.9374628,57.2054481],[9.9374628,57.1918422],[9.9510686,57.1918422],[9.9510686,57.1782364],[9.9918862,57.1782364],[9.9918862,57.1646305],[10.0054921,57.1646305],[10.0054921,57.1510246],[10.0327038,57.1510246],[10.0327038,57.1374188],[10.0871272,57.1374188],[10.0871272,57.1102071],[10.100733,57.1102071],[10.100733,57.1238129],[10.1143389,57.1238129],[10.1143389,57.1102071],[10.1415506,57.1102071],[10.1415506,57.0966012],[10.1687623,57.0966012],[10.1687623,57.0829954],[10.195974,57.0829954],[10.195974,57.0693895],[10.2367916,57.0693895],[10.2367916,57.0557837],[10.2503974,57.0557837],[10.2503974,57.0421778],[10.2776091,57.0421778],[10.2776091,57.028572],[10.3320325,57.028572],[10.3320325,57.0149661],[10.3592442,57.0149661],[10.3592442,57.028572],[10.3864559,57.028572],[10.3864559,57.0829954],[10.3184267,57.0829954],[10.3184267,57.0966012],[10.291215,57.0966012],[10.291215,57.1102071],[10.2640033,57.1102071],[10.2640033,57.1238129],[10.2231857,57.1238129],[10.2231857,57.1374188],[10.195974,57.1374188],[10.195974,57.1510246],[10.1551564,57.1510246],[10.1551564,57.1646305],[10.1279447,57.1646305],[10.1279447,57.1782364],[10.100733,57.1782364],[10.100733,57.1918422],[10.0735213,57.1918422],[10.0735213,57.2054481],[10.0463096,57.2054481],[10.0463096,57.2190539],[10.0190979,57.2190539],[10.0190979,57.2326598],[9.9646745,57.2326598],[9.9646745,57.2462656],[9.9374628,57.2462656],[9.9374628,57.2598715],[9.8966452,57.2598715],[9.8966452,57.2734773],[9.8694335,57.2734773],[9.8694335,57.2870832],[9.8422218,57.2870832],[9.8422218,57.300689],[9.8014043,57.300689],[9.8014043,57.3142949],[9.7741925,57.3142949],[9.7741925,57.3279007],[9.733375,57.3279007],[9.733375,57.3415066],[9.7061633,57.3415066],[9.7061633,57.3551124],[9.6653457,57.3551124]]]}},{"type":"Feature","properties":{"clumps":120},"geometry":{"type":"Polygon","coordinates":[[[21.6248907,57.2870832],[21.6248907,57.2734773],[21.597679,57.2734773],[21.597679,57.2462656],[21.5704673,57.2462656],[21.5704673,57.2054481],[21.5840731,57.2054481],[21.5840731,57.1918422],[21.597679,57.1918422],[21.597679,57.1782364],[21.6248907,57.1782364],[21.6248907,57.1646305],[21.7881609,57.1646305],[21.7881609,57.1782364],[21.8017668,57.1782364],[21.8017668,57.1918422],[21.8153726,57.1918422],[21.8153726,57.2190539],[21.8289785,57.2190539],[21.8289785,57.2326598],[21.8153726,57.2326598],[21.8153726,57.2598715],[21.7881609,57.2598715],[21.7881609,57.2734773],[21.7745551,57.2734773],[21.7745551,57.2870832],[21.6248907,57.2870832]]]}},{"type":"Feature","properties":{"clumps":121},"geometry":{"type":"Polygon","coordinates":[[[9.5020755,57.2598715],[9.5020755,57.2462656],[9.4884696,57.2462656],[9.4884696,57.2326598],[9.4748638,57.2326598],[9.4748638,57.2190539],[9.5020755,57.2190539],[9.5020755,57.2054481],[9.542893,57.2054481],[9.542893,57.1918422],[9.6109223,57.1918422],[9.6109223,57.1782364],[9.6245282,57.1782364],[9.6245282,57.1646305],[9.6653457,57.1646305],[9.6653457,57.1510246],[9.6925574,57.1510246],[9.6925574,57.1374188],[9.7061633,57.1374188],[9.7061633,57.1238129],[9.7469808,57.1238129],[9.7469808,57.1102071],[9.7741925,57.1102071],[9.7741925,57.0966012],[9.8150101,57.0966012],[9.8150101,57.0829954],[9.8422218,57.0829954],[9.8422218,57.0693895],[9.8830394,57.0693895],[9.8830394,57.0557837],[9.9102511,57.0557837],[9.9102511,57.0421778],[9.9374628,57.0421778],[9.9374628,57.028572],[9.9782803,57.028572],[9.9782803,57.0149661],[10.0190979,57.0149661],[10.0190979,57.0013603],[10.0599155,57.0013603],[10.0599155,56.9877544],[10.100733,56.9877544],[10.100733,56.9741486],[10.1279447,56.9741486],[10.1279447,56.9605427],[10.1551564,56.9605427],[10.1551564,56.9469369],[10.1823681,56.9469369],[10.1823681,56.933331],[10.2095799,56.933331],[10.2095799,56.9197251],[10.2503974,56.9197251],[10.2503974,56.9061193],[10.2640033,56.9061193],[10.2640033,56.8925134],[10.2776091,56.8925134],[10.2776091,56.8789076],[10.291215,56.8789076],[10.291215,56.8925134],[10.3320325,56.8925134],[10.3320325,56.9061193],[10.3456384,56.9061193],[10.3456384,56.9197251],[10.3592442,56.9197251],[10.3592442,56.933331],[10.3320325,56.933331],[10.3320325,56.9469369],[10.3184267,56.9469369],[10.3184267,56.933331],[10.3048208,56.933331],[10.3048208,56.9605427],[10.291215,56.9605427],[10.291215,56.9741486],[10.2367916,56.9741486],[10.2367916,56.9877544],[10.2095799,56.9877544],[10.2095799,57.0013603],[10.1687623,57.0013603],[10.1687623,57.0149661],[10.1415506,57.0149661],[10.1415506,57.028572],[10.1143389,57.028572],[10.1143389,57.0421778],[10.0735213,57.0421778],[10.0735213,57.0557837],[10.0599155,57.0557837],[10.0599155,57.0693895],[10.0327038,57.0693895],[10.0327038,57.0829954],[10.0054921,57.0829954],[10.0054921,57.0966012],[9.9510686,57.0966012],[9.9510686,57.1102071],[9.8966452,57.1102071],[9.8966452,57.1238129],[9.8694335,57.1238129],[9.8694335,57.1374188],[9.8422218,57.1374188],[9.8422218,57.1510246],[9.7877984,57.1510246],[9.7877984,57.1646305],[9.7741925,57.1646305],[9.7741925,57.1782364],[9.733375,57.1782364],[9.733375,57.1918422],[9.7061633,57.1918422],[9.7061633,57.2054481],[9.6789516,57.2054481],[9.6789516,57.2190539],[9.638134,57.2190539],[9.638134,57.2326598],[9.6109223,57.2326598],[9.6109223,57.2462656],[9.5564989,57.2462656],[9.5564989,57.2598715],[9.5020755,57.2598715]]]}},{"type":"Feature","properties":{"clumps":122},"geometry":{"type":"Polygon","coordinates":[[[24.3596672,57.2598715],[24.3596672,57.2462656],[24.2916379,57.2462656],[24.2916379,57.2326598],[24.2644262,57.2326598],[24.2644262,57.2054481],[24.2508204,57.2054481],[24.2508204,57.1782364],[24.2644262,57.1782364],[24.2644262,57.1646305],[24.196397,57.1646305],[24.196397,57.1510246],[24.0875501,57.1510246],[24.0875501,57.1374188],[24.0603384,57.1374188],[24.0603384,57.1238129],[24.0331267,57.1238129],[24.0331267,57.0557837],[24.0603384,57.0557837],[24.0603384,57.0421778],[24.0875501,57.0421778],[24.0875501,57.028572],[24.2100028,57.028572],[24.2100028,57.0421778],[24.2780321,57.0421778],[24.2780321,57.0557837],[24.2916379,57.0557837],[24.2916379,57.0829954],[24.3052438,57.0829954],[24.3052438,57.1102071],[24.2916379,57.1102071],[24.2916379,57.1238129],[24.3324555,57.1238129],[24.3324555,57.1374188],[24.3460613,57.1374188],[24.3460613,57.1238129],[24.3868789,57.1238129],[24.3868789,57.1374188],[24.468514,57.1374188],[24.468514,57.1510246],[24.4821199,57.1510246],[24.4821199,57.1646305],[24.4957257,57.1646305],[24.4957257,57.1782364],[24.5093316,57.1782364],[24.5093316,57.2054481],[24.4957257,57.2054481],[24.4957257,57.2190539],[24.4821199,57.2190539],[24.4821199,57.2326598],[24.4549082,57.2326598],[24.4549082,57.2462656],[24.4413023,57.2462656],[24.4413023,57.2598715],[24.3596672,57.2598715]]]}},{"type":"Feature","properties":{"clumps":123},"geometry":{"type":"Polygon","coordinates":[[[13.5838314,57.2462656],[13.5838314,57.2326598],[13.5021963,57.2326598],[13.5021963,57.2190539],[13.4885905,57.2190539],[13.4885905,57.2054481],[13.4477729,57.2054481],[13.4477729,57.1918422],[13.4341671,57.1918422],[13.4341671,57.1374188],[13.4477729,57.1374188],[13.4477729,57.1238129],[13.4749846,57.1238129],[13.4749846,57.1102071],[13.6110432,57.1102071],[13.6110432,57.1238129],[13.6654666,57.1238129],[13.6654666,57.1374188],[13.6926783,57.1374188],[13.6926783,57.1782364],[13.6790724,57.1782364],[13.6790724,57.2190539],[13.6518607,57.2190539],[13.6518607,57.2326598],[13.6110432,57.2326598],[13.6110432,57.2462656],[13.5838314,57.2462656]]]}},{"type":"Feature","properties":{"clumps":124},"geometry":{"type":"Polygon","coordinates":[[[13.9511895,57.2462656],[13.9511895,57.2326598],[13.9103719,57.2326598],[13.9103719,57.2190539],[13.8831602,57.2190539],[13.8831602,57.2054481],[13.8695544,57.2054481],[13.8695544,57.1782364],[13.8559485,57.1782364],[13.8559485,57.1646305],[13.8695544,57.1646305],[13.8695544,57.1510246],[13.8831602,57.1510246],[13.8831602,57.1374188],[13.9103719,57.1374188],[13.9103719,57.1238129],[14.0736422,57.1238129],[14.0736422,57.1374188],[14.087248,57.1374188],[14.087248,57.1510246],[14.1008539,57.1510246],[14.1008539,57.2054481],[14.0736422,57.2054481],[14.0736422,57.2190539],[14.0600363,57.2190539],[14.0600363,57.2326598],[14.0464305,57.2326598],[14.0464305,57.2462656],[14.0328246,57.2462656],[14.0328246,57.2326598],[13.992007,57.2326598],[13.992007,57.2462656],[13.9511895,57.2462656]]]}},{"type":"Feature","properties":{"clumps":125},"geometry":{"type":"Polygon","coordinates":[[[9.2843818,57.2190539],[9.2843818,57.2054481],[9.2571701,57.2054481],[9.2571701,57.1646305],[9.270776,57.1646305],[9.270776,57.1510246],[9.3524111,57.1510246],[9.3524111,57.1374188],[9.3796228,57.1374188],[9.3796228,57.1238129],[9.4340462,57.1238129],[9.4340462,57.1102071],[9.4476521,57.1102071],[9.4476521,57.0966012],[9.4748638,57.0966012],[9.4748638,57.0829954],[9.5292872,57.0829954],[9.5292872,57.0557837],[9.5837106,57.0557837],[9.5837106,57.0421778],[9.6245282,57.0421778],[9.6245282,57.028572],[9.638134,57.028572],[9.638134,57.0149661],[9.6789516,57.0149661],[9.6789516,57.0013603],[9.7197691,57.0013603],[9.7197691,56.9877544],[9.7605867,56.9877544],[9.7605867,56.9741486],[9.7877984,56.9741486],[9.7877984,56.9605427],[9.8150101,56.9605427],[9.8150101,56.9469369],[9.8694335,56.9469369],[9.8694335,56.933331],[9.8966452,56.933331],[9.8966452,56.9197251],[9.9374628,56.9197251],[9.9374628,56.9061193],[9.9646745,56.9061193],[9.9646745,56.8925134],[9.9782803,56.8925134],[9.9782803,56.8789076],[10.0054921,56.8789076],[10.0054921,56.8653017],[10.0327038,56.8653017],[10.0327038,56.8516959],[10.0599155,56.8516959],[10.0599155,56.83809],[10.100733,56.83809],[10.100733,56.8244842],[10.1415506,56.8244842],[10.1415506,56.8108783],[10.1551564,56.8108783],[10.1551564,56.7972725],[10.195974,56.7972725],[10.195974,56.7836666],[10.2095799,56.7836666],[10.2095799,56.7700608],[10.2231857,56.7700608],[10.2231857,56.7564549],[10.291215,56.7564549],[10.291215,56.7428491],[10.3456384,56.7428491],[10.3456384,56.7700608],[10.3320325,56.7700608],[10.3320325,56.7972725],[10.3184267,56.7972725],[10.3184267,56.8108783],[10.291215,56.8108783],[10.291215,56.8244842],[10.2503974,56.8244842],[10.2503974,56.83809],[10.195974,56.83809],[10.195974,56.8516959],[10.1687623,56.8516959],[10.1687623,56.8653017],[10.1415506,56.8653017],[10.1415506,56.8789076],[10.1143389,56.8789076],[10.1143389,56.8925134],[10.0735213,56.8925134],[10.0735213,56.9061193],[10.0599155,56.9061193],[10.0599155,56.9197251],[10.0190979,56.9197251],[10.0190979,56.933331],[9.9918862,56.933331],[9.9918862,56.9469369],[9.9646745,56.9469369],[9.9646745,56.9605427],[9.9238569,56.9605427],[9.9238569,56.9741486],[9.8966452,56.9741486],[9.8966452,56.9877544],[9.8694335,56.9877544],[9.8694335,57.0013603],[9.8150101,57.0013603],[9.8150101,57.028572],[9.7877984,57.028572],[9.7877984,57.0421778],[9.733375,57.0421778],[9.733375,57.0557837],[9.7061633,57.0557837],[9.7061633,57.0693895],[9.6653457,57.0693895],[9.6653457,57.0829954],[9.638134,57.0829954],[9.638134,57.0966012],[9.6109223,57.0966012],[9.6109223,57.1102071],[9.5564989,57.1102071],[9.5564989,57.1238129],[9.5292872,57.1238129],[9.5292872,57.1374188],[9.4748638,57.1374188],[9.4748638,57.1510246],[9.4476521,57.1510246],[9.4476521,57.1782364],[9.3932287,57.1782364],[9.3932287,57.1918422],[9.366017,57.1918422],[9.366017,57.2054481],[9.2979877,57.2054481],[9.2979877,57.2190539],[9.2843818,57.2190539]]]}},{"type":"Feature","properties":{"clumps":126},"geometry":{"type":"Polygon","coordinates":[[[8.9578414,57.2054481],[8.9578414,57.1918422],[8.9170238,57.1918422],[8.9170238,57.1510246],[8.9442355,57.1510246],[8.9442355,57.1374188],[8.9986589,57.1374188],[8.9986589,57.1238129],[9.0394765,57.1238129],[9.0394765,57.1102071],[9.080294,57.1102071],[9.080294,57.0966012],[9.1075057,57.0966012],[9.1075057,57.0829954],[9.1483233,57.0829954],[9.1483233,57.0693895],[9.175535,57.0693895],[9.175535,57.0557837],[9.1891409,57.0557837],[9.1891409,57.0421778],[9.2435643,57.0421778],[9.2435643,57.028572],[9.2571701,57.028572],[9.2571701,57.0149661],[9.2979877,57.0149661],[9.2979877,57.0013603],[9.3388052,57.0013603],[9.3388052,56.9877544],[9.3796228,56.9877544],[9.3796228,56.9741486],[9.4204404,56.9741486],[9.4204404,56.9605427],[9.4476521,56.9605427],[9.4476521,56.9469369],[9.5020755,56.9469369],[9.5020755,56.933331],[9.5292872,56.933331],[9.5292872,56.9197251],[9.5564989,56.9197251],[9.5564989,56.9061193],[9.5837106,56.9061193],[9.5837106,56.8925134],[9.6109223,56.8925134],[9.6109223,56.8789076],[9.6653457,56.8789076],[9.6653457,56.8653017],[9.6925574,56.8653017],[9.6925574,56.8516959],[9.7061633,56.8516959],[9.7061633,56.83809],[9.7469808,56.83809],[9.7469808,56.8244842],[9.7741925,56.8244842],[9.7741925,56.8108783],[9.7877984,56.8108783],[9.7877984,56.7972725],[9.8014043,56.7972725],[9.8014043,56.8108783],[9.8150101,56.8108783],[9.8150101,56.7972725],[9.8558277,56.7972725],[9.8558277,56.7836666],[9.8830394,56.7836666],[9.8830394,56.7700608],[9.9238569,56.7700608],[9.9238569,56.7564549],[9.9510686,56.7564549],[9.9510686,56.7428491],[9.9782803,56.7428491],[9.9782803,56.7292432],[10.0054921,56.7292432],[10.0054921,56.7156373],[10.0327038,56.7156373],[10.0327038,56.7020315],[10.0599155,56.7020315],[10.0599155,56.6884256],[10.100733,56.6884256],[10.100733,56.6748198],[10.1143389,56.6748198],[10.1143389,56.6884256],[10.1279447,56.6884256],[10.1279447,56.6748198],[10.1415506,56.6748198],[10.1415506,56.6612139],[10.1551564,56.6612139],[10.1551564,56.6476081],[10.2095799,56.6476081],[10.2095799,56.6340022],[10.2367916,56.6340022],[10.2367916,56.6203964],[10.2503974,56.6203964],[10.2503974,56.6067905],[10.291215,56.6067905],[10.291215,56.5931847],[10.3184267,56.5931847],[10.3184267,56.5795788],[10.3456384,56.5795788],[10.3456384,56.565973],[10.3864559,56.565973],[10.3864559,56.5523671],[10.4272735,56.5523671],[10.4272735,56.5387613],[10.4544852,56.5387613],[10.4544852,56.5251554],[10.4816969,56.5251554],[10.4816969,56.5115495],[10.5089086,56.5115495],[10.5089086,56.4979437],[10.5497262,56.4979437],[10.5497262,56.4843378],[10.6041496,56.4843378],[10.6041496,56.470732],[10.6177554,56.470732],[10.6177554,56.4571261],[10.6449672,56.4571261],[10.6449672,56.4435203],[10.6857847,56.4435203],[10.6857847,56.4299144],[10.7129964,56.4299144],[10.7129964,56.4163086],[10.7402081,56.4163086],[10.7402081,56.4027027],[10.7810257,56.4027027],[10.7810257,56.3890969],[10.8082374,56.3890969],[10.8082374,56.375491],[10.8354491,56.375491],[10.8354491,56.3618852],[10.9170842,56.3618852],[10.9170842,56.4027027],[10.8762667,56.4027027],[10.8762667,56.4163086],[10.849055,56.4163086],[10.849055,56.4299144],[10.8082374,56.4299144],[10.8082374,56.4435203],[10.7810257,56.4435203],[10.7810257,56.4571261],[10.753814,56.4571261],[10.753814,56.470732],[10.7266023,56.470732],[10.7266023,56.4843378],[10.6857847,56.4843378],[10.6857847,56.4979437],[10.658573,56.4979437],[10.658573,56.5115495],[10.6449672,56.5115495],[10.6449672,56.5251554],[10.6177554,56.5251554],[10.6177554,56.5387613],[10.5769379,56.5387613],[10.5769379,56.5523671],[10.5497262,56.5523671],[10.5497262,56.565973],[10.5361203,56.565973],[10.5361203,56.5523671],[10.5225145,56.5523671],[10.5225145,56.5795788],[10.4680911,56.5795788],[10.4680911,56.5931847],[10.4272735,56.5931847],[10.4272735,56.6067905],[10.4136676,56.6067905],[10.4136676,56.6203964],[10.3728501,56.6203964],[10.3728501,56.6340022],[10.3456384,56.6340022],[10.3456384,56.6476081],[10.3184267,56.6476081],[10.3184267,56.6612139],[10.2503974,56.6612139],[10.2503974,56.6748198],[10.2367916,56.6748198],[10.2367916,56.6884256],[10.2095799,56.6884256],[10.2095799,56.7020315],[10.1551564,56.7020315],[10.1551564,56.7156373],[10.1415506,56.7156373],[10.1415506,56.7292432],[10.100733,56.7292432],[10.100733,56.7428491],[10.0735213,56.7428491],[10.0735213,56.7564549],[10.0463096,56.7564549],[10.0463096,56.7700608],[10.0190979,56.7700608],[10.0190979,56.7836666],[9.9782803,56.7836666],[9.9782803,56.7972725],[9.9374628,56.7972725],[9.9374628,56.8108783],[9.9102511,56.8108783],[9.9102511,56.8244842],[9.8830394,56.8244842],[9.8830394,56.83809],[9.8558277,56.83809],[9.8558277,56.8516959],[9.8150101,56.8516959],[9.8150101,56.8653017],[9.7877984,56.8653017],[9.7877984,56.8789076],[9.7469808,56.8789076],[9.7469808,56.8925134],[9.7061633,56.8925134],[9.7061633,56.9061193],[9.6789516,56.9061193],[9.6789516,56.9197251],[9.638134,56.9197251],[9.638134,56.933331],[9.6245282,56.933331],[9.6245282,56.9469369],[9.6109223,56.9469369],[9.6109223,56.9605427],[9.5701048,56.9605427],[9.5701048,56.9741486],[9.542893,56.9741486],[9.542893,56.9877544],[9.4884696,56.9877544],[9.4884696,57.0013603],[9.4748638,57.0013603],[9.4748638,57.0149661],[9.4612579,57.0149661],[9.4612579,57.028572],[9.3932287,57.028572],[9.3932287,57.0421778],[9.3524111,57.0421778],[9.3524111,57.0557837],[9.3115935,57.0557837],[9.3115935,57.0693895],[9.2843818,57.0693895],[9.2843818,57.0829954],[9.2571701,57.0829954],[9.2571701,57.0966012],[9.2163526,57.0966012],[9.2163526,57.1102071],[9.1891409,57.1102071],[9.1891409,57.1238129],[9.1347174,57.1238129],[9.1347174,57.1374188],[9.1211116,57.1374188],[9.1211116,57.1510246],[9.1075057,57.1510246],[9.1075057,57.1646305],[9.0530823,57.1646305],[9.0530823,57.1782364],[9.0394765,57.1782364],[9.0394765,57.1918422],[8.9714472,57.1918422],[8.9714472,57.2054481],[8.9578414,57.2054481]]]}},{"type":"Feature","properties":{"clumps":127},"geometry":{"type":"Polygon","coordinates":[[[8.6585126,57.1782364],[8.6585126,57.1646305],[8.617695,57.1646305],[8.617695,57.1238129],[8.6449067,57.1238129],[8.6449067,57.1102071],[8.6585126,57.1102071],[8.6585126,57.1238129],[8.6721184,57.1238129],[8.6721184,57.1102071],[8.6993301,57.1102071],[8.6993301,57.0966012],[8.7537536,57.0966012],[8.7537536,57.0829954],[8.7945711,57.0829954],[8.7945711,57.0693895],[8.8489945,57.0693895],[8.8489945,57.0557837],[8.8626004,57.0557837],[8.8626004,57.0421778],[8.9034179,57.0421778],[8.9034179,57.028572],[8.9306296,57.028572],[8.9306296,57.0149661],[8.9442355,57.0149661],[8.9442355,57.0013603],[8.9986589,57.0013603],[8.9986589,56.9877544],[9.0394765,56.9877544],[9.0394765,56.9741486],[9.0666882,56.9741486],[9.0666882,56.9605427],[9.0938999,56.9605427],[9.0938999,56.9469369],[9.1075057,56.9469369],[9.1075057,56.933331],[9.1211116,56.933331],[9.1211116,56.9469369],[9.1347174,56.9469369],[9.1347174,56.933331],[9.1619292,56.933331],[9.1619292,56.9197251],[9.1891409,56.9197251],[9.1891409,56.9061193],[9.2299584,56.9061193],[9.2299584,56.8925134],[9.2571701,56.8925134],[9.2571701,56.8789076],[9.2979877,56.8789076],[9.2979877,56.8653017],[9.3388052,56.8653017],[9.3388052,56.8516959],[9.366017,56.8516959],[9.366017,56.83809],[9.4204404,56.83809],[9.4204404,56.8244842],[9.4476521,56.8244842],[9.4476521,56.8108783],[9.4748638,56.8108783],[9.4748638,56.7972725],[9.5156813,56.7972725],[9.5156813,56.7836666],[9.5292872,56.7836666],[9.5292872,56.7700608],[9.5701048,56.7700608],[9.5701048,56.7564549],[9.6109223,56.7564549],[9.6109223,56.7428491],[9.6245282,56.7428491],[9.6245282,56.7292432],[9.6925574,56.7292432],[9.6925574,56.7156373],[9.7197691,56.7156373],[9.7197691,56.7020315],[9.7469808,56.7020315],[9.7469808,56.6884256],[9.7877984,56.6884256],[9.7877984,56.6748198],[9.8150101,56.6748198],[9.8150101,56.6612139],[9.8558277,56.6612139],[9.8558277,56.6476081],[9.8830394,56.6476081],[9.8830394,56.6340022],[9.9102511,56.6340022],[9.9102511,56.6203964],[9.9510686,56.6203964],[9.9510686,56.6067905],[9.9646745,56.6067905],[9.9646745,56.5931847],[9.9918862,56.5931847],[9.9918862,56.5795788],[10.0463096,56.5795788],[10.0463096,56.565973],[10.0735213,56.565973],[10.0735213,56.5523671],[10.100733,56.5523671],[10.100733,56.5387613],[10.1551564,56.5387613],[10.1551564,56.5251554],[10.1687623,56.5251554],[10.1687623,56.5115495],[10.1823681,56.5115495],[10.1823681,56.4979437],[10.2231857,56.4979437],[10.2231857,56.4843378],[10.2503974,56.4843378],[10.2503974,56.470732],[10.2776091,56.470732],[10.2776091,56.4571261],[10.3184267,56.4571261],[10.3184267,56.4435203],[10.3456384,56.4435203],[10.3456384,56.4299144],[10.3728501,56.4299144],[10.3728501,56.4163086],[10.4136676,56.4163086],[10.4136676,56.4027027],[10.4408794,56.4027027],[10.4408794,56.3890969],[10.4544852,56.3890969],[10.4544852,56.375491],[10.5089086,56.375491],[10.5089086,56.3618852],[10.5361203,56.3618852],[10.5361203,56.3482793],[10.563332,56.3482793],[10.563332,56.3346735],[10.6177554,56.3346735],[10.6177554,56.3210676],[10.6313613,56.3210676],[10.6313613,56.3074618],[10.658573,56.3074618],[10.658573,56.2938559],[10.6993906,56.2938559],[10.6993906,56.28025],[10.7266023,56.28025],[10.7266023,56.2666442],[10.7810257,56.2666442],[10.7810257,56.28025],[10.8082374,56.28025],[10.8082374,56.2938559],[10.7946315,56.2938559],[10.7946315,56.3074618],[10.753814,56.3074618],[10.753814,56.3210676],[10.7266023,56.3210676],[10.7266023,56.3346735],[10.6993906,56.3346735],[10.6993906,56.3482793],[10.6721789,56.3482793],[10.6721789,56.3618852],[10.6449672,56.3618852],[10.6449672,56.375491],[10.6177554,56.375491],[10.6177554,56.3890969],[10.5769379,56.3890969],[10.5769379,56.4027027],[10.5497262,56.4027027],[10.5497262,56.4163086],[10.5225145,56.4163086],[10.5225145,56.4299144],[10.4680911,56.4299144],[10.4680911,56.4435203],[10.4544852,56.4435203],[10.4544852,56.4571261],[10.4272735,56.4571261],[10.4272735,56.470732],[10.3728501,56.470732],[10.3728501,56.4843378],[10.3592442,56.4843378],[10.3592442,56.4979437],[10.3456384,56.4979437],[10.3456384,56.5115495],[10.291215,56.5115495],[10.291215,56.5251554],[10.2776091,56.5251554],[10.2776091,56.5387613],[10.2503974,56.5387613],[10.2503974,56.5523671],[10.2095799,56.5523671],[10.2095799,56.565973],[10.1687623,56.565973],[10.1687623,56.5795788],[10.1415506,56.5795788],[10.1415506,56.5931847],[10.100733,56.5931847],[10.100733,56.6067905],[10.0735213,56.6067905],[10.0735213,56.6203964],[10.0463096,56.6203964],[10.0463096,56.6340022],[10.0190979,56.6340022],[10.0190979,56.6476081],[10.0054921,56.6476081],[10.0054921,56.6340022],[9.9918862,56.6340022],[9.9918862,56.6476081],[9.9646745,56.6476081],[9.9646745,56.6612139],[9.9238569,56.6612139],[9.9238569,56.6748198],[9.8966452,56.6748198],[9.8966452,56.6884256],[9.8694335,56.6884256],[9.8694335,56.7020315],[9.828616,56.7020315],[9.828616,56.7156373],[9.8150101,56.7156373],[9.8150101,56.7292432],[9.7741925,56.7292432],[9.7741925,56.7428491],[9.733375,56.7428491],[9.733375,56.7564549],[9.7197691,56.7564549],[9.7197691,56.7700608],[9.6925574,56.7700608],[9.6925574,56.7836666],[9.6245282,56.7836666],[9.6245282,56.7972725],[9.6109223,56.7972725],[9.6109223,56.8108783],[9.5564989,56.8108783],[9.5564989,56.8244842],[9.542893,56.8244842],[9.542893,56.83809],[9.5020755,56.83809],[9.5020755,56.8516959],[9.4748638,56.8516959],[9.4748638,56.8653017],[9.4476521,56.8653017],[9.4476521,56.8789076],[9.4204404,56.8789076],[9.4204404,56.8925134],[9.3796228,56.8925134],[9.3796228,56.9061193],[9.3388052,56.9061193],[9.3388052,56.9197251],[9.2979877,56.9197251],[9.2979877,56.933331],[9.270776,56.933331],[9.270776,56.9469369],[9.2571701,56.9469369],[9.2571701,56.9605427],[9.2163526,56.9605427],[9.2163526,56.9741486],[9.1891409,56.9741486],[9.1891409,56.9877544],[9.1483233,56.9877544],[9.1483233,57.0013603],[9.1075057,57.0013603],[9.1075057,57.0149661],[9.0938999,57.0149661],[9.0938999,57.028572],[9.080294,57.028572],[9.080294,57.0149661],[9.0666882,57.0149661],[9.0666882,57.028572],[9.0258706,57.028572],[9.0258706,57.0421778],[9.0122648,57.0421778],[9.0122648,57.0557837],[8.9714472,57.0557837],[8.9714472,57.0693895],[8.9442355,57.0693895],[8.9442355,57.0829954],[8.9034179,57.0829954],[8.9034179,57.0966012],[8.8762062,57.0966012],[8.8762062,57.1102071],[8.8626004,57.1102071],[8.8626004,57.1238129],[8.8217828,57.1238129],[8.8217828,57.1374188],[8.7945711,57.1374188],[8.7945711,57.1510246],[8.7401477,57.1510246],[8.7401477,57.1646305],[8.6993301,57.1646305],[8.6993301,57.1782364],[8.6585126,57.1782364]]]}},{"type":"Feature","properties":{"clumps":128},"geometry":{"type":"Polygon","coordinates":[[[21.8017668,57.1646305],[21.8017668,57.1510246],[21.7881609,57.1510246],[21.7881609,57.1374188],[21.7745551,57.1374188],[21.7745551,57.1238129],[21.7609492,57.1238129],[21.7609492,57.0966012],[21.7745551,57.0966012],[21.7745551,57.0829954],[21.7881609,57.0829954],[21.7881609,57.0693895],[21.8153726,57.0693895],[21.8153726,57.0557837],[21.9106136,57.0557837],[21.9106136,57.0421778],[21.9242195,57.0421778],[21.9242195,57.0557837],[21.9514312,57.0557837],[21.9514312,57.0693895],[21.9786429,57.0693895],[21.9786429,57.0829954],[21.9922487,57.0829954],[21.9922487,57.0966012],[21.9786429,57.0966012],[21.9786429,57.1238129],[21.965037,57.1238129],[21.965037,57.1374188],[21.9786429,57.1374188],[21.9786429,57.1510246],[21.9378253,57.1510246],[21.9378253,57.1646305],[21.8017668,57.1646305]]]}},{"type":"Feature","properties":{"clumps":129},"geometry":{"type":"Polygon","coordinates":[[[23.3120165,57.1238129],[23.3120165,57.1102071],[23.2848048,57.1102071],[23.2848048,57.0966012],[23.2711989,57.0966012],[23.2711989,57.0693895],[23.2575931,57.0693895],[23.2575931,57.028572],[23.2711989,57.028572],[23.2711989,57.0149661],[23.2848048,57.0149661],[23.2848048,57.0013603],[23.3664399,57.0013603],[23.3664399,56.9877544],[23.5024984,56.9877544],[23.5024984,57.0013603],[23.5161043,57.0013603],[23.5161043,57.0149661],[23.5297101,57.0149661],[23.5297101,57.0557837],[23.5161043,57.0557837],[23.5161043,57.0693895],[23.5024984,57.0693895],[23.5024984,57.0829954],[23.4888926,57.0829954],[23.4888926,57.0966012],[23.4616809,57.0966012],[23.4616809,57.1102071],[23.4208633,57.1102071],[23.4208633,57.1238129],[23.3120165,57.1238129]]]}},{"type":"Feature","properties":{"clumps":130},"geometry":{"type":"Polygon","coordinates":[[[8.4816365,57.0829954],[8.4816365,57.0693895],[8.4544248,57.0693895],[8.4544248,57.0557837],[8.4680306,57.0557837],[8.4680306,57.0421778],[8.4952423,57.0421778],[8.4952423,57.028572],[8.5224541,57.028572],[8.5224541,57.0149661],[8.5768775,57.0149661],[8.5768775,57.0013603],[8.6313009,57.0013603],[8.6313009,56.9877544],[8.6585126,56.9877544],[8.6585126,56.9741486],[8.6857243,56.9741486],[8.6857243,56.9605427],[8.712936,56.9605427],[8.712936,56.9469369],[8.7537536,56.9469369],[8.7537536,56.933331],[8.7809653,56.933331],[8.7809653,56.9197251],[8.808177,56.9197251],[8.808177,56.9061193],[8.8217828,56.9061193],[8.8217828,56.9197251],[8.8353887,56.9197251],[8.8353887,56.9061193],[8.8762062,56.9061193],[8.8762062,56.8925134],[8.9034179,56.8925134],[8.9034179,56.8789076],[8.9306296,56.8789076],[8.9306296,56.8653017],[8.9714472,56.8653017],[8.9714472,56.8516959],[8.9850531,56.8516959],[8.9850531,56.83809],[9.0122648,56.83809],[9.0122648,56.8244842],[9.0530823,56.8244842],[9.0530823,56.8108783],[9.080294,56.8108783],[9.080294,56.7972725],[9.1347174,56.7972725],[9.1347174,56.7836666],[9.1619292,56.7836666],[9.1619292,56.7700608],[9.175535,56.7700608],[9.175535,56.7564549],[9.2299584,56.7564549],[9.2299584,56.7428491],[9.2571701,56.7428491],[9.2571701,56.7292432],[9.2979877,56.7292432],[9.2979877,56.7156373],[9.3251994,56.7156373],[9.3251994,56.7020315],[9.3388052,56.7020315],[9.3388052,56.6884256],[9.3524111,56.6884256],[9.3524111,56.7020315],[9.366017,56.7020315],[9.366017,56.6884256],[9.4068345,56.6884256],[9.4068345,56.6748198],[9.4340462,56.6748198],[9.4340462,56.6612139],[9.4748638,56.6612139],[9.4748638,56.6476081],[9.5156813,56.6476081],[9.5156813,56.6340022],[9.542893,56.6340022],[9.542893,56.6203964],[9.5701048,56.6203964],[9.5701048,56.6067905],[9.5973165,56.6067905],[9.5973165,56.5931847],[9.638134,56.5931847],[9.638134,56.5795788],[9.6925574,56.5795788],[9.6925574,56.565973],[9.7197691,56.565973],[9.7197691,56.5523671],[9.7605867,56.5523671],[9.7605867,56.5387613],[9.7741925,56.5387613],[9.7741925,56.5251554],[9.8014043,56.5251554],[9.8014043,56.5115495],[9.8422218,56.5115495],[9.8422218,56.4979437],[9.8694335,56.4979437],[9.8694335,56.4843378],[9.8966452,56.4843378],[9.8966452,56.470732],[9.9510686,56.470732],[9.9510686,56.4571261],[9.9782803,56.4571261],[9.9782803,56.4299144],[9.9918862,56.4299144],[9.9918862,56.4435203],[10.0054921,56.4435203],[10.0054921,56.4299144],[10.0327038,56.4299144],[10.0327038,56.4163086],[10.0735213,56.4163086],[10.0735213,56.4027027],[10.100733,56.4027027],[10.100733,56.3890969],[10.1415506,56.3890969],[10.1415506,56.375491],[10.1687623,56.375491],[10.1687623,56.3618852],[10.195974,56.3618852],[10.195974,56.3482793],[10.2367916,56.3482793],[10.2367916,56.3346735],[10.2776091,56.3346735],[10.2776091,56.3074618],[10.3320325,56.3074618],[10.3320325,56.28025],[10.3728501,56.28025],[10.3728501,56.2666442],[10.4136676,56.2666442],[10.4136676,56.2530383],[10.4544852,56.2530383],[10.4544852,56.2394325],[10.4816969,56.2394325],[10.4816969,56.2258266],[10.4953028,56.2258266],[10.4953028,56.2122208],[10.5361203,56.2122208],[10.5361203,56.1986149],[10.5497262,56.1986149],[10.5497262,56.1850091],[10.5769379,56.1850091],[10.5769379,56.1714032],[10.6313613,56.1714032],[10.6313613,56.1577974],[10.6721789,56.1577974],[10.6721789,56.1714032],[10.7129964,56.1714032],[10.7129964,56.1850091],[10.6993906,56.1850091],[10.6993906,56.2122208],[10.6857847,56.2122208],[10.6857847,56.2258266],[10.6313613,56.2258266],[10.6313613,56.2394325],[10.6041496,56.2394325],[10.6041496,56.2530383],[10.563332,56.2530383],[10.563332,56.2666442],[10.5361203,56.2666442],[10.5361203,56.28025],[10.5089086,56.28025],[10.5089086,56.2938559],[10.4816969,56.2938559],[10.4816969,56.3074618],[10.4544852,56.3074618],[10.4544852,56.3210676],[10.4000618,56.3210676],[10.4000618,56.3346735],[10.3728501,56.3346735],[10.3728501,56.3482793],[10.3456384,56.3482793],[10.3456384,56.3618852],[10.2776091,56.3618852],[10.2776091,56.3890969],[10.2503974,56.3890969],[10.2503974,56.4027027],[10.195974,56.4027027],[10.195974,56.4163086],[10.1687623,56.4163086],[10.1687623,56.4299144],[10.1415506,56.4299144],[10.1415506,56.4435203],[10.100733,56.4435203],[10.100733,56.4571261],[10.0735213,56.4571261],[10.0735213,56.470732],[10.0599155,56.470732],[10.0599155,56.4843378],[10.0190979,56.4843378],[10.0190979,56.4979437],[9.9918862,56.4979437],[9.9918862,56.5115495],[9.9646745,56.5115495],[9.9646745,56.5251554],[9.8966452,56.5251554],[9.8966452,56.5523671],[9.8830394,56.5523671],[9.8830394,56.5387613],[9.8694335,56.5387613],[9.8694335,56.5523671],[9.8422218,56.5523671],[9.8422218,56.565973],[9.8014043,56.565973],[9.8014043,56.5795788],[9.7741925,56.5795788],[9.7741925,56.5931847],[9.7469808,56.5931847],[9.7469808,56.6067905],[9.7197691,56.6067905],[9.7197691,56.6203964],[9.6925574,56.6203964],[9.6925574,56.6340022],[9.6517399,56.6340022],[9.6517399,56.6476081],[9.6245282,56.6476081],[9.6245282,56.6612139],[9.5973165,56.6612139],[9.5973165,56.6748198],[9.542893,56.6748198],[9.542893,56.6884256],[9.5020755,56.6884256],[9.5020755,56.7020315],[9.4748638,56.7020315],[9.4748638,56.7156373],[9.4340462,56.7156373],[9.4340462,56.7292432],[9.4204404,56.7292432],[9.4204404,56.7428491],[9.3796228,56.7428491],[9.3796228,56.7564549],[9.3524111,56.7564549],[9.3524111,56.7700608],[9.3251994,56.7700608],[9.3251994,56.7836666],[9.3115935,56.7836666],[9.3115935,56.7700608],[9.2979877,56.7700608],[9.2979877,56.7836666],[9.2843818,56.7836666],[9.2843818,56.7972725],[9.2571701,56.7972725],[9.2571701,56.8108783],[9.2163526,56.8108783],[9.2163526,56.8244842],[9.1891409,56.8244842],[9.1891409,56.83809],[9.1619292,56.83809],[9.1619292,56.8516959],[9.1211116,56.8516959],[9.1211116,56.8653017],[9.0938999,56.8653017],[9.0938999,56.8789076],[9.0530823,56.8789076],[9.0530823,56.8925134],[9.0258706,56.8925134],[9.0258706,56.9061193],[9.0122648,56.9061193],[9.0122648,56.8925134],[8.9986589,56.8925134],[8.9986589,56.9061193],[8.9850531,56.9061193],[8.9850531,56.9197251],[8.9578414,56.9197251],[8.9578414,56.933331],[8.9306296,56.933331],[8.9306296,56.9469369],[8.8898121,56.9469369],[8.8898121,56.9605427],[8.8626004,56.9605427],[8.8626004,56.9741486],[8.8353887,56.9741486],[8.8353887,56.9877544],[8.7673594,56.9877544],[8.7673594,57.0013603],[8.7401477,57.0013603],[8.7401477,57.0149661],[8.6857243,57.0149661],[8.6857243,57.028572],[8.6721184,57.028572],[8.6721184,57.0421778],[8.6313009,57.0421778],[8.6313009,57.0557837],[8.6040892,57.0557837],[8.6040892,57.0693895],[8.5768775,57.0693895],[8.5768775,57.0829954],[8.5632716,57.0829954],[8.5632716,57.0693895],[8.5496658,57.0693895],[8.5496658,57.0829954],[8.4816365,57.0829954]]]}},{"type":"Feature","properties":{"clumps":131},"geometry":{"type":"Polygon","coordinates":[[[23.6793745,57.0829954],[23.6793745,57.0693895],[23.638557,57.0693895],[23.638557,57.0557837],[23.6249511,57.0557837],[23.6249511,57.0421778],[23.6113453,57.0421778],[23.6113453,56.9741486],[23.638557,56.9741486],[23.638557,56.9605427],[23.7610096,56.9605427],[23.7610096,56.9469369],[23.8018272,56.9469369],[23.8018272,56.9605427],[23.8426448,56.9605427],[23.8426448,56.9741486],[23.8562506,56.9741486],[23.8562506,56.9877544],[23.8698565,56.9877544],[23.8698565,57.0421778],[23.8426448,57.0421778],[23.8426448,57.0557837],[23.8290389,57.0557837],[23.8290389,57.0693895],[23.8018272,57.0693895],[23.8018272,57.0829954],[23.6793745,57.0829954]]]}},{"type":"Feature","properties":{"clumps":132},"geometry":{"type":"Polygon","coordinates":[[[8.3727897,57.0013603],[8.3727897,56.9877544],[8.3591838,56.9877544],[8.3591838,56.9741486],[8.345578,56.9741486],[8.345578,56.9605427],[8.3591838,56.9605427],[8.3591838,56.9469369],[8.3727897,56.9469369],[8.3727897,56.933331],[8.4272131,56.933331],[8.4272131,56.9197251],[8.4680306,56.9197251],[8.4680306,56.9061193],[8.4952423,56.9061193],[8.4952423,56.8925134],[8.5496658,56.8925134],[8.5496658,56.8789076],[8.5632716,56.8789076],[8.5632716,56.8653017],[8.6040892,56.8653017],[8.6040892,56.8516959],[8.6313009,56.8516959],[8.6313009,56.83809],[8.6585126,56.83809],[8.6585126,56.8244842],[8.6993301,56.8244842],[8.6993301,56.8108783],[8.7265419,56.8108783],[8.7265419,56.7972725],[8.7809653,56.7972725],[8.7809653,56.7836666],[8.808177,56.7836666],[8.808177,56.7700608],[8.8217828,56.7700608],[8.8217828,56.7564549],[8.8489945,56.7564549],[8.8489945,56.7428491],[8.8898121,56.7428491],[8.8898121,56.7292432],[8.9306296,56.7292432],[8.9306296,56.7156373],[8.9714472,56.7156373],[8.9714472,56.7020315],[8.9986589,56.7020315],[8.9986589,56.6884256],[9.0530823,56.6884256],[9.0530823,56.6748198],[9.0666882,56.6748198],[9.0666882,56.6476081],[9.080294,56.6476081],[9.080294,56.6612139],[9.0938999,56.6612139],[9.0938999,56.6476081],[9.1211116,56.6476081],[9.1211116,56.6340022],[9.1483233,56.6340022],[9.1483233,56.6203964],[9.2027467,56.6203964],[9.2027467,56.6067905],[9.2299584,56.6067905],[9.2299584,56.5931847],[9.2571701,56.5931847],[9.2571701,56.5795788],[9.3115935,56.5795788],[9.3115935,56.565973],[9.3388052,56.565973],[9.3388052,56.5523671],[9.3796228,56.5523671],[9.3796228,56.5387613],[9.4068345,56.5387613],[9.4068345,56.5251554],[9.4340462,56.5251554],[9.4340462,56.5115495],[9.4884696,56.5115495],[9.4884696,56.4979437],[9.5292872,56.4979437],[9.5292872,56.4843378],[9.5564989,56.4843378],[9.5564989,56.470732],[9.5973165,56.470732],[9.5973165,56.4571261],[9.6109223,56.4571261],[9.6109223,56.4435203],[9.638134,56.4435203],[9.638134,56.4299144],[9.6789516,56.4299144],[9.6789516,56.4163086],[9.7061633,56.4163086],[9.7061633,56.4027027],[9.7469808,56.4027027],[9.7469808,56.3890969],[9.7741925,56.3890969],[9.7741925,56.375491],[9.8014043,56.375491],[9.8014043,56.3618852],[9.8422218,56.3618852],[9.8422218,56.3482793],[9.8830394,56.3482793],[9.8830394,56.3346735],[9.9102511,56.3346735],[9.9102511,56.3210676],[9.9510686,56.3210676],[9.9510686,56.3074618],[9.9782803,56.3074618],[9.9782803,56.2938559],[9.9918862,56.2938559],[9.9918862,56.28025],[10.0463096,56.28025],[10.0463096,56.2666442],[10.0871272,56.2666442],[10.0871272,56.2530383],[10.100733,56.2530383],[10.100733,56.2394325],[10.1415506,56.2394325],[10.1415506,56.2258266],[10.1687623,56.2258266],[10.1687623,56.2122208],[10.1823681,56.2122208],[10.1823681,56.1986149],[10.2640033,56.1986149],[10.2640033,56.2122208],[10.2776091,56.2122208],[10.2776091,56.2394325],[10.2503974,56.2394325],[10.2503974,56.2530383],[10.2231857,56.2530383],[10.2231857,56.2666442],[10.195974,56.2666442],[10.195974,56.28025],[10.1551564,56.28025],[10.1551564,56.2938559],[10.1143389,56.2938559],[10.1143389,56.3074618],[10.0871272,56.3074618],[10.0871272,56.3210676],[10.0599155,56.3210676],[10.0599155,56.3346735],[10.0190979,56.3346735],[10.0190979,56.3482793],[9.9918862,56.3482793],[9.9918862,56.3618852],[9.9510686,56.3618852],[9.9510686,56.375491],[9.9102511,56.375491],[9.9102511,56.3890969],[9.8830394,56.3890969],[9.8830394,56.4027027],[9.8422218,56.4027027],[9.8422218,56.4163086],[9.8150101,56.4163086],[9.8150101,56.4299144],[9.7877984,56.4299144],[9.7877984,56.4435203],[9.7469808,56.4435203],[9.7469808,56.4571261],[9.7061633,56.4571261],[9.7061633,56.470732],[9.6925574,56.470732],[9.6925574,56.4843378],[9.6517399,56.4843378],[9.6517399,56.4979437],[9.6245282,56.4979437],[9.6245282,56.5115495],[9.5837106,56.5115495],[9.5837106,56.5251554],[9.5564989,56.5251554],[9.5564989,56.5387613],[9.5020755,56.5387613],[9.5020755,56.5523671],[9.4748638,56.5523671],[9.4748638,56.565973],[9.4476521,56.565973],[9.4476521,56.5795788],[9.4204404,56.5795788],[9.4204404,56.5931847],[9.3796228,56.5931847],[9.3796228,56.6067905],[9.3524111,56.6067905],[9.3524111,56.6203964],[9.3388052,56.6203964],[9.3388052,56.6340022],[9.2979877,56.6340022],[9.2979877,56.6476081],[9.270776,56.6476081],[9.270776,56.6612139],[9.2435643,56.6612139],[9.2435643,56.6748198],[9.1891409,56.6748198],[9.1891409,56.6884256],[9.175535,56.6884256],[9.175535,56.7020315],[9.1211116,56.7020315],[9.1211116,56.7156373],[9.080294,56.7156373],[9.080294,56.7292432],[9.0530823,56.7292432],[9.0530823,56.7428491],[9.0122648,56.7428491],[9.0122648,56.7564549],[8.9850531,56.7564549],[8.9850531,56.7700608],[8.9442355,56.7700608],[8.9442355,56.7836666],[8.9306296,56.7836666],[8.9306296,56.7972725],[8.9034179,56.7972725],[8.9034179,56.8108783],[8.8489945,56.8108783],[8.8489945,56.8244842],[8.808177,56.8244842],[8.808177,56.83809],[8.7673594,56.83809],[8.7673594,56.8516959],[8.7537536,56.8516959],[8.7537536,56.8653017],[8.7265419,56.8653017],[8.7265419,56.8789076],[8.6857243,56.8789076],[8.6857243,56.8925134],[8.6585126,56.8925134],[8.6585126,56.9061193],[8.6040892,56.9061193],[8.6040892,56.9197251],[8.5768775,56.9197251],[8.5768775,56.933331],[8.5496658,56.933331],[8.5496658,56.9469369],[8.5360599,56.9469369],[8.5360599,56.933331],[8.5224541,56.933331],[8.5224541,56.9469369],[8.4952423,56.9469369],[8.4952423,56.9605427],[8.4680306,56.9605427],[8.4680306,56.9741486],[8.4408189,56.9741486],[8.4408189,56.9877544],[8.4136072,56.9877544],[8.4136072,57.0013603],[8.3727897,57.0013603]]]}},{"type":"Feature","properties":{"clumps":133},"geometry":{"type":"Polygon","coordinates":[[[8.2911545,56.8925134],[8.2911545,56.8789076],[8.2639428,56.8789076],[8.2639428,56.8653017],[8.250337,56.8653017],[8.250337,56.8516959],[8.2639428,56.8516959],[8.2639428,56.8244842],[8.3047604,56.8244842],[8.3047604,56.8108783],[8.3183663,56.8108783],[8.3183663,56.8244842],[8.3319721,56.8244842],[8.3319721,56.8108783],[8.345578,56.8108783],[8.345578,56.7972725],[8.3863955,56.7972725],[8.3863955,56.7836666],[8.4272131,56.7836666],[8.4272131,56.7700608],[8.4544248,56.7700608],[8.4544248,56.7564549],[8.4816365,56.7564549],[8.4816365,56.7428491],[8.5088482,56.7428491],[8.5088482,56.7292432],[8.5224541,56.7292432],[8.5224541,56.7428491],[8.5360599,56.7428491],[8.5360599,56.7292432],[8.5768775,56.7292432],[8.5768775,56.7156373],[8.5904833,56.7156373],[8.5904833,56.7020315],[8.617695,56.7020315],[8.617695,56.6884256],[8.6585126,56.6884256],[8.6585126,56.6748198],[8.6993301,56.6748198],[8.6993301,56.6612139],[8.7265419,56.6612139],[8.7265419,56.6476081],[8.7401477,56.6476081],[8.7401477,56.6340022],[8.7945711,56.6340022],[8.7945711,56.6203964],[8.8489945,56.6203964],[8.8489945,56.6067905],[8.8626004,56.6067905],[8.8626004,56.5931847],[8.9034179,56.5931847],[8.9034179,56.5795788],[8.9442355,56.5795788],[8.9442355,56.565973],[8.9578414,56.565973],[8.9578414,56.5523671],[9.0122648,56.5523671],[9.0122648,56.5387613],[9.0394765,56.5387613],[9.0394765,56.5251554],[9.0666882,56.5251554],[9.0666882,56.5115495],[9.1075057,56.5115495],[9.1075057,56.4979437],[9.1347174,56.4979437],[9.1347174,56.4843378],[9.175535,56.4843378],[9.175535,56.470732],[9.2027467,56.470732],[9.2027467,56.4571261],[9.2299584,56.4571261],[9.2299584,56.4435203],[9.2843818,56.4435203],[9.2843818,56.4299144],[9.2979877,56.4299144],[9.2979877,56.4163086],[9.3251994,56.4163086],[9.3251994,56.4027027],[9.366017,56.4027027],[9.366017,56.3890969],[9.4068345,56.3890969],[9.4068345,56.375491],[9.4340462,56.375491],[9.4340462,56.3618852],[9.4748638,56.3618852],[9.4748638,56.3482793],[9.5020755,56.3482793],[9.5020755,56.3346735],[9.5156813,56.3346735],[9.5156813,56.3210676],[9.5292872,56.3210676],[9.5292872,56.3346735],[9.542893,56.3346735],[9.542893,56.3210676],[9.5701048,56.3210676],[9.5701048,56.3074618],[9.6109223,56.3074618],[9.6109223,56.2938559],[9.638134,56.2938559],[9.638134,56.28025],[9.6653457,56.28025],[9.6653457,56.2666442],[9.6925574,56.2666442],[9.6925574,56.2530383],[9.733375,56.2530383],[9.733375,56.2394325],[9.7605867,56.2394325],[9.7605867,56.2258266],[9.7877984,56.2258266],[9.7877984,56.2122208],[9.8422218,56.2122208],[9.8422218,56.1986149],[9.8694335,56.1986149],[9.8694335,56.1850091],[9.8966452,56.1850091],[9.8966452,56.1714032],[9.9374628,56.1714032],[9.9374628,56.1577974],[9.9646745,56.1577974],[9.9646745,56.1441915],[9.9782803,56.1441915],[9.9782803,56.1305857],[10.0190979,56.1305857],[10.0190979,56.1169798],[10.0599155,56.1169798],[10.0599155,56.103374],[10.0871272,56.103374],[10.0871272,56.0897681],[10.1279447,56.0897681],[10.1279447,56.0761622],[10.1551564,56.0761622],[10.1551564,56.0625564],[10.195974,56.0625564],[10.195974,56.0489505],[10.2640033,56.0489505],[10.2640033,56.0897681],[10.2231857,56.0897681],[10.2231857,56.103374],[10.195974,56.103374],[10.195974,56.1169798],[10.1823681,56.1169798],[10.1823681,56.103374],[10.1687623,56.103374],[10.1687623,56.1305857],[10.1143389,56.1305857],[10.1143389,56.1441915],[10.0871272,56.1441915],[10.0871272,56.1577974],[10.0599155,56.1577974],[10.0599155,56.1714032],[10.0190979,56.1714032],[10.0190979,56.1850091],[9.9918862,56.1850091],[9.9918862,56.1986149],[9.9646745,56.1986149],[9.9646745,56.2122208],[9.9238569,56.2122208],[9.9238569,56.2258266],[9.8966452,56.2258266],[9.8966452,56.2394325],[9.8694335,56.2394325],[9.8694335,56.2530383],[9.8150101,56.2530383],[9.8150101,56.2666442],[9.7877984,56.2666442],[9.7877984,56.28025],[9.7605867,56.28025],[9.7605867,56.2938559],[9.7197691,56.2938559],[9.7197691,56.3074618],[9.6925574,56.3074618],[9.6925574,56.3210676],[9.6789516,56.3210676],[9.6789516,56.3346735],[9.6245282,56.3346735],[9.6245282,56.3482793],[9.6109223,56.3482793],[9.6109223,56.3618852],[9.5837106,56.3618852],[9.5837106,56.375491],[9.542893,56.375491],[9.542893,56.3890969],[9.5292872,56.3890969],[9.5292872,56.375491],[9.5156813,56.375491],[9.5156813,56.4027027],[9.4748638,56.4027027],[9.4748638,56.4163086],[9.4340462,56.4163086],[9.4340462,56.4299144],[9.3932287,56.4299144],[9.3932287,56.4435203],[9.3796228,56.4435203],[9.3796228,56.4571261],[9.3524111,56.4571261],[9.3524111,56.470732],[9.2979877,56.470732],[9.2979877,56.4843378],[9.2843818,56.4843378],[9.2843818,56.4979437],[9.2299584,56.4979437],[9.2299584,56.5115495],[9.2027467,56.5115495],[9.2027467,56.5251554],[9.1619292,56.5251554],[9.1619292,56.5387613],[9.1483233,56.5387613],[9.1483233,56.5523671],[9.1211116,56.5523671],[9.1211116,56.565973],[9.0938999,56.565973],[9.0938999,56.5795788],[9.0666882,56.5795788],[9.0666882,56.5931847],[9.0258706,56.5931847],[9.0258706,56.6067905],[8.9850531,56.6067905],[8.9850531,56.6203964],[8.9578414,56.6203964],[8.9578414,56.6340022],[8.9034179,56.6340022],[8.9034179,56.6476081],[8.8626004,56.6476081],[8.8626004,56.6612139],[8.8489945,56.6612139],[8.8489945,56.6748198],[8.808177,56.6748198],[8.808177,56.6884256],[8.7945711,56.6884256],[8.7945711,56.7020315],[8.7537536,56.7020315],[8.7537536,56.7156373],[8.712936,56.7156373],[8.712936,56.7292432],[8.6993301,56.7292432],[8.6993301,56.7428491],[8.6449067,56.7428491],[8.6449067,56.7564549],[8.617695,56.7564549],[8.617695,56.7700608],[8.5904833,56.7700608],[8.5904833,56.7836666],[8.5496658,56.7836666],[8.5496658,56.7972725],[8.5224541,56.7972725],[8.5224541,56.8108783],[8.4952423,56.8108783],[8.4952423,56.7972725],[8.4816365,56.7972725],[8.4816365,56.8108783],[8.4680306,56.8108783],[8.4680306,56.8244842],[8.4272131,56.8244842],[8.4272131,56.83809],[8.4000014,56.83809],[8.4000014,56.8516959],[8.3727897,56.8516959],[8.3727897,56.8653017],[8.3319721,56.8653017],[8.3319721,56.8789076],[8.3183663,56.8789076],[8.3183663,56.8925134],[8.2911545,56.8925134]]]}},{"type":"Feature","properties":{"clumps":134},"geometry":{"type":"Polygon","coordinates":[[[16.3866372,56.8789076],[16.3866372,56.8653017],[16.3458196,56.8653017],[16.3458196,56.8516959],[16.3322138,56.8516959],[16.3322138,56.83809],[16.3050021,56.83809],[16.3050021,56.8244842],[16.2913962,56.8244842],[16.2913962,56.7836666],[16.3050021,56.7836666],[16.3050021,56.7700608],[16.3322138,56.7700608],[16.3322138,56.7564549],[16.3730314,56.7564549],[16.3730314,56.7428491],[16.495484,56.7428491],[16.495484,56.7564549],[16.5090899,56.7564549],[16.5090899,56.7700608],[16.5363016,56.7700608],[16.5363016,56.7836666],[16.5499074,56.7836666],[16.5499074,56.8244842],[16.5363016,56.8244842],[16.5363016,56.83809],[16.5090899,56.83809],[16.5090899,56.8516959],[16.4818782,56.8516959],[16.4818782,56.8653017],[16.4274548,56.8653017],[16.4274548,56.8789076],[16.3866372,56.8789076]]]}},{"type":"Feature","properties":{"clumps":135},"geometry":{"type":"Polygon","coordinates":[[[11.6654061,56.7972725],[11.6654061,56.7836666],[11.6245886,56.7836666],[11.6245886,56.7700608],[11.6109827,56.7700608],[11.6109827,56.7564549],[11.5701652,56.7564549],[11.5701652,56.7156373],[11.583771,56.7156373],[11.583771,56.6884256],[11.6109827,56.6884256],[11.6109827,56.6748198],[11.6381944,56.6748198],[11.6381944,56.6612139],[11.7062237,56.6612139],[11.7062237,56.6748198],[11.7470413,56.6748198],[11.7470413,56.6612139],[11.774253,56.6612139],[11.774253,56.6748198],[11.7878588,56.6748198],[11.7878588,56.6884256],[11.8286764,56.6884256],[11.8286764,56.7156373],[11.8150705,56.7156373],[11.8150705,56.7836666],[11.8014647,56.7836666],[11.8014647,56.7700608],[11.7878588,56.7700608],[11.7878588,56.7836666],[11.7334354,56.7836666],[11.7334354,56.7972725],[11.6654061,56.7972725]]]}},{"type":"Feature","properties":{"clumps":136},"geometry":{"type":"Polygon","coordinates":[[[8.2095194,56.7564549],[8.2095194,56.7428491],[8.1959136,56.7428491],[8.1959136,56.7292432],[8.2095194,56.7292432],[8.2095194,56.7020315],[8.2367311,56.7020315],[8.2367311,56.6884256],[8.2911545,56.6884256],[8.2911545,56.6748198],[8.3183663,56.6748198],[8.3183663,56.6612139],[8.3727897,56.6612139],[8.3727897,56.6476081],[8.4000014,56.6476081],[8.4000014,56.6340022],[8.4408189,56.6340022],[8.4408189,56.6203964],[8.4816365,56.6203964],[8.4816365,56.6067905],[8.4952423,56.6067905],[8.4952423,56.5931847],[8.5360599,56.5931847],[8.5360599,56.5795788],[8.5632716,56.5795788],[8.5632716,56.565973],[8.5904833,56.565973],[8.5904833,56.5523671],[8.617695,56.5523671],[8.617695,56.5387613],[8.6585126,56.5387613],[8.6585126,56.5251554],[8.7265419,56.5251554],[8.7265419,56.5115495],[8.7401477,56.5115495],[8.7401477,56.4979437],[8.7809653,56.4979437],[8.7809653,56.4843378],[8.8217828,56.4843378],[8.8217828,56.470732],[8.8489945,56.470732],[8.8489945,56.4571261],[8.8762062,56.4571261],[8.8762062,56.4435203],[8.8898121,56.4435203],[8.8898121,56.4571261],[8.9034179,56.4571261],[8.9034179,56.4435203],[8.9306296,56.4435203],[8.9306296,56.4299144],[8.9578414,56.4299144],[8.9578414,56.4163086],[8.9986589,56.4163086],[8.9986589,56.4027027],[9.0258706,56.4027027],[9.0258706,56.3890969],[9.0530823,56.3890969],[9.0530823,56.375491],[9.0938999,56.375491],[9.0938999,56.3618852],[9.1075057,56.3618852],[9.1075057,56.3482793],[9.1347174,56.3482793],[9.1347174,56.3346735],[9.2027467,56.3346735],[9.2027467,56.3210676],[9.2299584,56.3210676],[9.2299584,56.3074618],[9.270776,56.3074618],[9.270776,56.2938559],[9.2979877,56.2938559],[9.2979877,56.28025],[9.3115935,56.28025],[9.3115935,56.2666442],[9.3524111,56.2666442],[9.3524111,56.2530383],[9.3796228,56.2530383],[9.3796228,56.2394325],[9.4068345,56.2394325],[9.4068345,56.2258266],[9.4748638,56.2258266],[9.4748638,56.2122208],[9.4884696,56.2122208],[9.4884696,56.1986149],[9.5156813,56.1986149],[9.5156813,56.1850091],[9.5564989,56.1850091],[9.5564989,56.1714032],[9.5837106,56.1714032],[9.5837106,56.1577974],[9.6109223,56.1577974],[9.6109223,56.1441915],[9.6653457,56.1441915],[9.6653457,56.1305857],[9.6789516,56.1305857],[9.6789516,56.1169798],[9.7061633,56.1169798],[9.7061633,56.103374],[9.7605867,56.103374],[9.7605867,56.0897681],[9.7877984,56.0897681],[9.7877984,56.0761622],[9.8150101,56.0761622],[9.8150101,56.0625564],[9.8558277,56.0625564],[9.8558277,56.0489505],[9.8966452,56.0489505],[9.8966452,56.0353447],[9.9102511,56.0353447],[9.9102511,56.0217388],[9.9510686,56.0217388],[9.9510686,56.008133],[9.9782803,56.008133],[9.9782803,55.9945271],[10.0054921,55.9945271],[10.0054921,55.9809213],[10.0599155,55.9809213],[10.0599155,55.9537096],[10.0871272,55.9537096],[10.0871272,55.9401037],[10.1279447,55.9401037],[10.1279447,55.9264979],[10.1823681,55.9264979],[10.1823681,55.912892],[10.195974,55.912892],[10.195974,55.9264979],[10.2095799,55.9264979],[10.2095799,55.9401037],[10.2231857,55.9401037],[10.2231857,55.9537096],[10.195974,55.9537096],[10.195974,55.9673154],[10.1823681,55.9673154],[10.1823681,55.9809213],[10.1415506,55.9809213],[10.1415506,55.9945271],[10.0871272,55.9945271],[10.0871272,56.008133],[10.0599155,56.008133],[10.0599155,56.0217388],[10.0327038,56.0217388],[10.0327038,56.0353447],[10.0054921,56.0353447],[10.0054921,56.0489505],[9.9782803,56.0489505],[9.9782803,56.0625564],[9.9510686,56.0625564],[9.9510686,56.0761622],[9.9102511,56.0761622],[9.9102511,56.0897681],[9.8830394,56.0897681],[9.8830394,56.103374],[9.8558277,56.103374],[9.8558277,56.1169798],[9.8150101,56.1169798],[9.8150101,56.1305857],[9.8014043,56.1305857],[9.8014043,56.1441915],[9.7741925,56.1441915],[9.7741925,56.1577974],[9.733375,56.1577974],[9.733375,56.1714032],[9.6925574,56.1714032],[9.6925574,56.1850091],[9.6653457,56.1850091],[9.6653457,56.1986149],[9.6245282,56.1986149],[9.6245282,56.2122208],[9.5973165,56.2122208],[9.5973165,56.2258266],[9.5701048,56.2258266],[9.5701048,56.2394325],[9.5292872,56.2394325],[9.5292872,56.2530383],[9.4884696,56.2530383],[9.4884696,56.2666442],[9.4612579,56.2666442],[9.4612579,56.28025],[9.4476521,56.28025],[9.4476521,56.2666442],[9.4340462,56.2666442],[9.4340462,56.28025],[9.4204404,56.28025],[9.4204404,56.2938559],[9.3932287,56.2938559],[9.3932287,56.3074618],[9.3524111,56.3074618],[9.3524111,56.3210676],[9.3115935,56.3210676],[9.3115935,56.3346735],[9.2979877,56.3346735],[9.2979877,56.3482793],[9.2435643,56.3482793],[9.2435643,56.3618852],[9.2299584,56.3618852],[9.2299584,56.375491],[9.2027467,56.375491],[9.2027467,56.3890969],[9.1347174,56.3890969],[9.1347174,56.4027027],[9.1075057,56.4027027],[9.1075057,56.4163086],[9.080294,56.4163086],[9.080294,56.4299144],[9.0530823,56.4299144],[9.0530823,56.4435203],[9.0122648,56.4435203],[9.0122648,56.4571261],[8.9850531,56.4571261],[8.9850531,56.470732],[8.9578414,56.470732],[8.9578414,56.4843378],[8.9306296,56.4843378],[8.9306296,56.4979437],[8.8762062,56.4979437],[8.8762062,56.5115495],[8.8489945,56.5115495],[8.8489945,56.5251554],[8.8217828,56.5251554],[8.8217828,56.5387613],[8.7945711,56.5387613],[8.7945711,56.5523671],[8.7673594,56.5523671],[8.7673594,56.565973],[8.7265419,56.565973],[8.7265419,56.5795788],[8.6993301,56.5795788],[8.6993301,56.5931847],[8.6721184,56.5931847],[8.6721184,56.6067905],[8.617695,56.6067905],[8.617695,56.6203964],[8.6040892,56.6203964],[8.6040892,56.6340022],[8.5496658,56.6340022],[8.5496658,56.6476081],[8.5224541,56.6476081],[8.5224541,56.6612139],[8.4952423,56.6612139],[8.4952423,56.6748198],[8.4544248,56.6748198],[8.4544248,56.6884256],[8.4136072,56.6884256],[8.4136072,56.7020315],[8.3727897,56.7020315],[8.3727897,56.7156373],[8.3591838,56.7156373],[8.3591838,56.7292432],[8.3319721,56.7292432],[8.3319721,56.7428491],[8.2911545,56.7428491],[8.2911545,56.7564549],[8.2095194,56.7564549]]]}},{"type":"Feature","properties":{"clumps":137},"geometry":{"type":"Polygon","coordinates":[[[12.7130568,56.7564549],[12.7130568,56.7428491],[12.699451,56.7428491],[12.699451,56.7292432],[12.6722393,56.7292432],[12.6722393,56.7020315],[12.6586334,56.7020315],[12.6586334,56.6612139],[12.6858451,56.6612139],[12.6858451,56.6340022],[12.7266627,56.6340022],[12.7266627,56.6203964],[12.7402685,56.6203964],[12.7402685,56.6067905],[12.7674803,56.6067905],[12.7674803,56.565973],[12.7810861,56.565973],[12.7810861,56.5523671],[12.8219037,56.5523671],[12.8219037,56.5387613],[12.9307505,56.5387613],[12.9307505,56.5523671],[12.9715681,56.5523671],[12.9715681,56.565973],[12.9987798,56.565973],[12.9987798,56.5931847],[13.0123856,56.5931847],[13.0123856,56.6067905],[13.0395973,56.6067905],[13.0395973,56.6203964],[13.0804149,56.6203964],[13.0804149,56.6340022],[13.1076266,56.6340022],[13.1076266,56.6476081],[13.1212324,56.6476081],[13.1212324,56.6612139],[13.1348383,56.6612139],[13.1348383,56.6476081],[13.1484441,56.6476081],[13.1484441,56.6340022],[13.16205,56.6340022],[13.16205,56.6203964],[13.2028676,56.6203964],[13.2028676,56.6067905],[13.3117144,56.6067905],[13.3117144,56.6203964],[13.3661378,56.6203964],[13.3661378,56.6340022],[13.3797436,56.6340022],[13.3797436,56.6612139],[13.3661378,56.6612139],[13.3661378,56.7020315],[13.3525319,56.7020315],[13.3525319,56.7156373],[13.3253202,56.7156373],[13.3253202,56.7292432],[13.2981085,56.7292432],[13.2981085,56.7428491],[13.2845027,56.7428491],[13.2845027,56.7292432],[13.1892617,56.7292432],[13.1892617,56.7156373],[13.1756559,56.7156373],[13.1756559,56.7020315],[13.1484441,56.7020315],[13.1484441,56.6884256],[13.1348383,56.6884256],[13.1348383,56.6748198],[13.0940207,56.6748198],[13.0940207,56.6884256],[13.0804149,56.6884256],[13.0804149,56.7156373],[13.066809,56.7156373],[13.066809,56.7292432],[13.0259915,56.7292432],[13.0259915,56.7428491],[13.0123856,56.7428491],[13.0123856,56.7292432],[12.9987798,56.7292432],[12.9987798,56.7428491],[12.9035388,56.7428491],[12.9035388,56.7292432],[12.8491154,56.7292432],[12.8491154,56.7428491],[12.8219037,56.7428491],[12.8219037,56.7564549],[12.7130568,56.7564549]]]}},{"type":"Feature","properties":{"clumps":138},"geometry":{"type":"Polygon","coordinates":[[[21.0534449,56.7564549],[21.0534449,56.7428491],[21.0126273,56.7428491],[21.0126273,56.7292432],[20.9990214,56.7292432],[20.9990214,56.7156373],[20.9854156,56.7156373],[20.9854156,56.6476081],[20.9990214,56.6476081],[20.9990214,56.6340022],[21.0126273,56.6340022],[21.0126273,56.6067905],[21.0942624,56.6067905],[21.0942624,56.5931847],[21.1622917,56.5931847],[21.1622917,56.6067905],[21.2031092,56.6067905],[21.2031092,56.6203964],[21.2167151,56.6203964],[21.2167151,56.6340022],[21.230321,56.6340022],[21.230321,56.6612139],[21.2439268,56.6612139],[21.2439268,56.6748198],[21.230321,56.6748198],[21.230321,56.7156373],[21.2167151,56.7156373],[21.2167151,56.7292432],[21.1895034,56.7292432],[21.1895034,56.7428491],[21.1758975,56.7428491],[21.1758975,56.7564549],[21.0534449,56.7564549]]]}},{"type":"Feature","properties":{"clumps":139},"geometry":{"type":"Polygon","coordinates":[[[16.2369728,56.6612139],[16.2369728,56.6476081],[16.223367,56.6476081],[16.223367,56.6340022],[16.1961553,56.6340022],[16.1961553,56.6203964],[16.1825494,56.6203964],[16.1825494,56.6067905],[16.1689436,56.6067905],[16.1689436,56.5931847],[16.1825494,56.5931847],[16.1825494,56.5523671],[16.2097611,56.5523671],[16.2097611,56.5387613],[16.3866372,56.5387613],[16.3866372,56.5523671],[16.4002431,56.5523671],[16.4002431,56.565973],[16.4138489,56.565973],[16.4138489,56.6067905],[16.4274548,56.6067905],[16.4274548,56.6203964],[16.4138489,56.6203964],[16.4138489,56.6340022],[16.3866372,56.6340022],[16.3866372,56.6476081],[16.3186079,56.6476081],[16.3186079,56.6612139],[16.2369728,56.6612139]]]}},{"type":"Feature","properties":{"clumps":140},"geometry":{"type":"Polygon","coordinates":[[[8.1687019,56.6340022],[8.1687019,56.6203964],[8.1414902,56.6203964],[8.1414902,56.6067905],[8.1278843,56.6067905],[8.1278843,56.5931847],[8.155096,56.5931847],[8.155096,56.5795788],[8.2231253,56.5795788],[8.2231253,56.565973],[8.250337,56.565973],[8.250337,56.5523671],[8.2911545,56.5523671],[8.2911545,56.5387613],[8.3183663,56.5387613],[8.3183663,56.5251554],[8.3591838,56.5251554],[8.3591838,56.5115495],[8.3863955,56.5115495],[8.3863955,56.4979437],[8.4136072,56.4979437],[8.4136072,56.4843378],[8.4272131,56.4843378],[8.4272131,56.4979437],[8.4544248,56.4979437],[8.4544248,56.4843378],[8.4680306,56.4843378],[8.4680306,56.470732],[8.4952423,56.470732],[8.4952423,56.4571261],[8.5360599,56.4571261],[8.5360599,56.4435203],[8.5632716,56.4435203],[8.5632716,56.4299144],[8.5904833,56.4299144],[8.5904833,56.4163086],[8.6449067,56.4163086],[8.6449067,56.4027027],[8.6721184,56.4027027],[8.6721184,56.3890969],[8.712936,56.3890969],[8.712936,56.375491],[8.7265419,56.375491],[8.7265419,56.3618852],[8.7537536,56.3618852],[8.7537536,56.3482793],[8.7945711,56.3482793],[8.7945711,56.3346735],[8.8353887,56.3346735],[8.8353887,56.3210676],[8.8489945,56.3210676],[8.8489945,56.3074618],[8.9170238,56.3074618],[8.9170238,56.2938559],[8.9442355,56.2938559],[8.9442355,56.28025],[8.9714472,56.28025],[8.9714472,56.2666442],[8.9986589,56.2666442],[8.9986589,56.2530383],[9.0258706,56.2530383],[9.0258706,56.2394325],[9.0666882,56.2394325],[9.0666882,56.2258266],[9.0938999,56.2258266],[9.0938999,56.2122208],[9.1347174,56.2122208],[9.1347174,56.1986149],[9.1891409,56.1986149],[9.1891409,56.1850091],[9.2027467,56.1850091],[9.2027467,56.1714032],[9.2299584,56.1714032],[9.2299584,56.1577974],[9.270776,56.1577974],[9.270776,56.1441915],[9.2979877,56.1441915],[9.2979877,56.1305857],[9.3251994,56.1305857],[9.3251994,56.1169798],[9.3796228,56.1169798],[9.3796228,56.103374],[9.4068345,56.103374],[9.4068345,56.0761622],[9.4204404,56.0761622],[9.4204404,56.0897681],[9.4340462,56.0897681],[9.4340462,56.0761622],[9.4748638,56.0761622],[9.4748638,56.0625564],[9.5020755,56.0625564],[9.5020755,56.0489505],[9.5156813,56.0489505],[9.5156813,56.0353447],[9.5701048,56.0353447],[9.5701048,56.0217388],[9.5973165,56.0217388],[9.5973165,56.008133],[9.6109223,56.008133],[9.6109223,55.9945271],[9.6517399,55.9945271],[9.6517399,55.9809213],[9.6653457,55.9809213],[9.6653457,55.9945271],[9.6789516,55.9945271],[9.6789516,55.9809213],[9.6925574,55.9809213],[9.6925574,55.9673154],[9.733375,55.9673154],[9.733375,55.9537096],[9.7741925,55.9537096],[9.7741925,55.9401037],[9.7877984,55.9401037],[9.7877984,55.9264979],[9.8150101,55.9264979],[9.8150101,55.912892],[9.8558277,55.912892],[9.8558277,55.8992862],[9.8830394,55.8992862],[9.8830394,55.8856803],[9.8966452,55.8856803],[9.8966452,55.8720744],[9.9374628,55.8720744],[9.9374628,55.8584686],[9.9510686,55.8584686],[9.9510686,55.8448627],[10.0190979,55.8448627],[10.0190979,55.8584686],[10.0463096,55.8584686],[10.0463096,55.8720744],[10.0327038,55.8720744],[10.0327038,55.8992862],[10.0054921,55.8992862],[10.0054921,55.912892],[9.9782803,55.912892],[9.9782803,55.9264979],[9.9238569,55.9264979],[9.9238569,55.9401037],[9.8830394,55.9401037],[9.8830394,55.9537096],[9.8558277,55.9537096],[9.8558277,55.9673154],[9.8150101,55.9673154],[9.8150101,55.9809213],[9.7877984,55.9809213],[9.7877984,55.9945271],[9.7605867,55.9945271],[9.7605867,56.008133],[9.7197691,56.008133],[9.7197691,56.0217388],[9.7061633,56.0217388],[9.7061633,56.0353447],[9.6789516,56.0353447],[9.6789516,56.0489505],[9.638134,56.0489505],[9.638134,56.0625564],[9.5973165,56.0625564],[9.5973165,56.0761622],[9.5701048,56.0761622],[9.5701048,56.0897681],[9.5292872,56.0897681],[9.5292872,56.103374],[9.5020755,56.103374],[9.5020755,56.1169798],[9.4748638,56.1169798],[9.4748638,56.1305857],[9.4340462,56.1305857],[9.4340462,56.1441915],[9.4068345,56.1441915],[9.4068345,56.1577974],[9.3796228,56.1577974],[9.3796228,56.1714032],[9.3524111,56.1714032],[9.3524111,56.1850091],[9.2979877,56.1850091],[9.2979877,56.1986149],[9.270776,56.1986149],[9.270776,56.2122208],[9.2299584,56.2122208],[9.2299584,56.2258266],[9.2027467,56.2258266],[9.2027467,56.2394325],[9.175535,56.2394325],[9.175535,56.2530383],[9.1347174,56.2530383],[9.1347174,56.2666442],[9.1211116,56.2666442],[9.1211116,56.28025],[9.0530823,56.28025],[9.0530823,56.2938559],[9.0258706,56.2938559],[9.0258706,56.3074618],[8.9986589,56.3074618],[8.9986589,56.3210676],[8.9578414,56.3210676],[8.9578414,56.3346735],[8.9306296,56.3346735],[8.9306296,56.3482793],[8.9034179,56.3482793],[8.9034179,56.3618852],[8.8762062,56.3618852],[8.8762062,56.375491],[8.8489945,56.375491],[8.8489945,56.3890969],[8.7809653,56.3890969],[8.7809653,56.4027027],[8.7673594,56.4027027],[8.7673594,56.4163086],[8.7265419,56.4163086],[8.7265419,56.4299144],[8.6857243,56.4299144],[8.6857243,56.4435203],[8.6721184,56.4435203],[8.6721184,56.4571261],[8.6449067,56.4571261],[8.6449067,56.470732],[8.5904833,56.470732],[8.5904833,56.4843378],[8.5632716,56.4843378],[8.5632716,56.4979437],[8.5224541,56.4979437],[8.5224541,56.5115495],[8.4952423,56.5115495],[8.4952423,56.5251554],[8.4680306,56.5251554],[8.4680306,56.5387613],[8.4272131,56.5387613],[8.4272131,56.5523671],[8.3863955,56.5523671],[8.3863955,56.565973],[8.345578,56.565973],[8.345578,56.5795788],[8.3319721,56.5795788],[8.3319721,56.5931847],[8.3047604,56.5931847],[8.3047604,56.6067905],[8.2639428,56.6067905],[8.2639428,56.6203964],[8.2367311,56.6203964],[8.2367311,56.6340022],[8.1687019,56.6340022]]]}},{"type":"Feature","properties":{"clumps":141},"geometry":{"type":"Polygon","coordinates":[[[10.753814,56.6067905],[10.753814,56.5931847],[10.7266023,56.5931847],[10.7266023,56.5795788],[10.7129964,56.5795788],[10.7129964,56.565973],[10.7402081,56.565973],[10.7402081,56.5523671],[10.7810257,56.5523671],[10.7810257,56.5387613],[10.8082374,56.5387613],[10.8082374,56.5251554],[10.849055,56.5251554],[10.849055,56.5115495],[10.8762667,56.5115495],[10.8762667,56.4979437],[10.8898725,56.4979437],[10.8898725,56.4843378],[10.9306901,56.4843378],[10.9306901,56.470732],[10.9579018,56.470732],[10.9579018,56.4571261],[10.9851135,56.4571261],[10.9851135,56.4435203],[11.0395369,56.4435203],[11.0395369,56.4571261],[11.0531428,56.4571261],[11.0531428,56.4979437],[11.0123252,56.4979437],[11.0123252,56.5115495],[10.9987193,56.5115495],[10.9987193,56.5251554],[10.9579018,56.5251554],[10.9579018,56.5387613],[10.9306901,56.5387613],[10.9306901,56.5523671],[10.8898725,56.5523671],[10.8898725,56.565973],[10.8626608,56.565973],[10.8626608,56.5795788],[10.8354491,56.5795788],[10.8354491,56.5931847],[10.7946315,56.5931847],[10.7946315,56.6067905],[10.753814,56.6067905]]]}},{"type":"Feature","properties":{"clumps":142},"geometry":{"type":"Polygon","coordinates":[[[21.039839,56.565973],[21.039839,56.5523671],[21.0262332,56.5523671],[21.0262332,56.5387613],[21.0126273,56.5387613],[21.0126273,56.5251554],[20.9990214,56.5251554],[20.9990214,56.4571261],[21.0126273,56.4571261],[21.0126273,56.4435203],[21.0262332,56.4435203],[21.0262332,56.4299144],[21.2031092,56.4299144],[21.2031092,56.4435203],[21.2167151,56.4435203],[21.2167151,56.4571261],[21.230321,56.4571261],[21.230321,56.470732],[21.2439268,56.470732],[21.2439268,56.4843378],[21.2575327,56.4843378],[21.2575327,56.4979437],[21.2439268,56.4979437],[21.2439268,56.5251554],[21.230321,56.5251554],[21.230321,56.5387613],[21.2031092,56.5387613],[21.2031092,56.5523671],[21.1622917,56.5523671],[21.1622917,56.565973],[21.0806566,56.565973],[21.0806566,56.5523671],[21.0534449,56.5523671],[21.0534449,56.565973],[21.039839,56.565973]]]}},{"type":"Feature","properties":{"clumps":143},"geometry":{"type":"Polygon","coordinates":[[[12.699451,56.5387613],[12.699451,56.5251554],[12.6722393,56.5251554],[12.6722393,56.5115495],[12.6314217,56.5115495],[12.6314217,56.4979437],[12.6178159,56.4979437],[12.6178159,56.4571261],[12.6314217,56.4571261],[12.6314217,56.4435203],[12.6450276,56.4435203],[12.6450276,56.4299144],[12.6586334,56.4299144],[12.6586334,56.4163086],[12.6858451,56.4163086],[12.6858451,56.4027027],[12.7266627,56.4027027],[12.7266627,56.4163086],[12.8355095,56.4163086],[12.8355095,56.4299144],[12.8491154,56.4299144],[12.8491154,56.4435203],[12.8627212,56.4435203],[12.8627212,56.4571261],[12.8763271,56.4571261],[12.8763271,56.470732],[12.8627212,56.470732],[12.8627212,56.4843378],[12.8491154,56.4843378],[12.8491154,56.4979437],[12.8355095,56.4979437],[12.8355095,56.5115495],[12.8219037,56.5115495],[12.8219037,56.5251554],[12.8082978,56.5251554],[12.8082978,56.5387613],[12.699451,56.5387613]]]}},{"type":"Feature","properties":{"clumps":144},"geometry":{"type":"Polygon","coordinates":[[[12.9851739,56.5387613],[12.9851739,56.5251554],[12.9579622,56.5251554],[12.9579622,56.5115495],[12.9171446,56.5115495],[12.9171446,56.4843378],[12.9035388,56.4843378],[12.9035388,56.470732],[12.9171446,56.470732],[12.9171446,56.4571261],[12.9307505,56.4571261],[12.9307505,56.4435203],[12.9443563,56.4435203],[12.9443563,56.4299144],[12.9715681,56.4299144],[12.9715681,56.4163086],[12.9851739,56.4163086],[12.9851739,56.4027027],[12.9987798,56.4027027],[12.9987798,56.4163086],[13.0123856,56.4163086],[13.0123856,56.4027027],[13.066809,56.4027027],[13.066809,56.4163086],[13.1076266,56.4163086],[13.1076266,56.4299144],[13.1348383,56.4299144],[13.1348383,56.4435203],[13.1484441,56.4435203],[13.1484441,56.4571261],[13.1348383,56.4571261],[13.1348383,56.470732],[13.1484441,56.470732],[13.1484441,56.4843378],[13.1348383,56.4843378],[13.1348383,56.5115495],[13.1076266,56.5115495],[13.1076266,56.5251554],[13.066809,56.5251554],[13.066809,56.5387613],[12.9851739,56.5387613]]]}},{"type":"Feature","properties":{"clumps":145},"geometry":{"type":"Polygon","coordinates":[[[16.1417319,56.4979437],[16.1417319,56.4843378],[16.1009143,56.4843378],[16.1009143,56.470732],[16.0737026,56.470732],[16.0737026,56.4571261],[16.0464909,56.4571261],[16.0464909,56.4299144],[16.0600967,56.4299144],[16.0600967,56.375491],[16.032885,56.375491],[16.032885,56.3618852],[15.9784616,56.3618852],[15.9784616,56.3482793],[15.9376441,56.3482793],[15.9376441,56.3346735],[15.8968265,56.3346735],[15.8968265,56.3210676],[15.8832206,56.3210676],[15.8832206,56.3074618],[15.8560089,56.3074618],[15.8560089,56.2666442],[15.8424031,56.2666442],[15.8424031,56.2530383],[15.7471621,56.2530383],[15.7471621,56.2394325],[15.6383153,56.2394325],[15.6383153,56.2258266],[15.6247094,56.2258266],[15.6247094,56.2122208],[15.475045,56.2122208],[15.475045,56.1986149],[15.4614392,56.1986149],[15.4614392,56.1850091],[15.4342275,56.1850091],[15.4342275,56.1986149],[15.3798041,56.1986149],[15.3798041,56.2122208],[15.3661982,56.2122208],[15.3661982,56.2258266],[15.3117748,56.2258266],[15.3117748,56.2394325],[15.2437455,56.2394325],[15.2437455,56.2258266],[15.2165338,56.2258266],[15.2165338,56.2122208],[15.1621104,56.2122208],[15.1621104,56.2258266],[15.1485046,56.2258266],[15.1485046,56.2530383],[15.1212929,56.2530383],[15.1212929,56.2666442],[15.107687,56.2666442],[15.107687,56.28025],[15.0532636,56.28025],[15.0532636,56.2938559],[15.012446,56.2938559],[15.012446,56.28025],[14.9716285,56.28025],[14.9716285,56.2666442],[14.9444168,56.2666442],[14.9444168,56.2530383],[14.9172051,56.2530383],[14.9172051,56.2394325],[14.8627816,56.2394325],[14.8627816,56.2530383],[14.7811465,56.2530383],[14.7811465,56.2394325],[14.7131173,56.2394325],[14.7131173,56.2258266],[14.6995114,56.2258266],[14.6995114,56.1986149],[14.6859056,56.1986149],[14.6859056,56.1850091],[14.6995114,56.1850091],[14.6995114,56.1441915],[14.6586939,56.1441915],[14.6586939,56.1305857],[14.645088,56.1305857],[14.645088,56.1169798],[14.5090295,56.1169798],[14.5090295,56.1441915],[14.5362412,56.1441915],[14.5362412,56.1714032],[14.5226353,56.1714032],[14.5226353,56.1986149],[14.5090295,56.1986149],[14.5090295,56.2122208],[14.4954236,56.2122208],[14.4954236,56.2258266],[14.4682119,56.2258266],[14.4682119,56.2394325],[14.3185475,56.2394325],[14.3185475,56.2258266],[14.3049417,56.2258266],[14.3049417,56.2122208],[14.27773,56.2122208],[14.27773,56.1850091],[14.2641241,56.1850091],[14.2641241,56.1577974],[14.2505183,56.1577974],[14.2505183,56.1305857],[14.27773,56.1305857],[14.27773,56.1169798],[14.2913358,56.1169798],[14.2913358,56.103374],[14.3185475,56.103374],[14.3185475,56.0897681],[14.3321534,56.0897681],[14.3321534,56.0761622],[14.3185475,56.0761622],[14.3185475,56.0625564],[14.3049417,56.0625564],[14.3049417,56.0353447],[14.2913358,56.0353447],[14.2913358,56.008133],[14.2505183,56.008133],[14.2505183,56.0217388],[14.2369124,56.0217388],[14.2369124,56.0489505],[14.2233065,56.0489505],[14.2233065,56.0625564],[14.1960948,56.0625564],[14.1960948,56.0761622],[14.1688831,56.0761622],[14.1688831,56.0897681],[14.1008539,56.0897681],[14.1008539,56.0761622],[14.0600363,56.0761622],[14.0600363,56.103374],[14.0736422,56.103374],[14.0736422,56.1169798],[14.0600363,56.1169798],[14.0600363,56.1577974],[14.0736422,56.1577974],[14.0736422,56.1714032],[14.0464305,56.1714032],[14.0464305,56.1850091],[13.992007,56.1850091],[13.992007,56.1986149],[13.9647953,56.1986149],[13.9647953,56.1850091],[13.8559485,56.1850091],[13.8559485,56.1577974],[13.8423427,56.1577974],[13.8423427,56.103374],[13.8559485,56.103374],[13.8559485,56.0897681],[13.8831602,56.0897681],[13.8831602,56.0761622],[13.9647953,56.0761622],[13.9647953,56.0625564],[13.992007,56.0625564],[13.992007,56.0761622],[14.0192188,56.0761622],[14.0192188,56.0489505],[14.0056129,56.0489505],[14.0056129,56.0353447],[13.992007,56.0353447],[13.992007,56.0217388],[14.0056129,56.0217388],[14.0056129,55.9809213],[14.0328246,55.9809213],[14.0328246,55.9673154],[14.0736422,55.9673154],[14.0736422,55.9537096],[14.1280656,55.9537096],[14.1280656,55.9673154],[14.182489,55.9673154],[14.182489,55.9537096],[14.2233065,55.9537096],[14.2233065,55.9264979],[14.2097007,55.9264979],[14.2097007,55.912892],[14.1960948,55.912892],[14.1960948,55.8992862],[14.1688831,55.8992862],[14.1688831,55.8856803],[14.1416714,55.8856803],[14.1416714,55.8720744],[14.1280656,55.8720744],[14.1280656,55.8584686],[14.1144597,55.8584686],[14.1144597,55.8040452],[14.1416714,55.8040452],[14.1416714,55.7904393],[14.2097007,55.7904393],[14.2097007,55.7768335],[14.27773,55.7768335],[14.27773,55.7904393],[14.2913358,55.7904393],[14.2913358,55.8040452],[14.3321534,55.8040452],[14.3321534,55.817651],[14.3457592,55.817651],[14.3457592,55.8992862],[14.4001826,55.8992862],[14.4001826,55.912892],[14.4137885,55.912892],[14.4137885,55.9264979],[14.4273943,55.9264979],[14.4273943,55.9401037],[14.4410002,55.9401037],[14.4410002,55.9537096],[14.4546061,55.9537096],[14.4546061,55.9809213],[14.4954236,55.9809213],[14.4954236,55.9945271],[14.645088,55.9945271],[14.645088,56.008133],[14.6586939,56.008133],[14.6586939,56.0217388],[14.6722997,56.0217388],[14.6722997,56.0353447],[14.6995114,56.0353447],[14.6995114,56.0217388],[14.7539348,56.0217388],[14.7539348,56.0353447],[14.8355699,56.0353447],[14.8355699,56.0489505],[14.8491758,56.0489505],[14.8491758,56.0625564],[14.8763875,56.0625564],[14.8763875,56.0761622],[14.8899934,56.0761622],[14.8899934,56.1169798],[14.8763875,56.1169798],[14.8763875,56.1305857],[14.9035992,56.1305857],[14.9035992,56.1441915],[15.0804753,56.1441915],[15.0804753,56.1577974],[15.107687,56.1577974],[15.107687,56.1714032],[15.1621104,56.1714032],[15.1621104,56.1577974],[15.1893221,56.1577974],[15.1893221,56.1305857],[15.2165338,56.1305857],[15.2165338,56.1169798],[15.4070158,56.1169798],[15.4070158,56.103374],[15.4206216,56.103374],[15.4206216,56.0897681],[15.4478333,56.0897681],[15.4478333,56.0761622],[15.5022568,56.0761622],[15.5022568,56.0897681],[15.5158626,56.0897681],[15.5158626,56.0761622],[15.5566802,56.0761622],[15.5566802,56.0897681],[15.6247094,56.0897681],[15.6247094,56.103374],[15.6383153,56.103374],[15.6383153,56.1169798],[15.7743738,56.1169798],[15.7743738,56.1305857],[15.9512499,56.1305857],[15.9512499,56.1441915],[15.9648558,56.1441915],[15.9648558,56.1577974],[15.9784616,56.1577974],[15.9784616,56.2122208],[16.0192792,56.2122208],[16.0192792,56.2258266],[16.0464909,56.2258266],[16.0464909,56.2394325],[16.0873084,56.2394325],[16.0873084,56.2530383],[16.1145201,56.2530383],[16.1145201,56.2938559],[16.128126,56.2938559],[16.128126,56.3210676],[16.1145201,56.3210676],[16.1145201,56.3346735],[16.1009143,56.3346735],[16.1009143,56.3618852],[16.223367,56.3618852],[16.223367,56.375491],[16.2641845,56.375491],[16.2641845,56.3890969],[16.2777904,56.3890969],[16.2777904,56.4571261],[16.2641845,56.4571261],[16.2641845,56.470732],[16.2369728,56.470732],[16.2369728,56.4843378],[16.1961553,56.4843378],[16.1961553,56.4979437],[16.1417319,56.4979437]]]}},{"type":"Feature","properties":{"clumps":146},"geometry":{"type":"Polygon","coordinates":[[[8.155096,56.4843378],[8.155096,56.470732],[8.1414902,56.470732],[8.1414902,56.4435203],[8.155096,56.4435203],[8.155096,56.4299144],[8.2231253,56.4299144],[8.2231253,56.4163086],[8.2639428,56.4163086],[8.2639428,56.4027027],[8.2911545,56.4027027],[8.2911545,56.3890969],[8.3319721,56.3890969],[8.3319721,56.375491],[8.3591838,56.375491],[8.3591838,56.3618852],[8.4136072,56.3618852],[8.4136072,56.3482793],[8.4408189,56.3482793],[8.4408189,56.3346735],[8.4680306,56.3346735],[8.4680306,56.3210676],[8.5088482,56.3210676],[8.5088482,56.3074618],[8.5360599,56.3074618],[8.5360599,56.2938559],[8.5632716,56.2938559],[8.5632716,56.28025],[8.5768775,56.28025],[8.5768775,56.2938559],[8.6040892,56.2938559],[8.6040892,56.28025],[8.617695,56.28025],[8.617695,56.2666442],[8.6449067,56.2666442],[8.6449067,56.2530383],[8.6857243,56.2530383],[8.6857243,56.2394325],[8.712936,56.2394325],[8.712936,56.2258266],[8.7401477,56.2258266],[8.7401477,56.2122208],[8.7945711,56.2122208],[8.7945711,56.1986149],[8.8217828,56.1986149],[8.8217828,56.1850091],[8.8489945,56.1850091],[8.8489945,56.1714032],[8.8898121,56.1714032],[8.8898121,56.1577974],[8.9170238,56.1577974],[8.9170238,56.1441915],[8.9578414,56.1441915],[8.9578414,56.1305857],[8.9850531,56.1305857],[8.9850531,56.1169798],[9.0122648,56.1169798],[9.0122648,56.103374],[9.0666882,56.103374],[9.0666882,56.0897681],[9.0938999,56.0897681],[9.0938999,56.0761622],[9.1211116,56.0761622],[9.1211116,56.0625564],[9.1619292,56.0625564],[9.1619292,56.0489505],[9.1891409,56.0489505],[9.1891409,56.0353447],[9.2163526,56.0353447],[9.2163526,56.0217388],[9.2571701,56.0217388],[9.2571701,56.008133],[9.2843818,56.008133],[9.2843818,55.9945271],[9.3115935,55.9945271],[9.3115935,55.9809213],[9.3524111,55.9809213],[9.3524111,55.9673154],[9.3796228,55.9673154],[9.3796228,55.9537096],[9.4068345,55.9537096],[9.4068345,55.9401037],[9.4476521,55.9401037],[9.4476521,55.9264979],[9.4748638,55.9264979],[9.4748638,55.912892],[9.5020755,55.912892],[9.5020755,55.8992862],[9.5292872,55.8992862],[9.5292872,55.8856803],[9.5701048,55.8856803],[9.5701048,55.8720744],[9.6109223,55.8720744],[9.6109223,55.8584686],[9.6517399,55.8584686],[9.6517399,55.8448627],[9.6789516,55.8448627],[9.6789516,55.8312569],[9.6925574,55.8312569],[9.6925574,55.817651],[9.733375,55.817651],[9.733375,55.8040452],[9.7605867,55.8040452],[9.7605867,55.7904393],[9.7877984,55.7904393],[9.7877984,55.7768335],[9.8150101,55.7768335],[9.8150101,55.7632276],[9.8558277,55.7632276],[9.8558277,55.7496218],[9.8830394,55.7496218],[9.8830394,55.7360159],[9.9102511,55.7360159],[9.9102511,55.7224101],[9.9646745,55.7224101],[9.9646745,55.7088042],[10.0054921,55.7088042],[10.0054921,55.7632276],[9.9782803,55.7632276],[9.9782803,55.7768335],[9.9374628,55.7768335],[9.9374628,55.7904393],[9.8830394,55.7904393],[9.8830394,55.8040452],[9.8694335,55.8040452],[9.8694335,55.817651],[9.828616,55.817651],[9.828616,55.8312569],[9.7877984,55.8312569],[9.7877984,55.8448627],[9.7605867,55.8448627],[9.7605867,55.8584686],[9.7197691,55.8584686],[9.7197691,55.8720744],[9.6925574,55.8720744],[9.6925574,55.8856803],[9.6653457,55.8856803],[9.6653457,55.8992862],[9.6245282,55.8992862],[9.6245282,55.912892],[9.6109223,55.912892],[9.6109223,55.9264979],[9.5837106,55.9264979],[9.5837106,55.9401037],[9.5292872,55.9401037],[9.5292872,55.9537096],[9.5020755,55.9537096],[9.5020755,55.9673154],[9.4748638,55.9673154],[9.4748638,55.9809213],[9.4476521,55.9809213],[9.4476521,55.9945271],[9.4068345,55.9945271],[9.4068345,56.008133],[9.3796228,56.008133],[9.3796228,56.0217388],[9.366017,56.0217388],[9.366017,56.0353447],[9.2979877,56.0353447],[9.2979877,56.0489505],[9.2843818,56.0489505],[9.2843818,56.0625564],[9.2435643,56.0625564],[9.2435643,56.0761622],[9.2163526,56.0761622],[9.2163526,56.0897681],[9.1891409,56.0897681],[9.1891409,56.103374],[9.1483233,56.103374],[9.1483233,56.1169798],[9.1211116,56.1169798],[9.1211116,56.1305857],[9.080294,56.1305857],[9.080294,56.1441915],[9.0530823,56.1441915],[9.0530823,56.1577974],[8.9986589,56.1577974],[8.9986589,56.1714032],[8.9850531,56.1714032],[8.9850531,56.1850091],[8.9442355,56.1850091],[8.9442355,56.1986149],[8.9170238,56.1986149],[8.9170238,56.2122208],[8.8898121,56.2122208],[8.8898121,56.2258266],[8.8489945,56.2258266],[8.8489945,56.2394325],[8.8217828,56.2394325],[8.8217828,56.2530383],[8.7945711,56.2530383],[8.7945711,56.2666442],[8.7401477,56.2666442],[8.7401477,56.28025],[8.712936,56.28025],[8.712936,56.2938559],[8.6721184,56.2938559],[8.6721184,56.3074618],[8.6449067,56.3074618],[8.6449067,56.3210676],[8.6313009,56.3210676],[8.6313009,56.3346735],[8.5632716,56.3346735],[8.5632716,56.3482793],[8.5360599,56.3482793],[8.5360599,56.3618852],[8.4952423,56.3618852],[8.4952423,56.375491],[8.4680306,56.375491],[8.4680306,56.3890969],[8.4408189,56.3890969],[8.4408189,56.4027027],[8.4136072,56.4027027],[8.4136072,56.4163086],[8.3863955,56.4163086],[8.3863955,56.4299144],[8.345578,56.4299144],[8.345578,56.4435203],[8.3047604,56.4435203],[8.3047604,56.4571261],[8.2775487,56.4571261],[8.2775487,56.470732],[8.2367311,56.470732],[8.2367311,56.4843378],[8.155096,56.4843378]]]}},{"type":"Feature","properties":{"clumps":147},"geometry":{"type":"MultiPolygon","coordinates":[[[[12.8899329,56.375491],[12.8899329,56.3618852],[12.8627212,56.3618852],[12.8627212,56.3482793],[12.8491154,56.3482793],[12.8491154,56.3346735],[12.8219037,56.3346735],[12.8219037,56.3074618],[12.7402685,56.3074618],[12.7402685,56.3210676],[12.7266627,56.3210676],[12.7266627,56.3346735],[12.6858451,56.3346735],[12.6858451,56.3482793],[12.6586334,56.3482793],[12.6586334,56.3618852],[12.5633925,56.3618852],[12.5633925,56.3482793],[12.508969,56.3482793],[12.508969,56.3346735],[12.4953632,56.3346735],[12.4953632,56.3210676],[12.4681515,56.3210676],[12.4681515,56.3074618],[12.4953632,56.3074618],[12.4953632,56.2666442],[12.508969,56.2666442],[12.508969,56.2394325],[12.5497866,56.2394325],[12.5497866,56.2258266],[12.5769983,56.2258266],[12.5769983,56.2394325],[12.5906042,56.2394325],[12.5906042,56.2258266],[12.6314217,56.2258266],[12.6314217,56.2394325],[12.6450276,56.2394325],[12.6450276,56.2258266],[12.6586334,56.2258266],[12.6586334,56.1986149],[12.6722393,56.1986149],[12.6722393,56.1850091],[12.6858451,56.1850091],[12.6858451,56.1577974],[12.6722393,56.1577974],[12.6722393,56.1441915],[12.6450276,56.1441915],[12.6450276,56.1305857],[12.6178159,56.1305857],[12.6178159,56.1169798],[12.6314217,56.1169798],[12.6314217,56.103374],[12.5906042,56.103374],[12.5906042,56.1169798],[12.5497866,56.1169798],[12.5497866,56.1305857],[12.5225749,56.1305857],[12.5225749,56.1441915],[12.508969,56.1441915],[12.508969,56.1577974],[12.4001222,56.1577974],[12.4001222,56.1441915],[12.3456988,56.1441915],[12.3456988,56.1305857],[12.332093,56.1305857],[12.332093,56.1169798],[12.1960344,56.1169798],[12.1960344,56.103374],[12.1688227,56.103374],[12.1688227,56.0897681],[12.141611,56.0897681],[12.141611,56.0625564],[12.1280052,56.0625564],[12.1280052,56.0489505],[12.0871876,56.0489505],[12.0871876,56.0353447],[12.0735817,56.0353447],[12.0735817,56.0217388],[12.04637,56.0217388],[12.04637,56.008133],[12.0599759,56.008133],[12.0599759,55.9809213],[12.04637,55.9809213],[12.04637,55.9673154],[12.0191583,55.9673154],[12.0191583,55.9537096],[12.0055525,55.9537096],[12.0055525,55.9401037],[11.9375232,55.9401037],[11.9375232,55.9537096],[11.9239174,55.9537096],[11.9239174,55.9809213],[11.9103115,55.9809213],[11.9103115,55.9945271],[11.8830998,55.9945271],[11.8830998,56.008133],[11.8558881,56.008133],[11.8558881,56.0217388],[11.8422822,56.0217388],[11.8422822,56.0353447],[11.774253,56.0353447],[11.774253,56.0217388],[11.6926179,56.0217388],[11.6926179,56.0353447],[11.5157418,56.0353447],[11.5157418,56.0217388],[11.4885301,56.0217388],[11.4885301,56.008133],[11.4749242,56.008133],[11.4749242,55.9945271],[11.4477125,55.9945271],[11.4477125,55.9809213],[11.2844423,55.9809213],[11.2844423,55.9673154],[11.2572305,55.9673154],[11.2572305,55.9537096],[11.2300188,55.9537096],[11.2300188,55.9401037],[11.2028071,55.9401037],[11.2028071,55.8856803],[11.2300188,55.8856803],[11.2300188,55.8720744],[11.2436247,55.8720744],[11.2436247,55.8584686],[11.2708364,55.8584686],[11.2708364,55.8448627],[11.3796832,55.8448627],[11.3796832,55.8312569],[11.3932891,55.8312569],[11.3932891,55.8448627],[11.4341066,55.8448627],[11.4341066,55.8312569],[11.4477125,55.8312569],[11.4477125,55.8040452],[11.4341066,55.8040452],[11.4341066,55.7904393],[11.3524715,55.7904393],[11.3524715,55.7768335],[11.3252598,55.7768335],[11.3252598,55.7632276],[11.2708364,55.7632276],[11.2708364,55.7768335],[11.216413,55.7768335],[11.216413,55.7904393],[11.1755954,55.7904393],[11.1755954,55.7768335],[11.0939603,55.7768335],[11.0939603,55.7632276],[11.0803545,55.7632276],[11.0803545,55.7496218],[11.0667486,55.7496218],[11.0667486,55.7360159],[11.0531428,55.7360159],[11.0531428,55.7088042],[11.0667486,55.7088042],[11.0667486,55.6951984],[11.0803545,55.6951984],[11.0803545,55.6815925],[11.0939603,55.6815925],[11.0939603,55.6679866],[11.1075662,55.6679866],[11.1075662,55.6543808],[11.1483837,55.6543808],[11.1483837,55.5999574],[11.1619896,55.5999574],[11.1619896,55.5863515],[11.1755954,55.5863515],[11.1755954,55.5591398],[11.2028071,55.5591398],[11.2028071,55.545534],[11.2436247,55.545534],[11.2436247,55.5319281],[11.2572305,55.5319281],[11.2572305,55.5047164],[11.2300188,55.5047164],[11.2300188,55.4911106],[11.2436247,55.4911106],[11.2436247,55.4366871],[11.2572305,55.4366871],[11.2572305,55.4230813],[11.2708364,55.4230813],[11.2708364,55.4094754],[11.2844423,55.4094754],[11.2844423,55.3958696],[11.2980481,55.3958696],[11.2980481,55.3142345],[11.3252598,55.3142345],[11.3252598,55.3006286],[11.3660774,55.3006286],[11.3660774,55.2870228],[11.3932891,55.2870228],[11.3932891,55.2734169],[11.4068949,55.2734169],[11.4068949,55.2598111],[11.4205008,55.2598111],[11.4205008,55.2462052],[11.4341066,55.2462052],[11.4341066,55.2325993],[11.4477125,55.2325993],[11.4477125,55.2189935],[11.4749242,55.2189935],[11.4749242,55.2053876],[11.5973769,55.2053876],[11.5973769,55.1781759],[11.6109827,55.1781759],[11.6109827,55.1645701],[11.6381944,55.1645701],[11.6381944,55.1509642],[11.6518003,55.1509642],[11.6518003,55.1373584],[11.8014647,55.1373584],[11.8014647,55.1237525],[11.8286764,55.1237525],[11.8286764,55.0965408],[11.8558881,55.0965408],[11.8558881,55.082935],[11.9103115,55.082935],[11.9103115,55.0965408],[11.9919466,55.0965408],[11.9919466,55.1101467],[12.0191583,55.1101467],[12.0191583,55.1237525],[12.0327642,55.1237525],[12.0327642,55.1373584],[12.04637,55.1373584],[12.04637,55.1781759],[12.0191583,55.1781759],[12.0191583,55.1917818],[11.9919466,55.1917818],[11.9919466,55.2053876],[11.9647349,55.2053876],[11.9647349,55.2189935],[11.8830998,55.2189935],[11.8830998,55.2053876],[11.8422822,55.2053876],[11.8422822,55.2189935],[11.8286764,55.2189935],[11.8286764,55.2325993],[11.8150705,55.2325993],[11.8150705,55.2598111],[11.7198296,55.2598111],[11.7198296,55.2734169],[11.6518003,55.2734169],[11.6518003,55.2870228],[11.6381944,55.2870228],[11.6381944,55.3142345],[11.5973769,55.3142345],[11.5973769,55.3278403],[11.5701652,55.3278403],[11.5701652,55.3414462],[11.5565593,55.3414462],[11.5565593,55.355052],[11.5429535,55.355052],[11.5429535,55.3686579],[11.5293476,55.3686579],[11.5293476,55.3822637],[11.5157418,55.3822637],[11.5157418,55.3958696],[11.4885301,55.3958696],[11.4885301,55.4366871],[11.4749242,55.4366871],[11.4749242,55.4911106],[11.4613183,55.4911106],[11.4613183,55.5047164],[11.4477125,55.5047164],[11.4477125,55.5183223],[11.4205008,55.5183223],[11.4205008,55.5319281],[11.4068949,55.5319281],[11.4068949,55.545534],[11.3932891,55.545534],[11.3932891,55.5591398],[11.4068949,55.5591398],[11.4068949,55.6135632],[11.3796832,55.6135632],[11.3796832,55.6543808],[11.4205008,55.6543808],[11.4205008,55.6679866],[11.5021359,55.6679866],[11.5021359,55.6815925],[11.5293476,55.6815925],[11.5293476,55.6951984],[11.5565593,55.6951984],[11.5565593,55.7088042],[11.5701652,55.7088042],[11.5701652,55.7224101],[11.5565593,55.7224101],[11.5565593,55.7360159],[11.5429535,55.7360159],[11.5429535,55.7496218],[11.5565593,55.7496218],[11.5565593,55.7632276],[11.6245886,55.7632276],[11.6245886,55.7768335],[11.679012,55.7768335],[11.679012,55.7904393],[11.6926179,55.7904393],[11.6926179,55.817651],[11.7062237,55.817651],[11.7062237,55.8448627],[11.6926179,55.8448627],[11.6926179,55.8584686],[11.6654061,55.8584686],[11.6654061,55.8720744],[11.6518003,55.8720744],[11.6518003,55.8856803],[11.6381944,55.8856803],[11.6381944,55.8992862],[11.6518003,55.8992862],[11.6518003,55.912892],[11.7062237,55.912892],[11.7062237,55.8720744],[11.7198296,55.8720744],[11.7198296,55.8584686],[11.7334354,55.8584686],[11.7334354,55.8448627],[11.774253,55.8448627],[11.774253,55.8312569],[11.8150705,55.8312569],[11.8150705,55.817651],[11.8422822,55.817651],[11.8422822,55.8040452],[11.8694939,55.8040452],[11.8694939,55.7904393],[11.8830998,55.7904393],[11.8830998,55.7768335],[11.8967056,55.7768335],[11.8967056,55.7632276],[11.9647349,55.7632276],[11.9647349,55.7496218],[11.9919466,55.7496218],[11.9919466,55.7632276],[12.0055525,55.7632276],[12.0055525,55.7496218],[12.0735817,55.7496218],[12.0735817,55.7360159],[12.141611,55.7360159],[12.141611,55.7496218],[12.1960344,55.7496218],[12.1960344,55.7768335],[12.2096403,55.7768335],[12.2096403,55.7904393],[12.2232461,55.7904393],[12.2232461,55.817651],[12.2096403,55.817651],[12.2096403,55.8584686],[12.2232461,55.8584686],[12.2232461,55.912892],[12.236852,55.912892],[12.236852,55.9401037],[12.2640637,55.9401037],[12.2640637,55.9673154],[12.2912754,55.9673154],[12.2912754,55.9809213],[12.3184871,55.9809213],[12.3184871,55.9945271],[12.3456988,55.9945271],[12.3456988,56.008133],[12.3729105,56.008133],[12.3729105,56.0217388],[12.4817573,56.0217388],[12.4817573,56.008133],[12.4953632,56.008133],[12.4953632,55.9809213],[12.508969,55.9809213],[12.508969,55.9673154],[12.5497866,55.9673154],[12.5497866,55.9537096],[12.5769983,55.9537096],[12.5769983,55.9401037],[12.6314217,55.9401037],[12.6314217,55.9264979],[12.6586334,55.9264979],[12.6586334,55.912892],[12.699451,55.912892],[12.699451,55.8856803],[12.6586334,55.8856803],[12.6586334,55.8720744],[12.6178159,55.8720744],[12.6178159,55.8584686],[12.60421,55.8584686],[12.60421,55.8312569],[12.5906042,55.8312569],[12.5906042,55.7904393],[12.5769983,55.7904393],[12.5769983,55.7768335],[12.5633925,55.7768335],[12.5633925,55.7632276],[12.5497866,55.7632276],[12.5497866,55.7496218],[12.5361808,55.7496218],[12.5361808,55.7360159],[12.5225749,55.7360159],[12.5225749,55.7224101],[12.508969,55.7224101],[12.508969,55.6951984],[12.4817573,55.6951984],[12.4817573,55.6815925],[12.4409398,55.6815925],[12.4409398,55.6679866],[12.4273339,55.6679866],[12.4273339,55.6543808],[12.4001222,55.6543808],[12.4001222,55.6407749],[12.3456988,55.6407749],[12.3456988,55.6271691],[12.3048812,55.6271691],[12.3048812,55.6135632],[12.2912754,55.6135632],[12.2912754,55.5999574],[12.2776695,55.5999574],[12.2776695,55.5727457],[12.2912754,55.5727457],[12.2912754,55.5319281],[12.2504578,55.5319281],[12.2504578,55.5183223],[12.1960344,55.5183223],[12.1960344,55.4911106],[12.1824286,55.4911106],[12.1824286,55.4775047],[12.1688227,55.4775047],[12.1688227,55.4366871],[12.1960344,55.4366871],[12.1960344,55.4230813],[12.2232461,55.4230813],[12.2232461,55.4094754],[12.236852,55.4094754],[12.236852,55.3142345],[12.2504578,55.3142345],[12.2504578,55.2598111],[12.2640637,55.2598111],[12.2640637,55.2462052],[12.2912754,55.2462052],[12.2912754,55.2325993],[12.3184871,55.2325993],[12.3184871,55.2189935],[12.332093,55.2189935],[12.332093,55.2325993],[12.4001222,55.2325993],[12.4001222,55.2462052],[12.4681515,55.2462052],[12.4681515,55.2734169],[12.4953632,55.2734169],[12.4953632,55.3142345],[12.4817573,55.3142345],[12.4817573,55.3414462],[12.4681515,55.3414462],[12.4681515,55.3686579],[12.4545456,55.3686579],[12.4545456,55.3822637],[12.4409398,55.3822637],[12.4409398,55.4094754],[12.4273339,55.4094754],[12.4273339,55.4366871],[12.4137281,55.4366871],[12.4137281,55.5183223],[12.4817573,55.5183223],[12.4817573,55.5319281],[12.508969,55.5319281],[12.508969,55.545534],[12.5361808,55.545534],[12.5361808,55.5591398],[12.5633925,55.5591398],[12.5633925,55.5727457],[12.60421,55.5727457],[12.60421,55.5863515],[12.6450276,55.5863515],[12.6450276,55.5999574],[12.6722393,55.5999574],[12.6722393,55.6271691],[12.6858451,55.6271691],[12.6858451,55.6543808],[12.699451,55.6543808],[12.699451,55.6679866],[12.7402685,55.6679866],[12.7402685,55.6815925],[12.7538744,55.6815925],[12.7538744,55.6951984],[12.7674803,55.6951984],[12.7674803,55.7224101],[12.7538744,55.7224101],[12.7538744,55.7496218],[12.7674803,55.7496218],[12.7674803,55.7632276],[12.8082978,55.7632276],[12.8082978,55.7768335],[12.8219037,55.7768335],[12.8219037,55.8448627],[12.8082978,55.8448627],[12.8082978,55.8584686],[12.7810861,55.8584686],[12.7810861,55.8720744],[12.7674803,55.8720744],[12.7674803,55.8992862],[12.794692,55.8992862],[12.794692,55.8856803],[12.8219037,55.8856803],[12.8219037,55.8720744],[12.8491154,55.8720744],[12.8491154,55.8584686],[12.8763271,55.8584686],[12.8763271,55.8448627],[12.9579622,55.8448627],[12.9579622,55.8312569],[12.9715681,55.8312569],[12.9715681,55.817651],[12.9987798,55.817651],[12.9987798,55.8040452],[13.0940207,55.8040452],[13.0940207,55.817651],[13.1484441,55.817651],[13.1484441,55.8312569],[13.16205,55.8312569],[13.16205,55.8448627],[13.1756559,55.8448627],[13.1756559,55.8584686],[13.1892617,55.8584686],[13.1892617,55.8720744],[13.1756559,55.8720744],[13.1756559,55.8856803],[13.16205,55.8856803],[13.16205,55.912892],[13.1348383,55.912892],[13.1348383,55.9264979],[13.0940207,55.9264979],[13.0940207,55.9401037],[13.0532032,55.9401037],[13.0532032,55.9537096],[13.0259915,55.9537096],[13.0259915,55.9673154],[12.9987798,55.9673154],[12.9987798,55.9809213],[12.9579622,55.9809213],[12.9579622,55.9945271],[12.9443563,55.9945271],[12.9443563,55.9809213],[12.9035388,55.9809213],[12.9035388,55.9945271],[12.8355095,55.9945271],[12.8355095,56.008133],[12.8219037,56.008133],[12.8219037,56.0353447],[12.8355095,56.0353447],[12.8355095,56.0489505],[12.8627212,56.0489505],[12.8627212,56.0625564],[12.8763271,56.0625564],[12.8763271,56.0761622],[12.8627212,56.0761622],[12.8627212,56.1441915],[12.8355095,56.1441915],[12.8355095,56.1577974],[12.8219037,56.1577974],[12.8219037,56.1714032],[12.8763271,56.1714032],[12.8763271,56.1850091],[12.8899329,56.1850091],[12.8899329,56.1986149],[12.9035388,56.1986149],[12.9035388,56.2122208],[12.8899329,56.2122208],[12.8899329,56.2258266],[12.9035388,56.2258266],[12.9035388,56.2394325],[12.9443563,56.2394325],[12.9443563,56.2530383],[13.0259915,56.2530383],[13.0259915,56.2666442],[13.0532032,56.2666442],[13.0532032,56.2938559],[13.066809,56.2938559],[13.066809,56.3074618],[13.0532032,56.3074618],[13.0532032,56.3482793],[13.0395973,56.3482793],[13.0395973,56.3618852],[12.9851739,56.3618852],[12.9851739,56.375491],[12.8899329,56.375491]]],[[[12.3048812,55.2189935],[12.3048812,55.2053876],[12.2504578,55.2053876],[12.2504578,55.1917818],[12.2096403,55.1917818],[12.2096403,55.1781759],[12.1960344,55.1781759],[12.1960344,55.1645701],[12.1824286,55.1645701],[12.1824286,55.1237525],[12.1960344,55.1237525],[12.1960344,55.1101467],[12.2096403,55.1101467],[12.2096403,55.0965408],[12.2232461,55.0965408],[12.2232461,55.082935],[12.2640637,55.082935],[12.2640637,55.0693291],[12.2776695,55.0693291],[12.2776695,55.082935],[12.3456988,55.082935],[12.3456988,55.0965408],[12.4001222,55.0965408],[12.4001222,55.1237525],[12.4137281,55.1237525],[12.4137281,55.1509642],[12.4001222,55.1509642],[12.4001222,55.1781759],[12.3729105,55.1781759],[12.3729105,55.1917818],[12.3456988,55.1917818],[12.3456988,55.2053876],[12.3184871,55.2053876],[12.3184871,55.2189935],[12.3048812,55.2189935]]]]}},{"type":"Feature","properties":{"clumps":148},"geometry":{"type":"Polygon","coordinates":[[[8.1687019,56.3482793],[8.1687019,56.3346735],[8.1414902,56.3346735],[8.1414902,56.3210676],[8.1278843,56.3210676],[8.1278843,56.3074618],[8.1414902,56.3074618],[8.1414902,56.2938559],[8.2095194,56.2938559],[8.2095194,56.28025],[8.2367311,56.28025],[8.2367311,56.2666442],[8.2911545,56.2666442],[8.2911545,56.2530383],[8.3319721,56.2530383],[8.3319721,56.2394325],[8.3591838,56.2394325],[8.3591838,56.2258266],[8.3863955,56.2258266],[8.3863955,56.2122208],[8.4272131,56.2122208],[8.4272131,56.1986149],[8.4544248,56.1986149],[8.4544248,56.1850091],[8.4816365,56.1850091],[8.4816365,56.1714032],[8.5088482,56.1714032],[8.5088482,56.1577974],[8.5224541,56.1577974],[8.5224541,56.1714032],[8.5360599,56.1714032],[8.5360599,56.1577974],[8.5632716,56.1577974],[8.5632716,56.1441915],[8.6040892,56.1441915],[8.6040892,56.1305857],[8.617695,56.1305857],[8.617695,56.1169798],[8.6585126,56.1169798],[8.6585126,56.103374],[8.6857243,56.103374],[8.6857243,56.0897681],[8.712936,56.0897681],[8.712936,56.0761622],[8.7673594,56.0761622],[8.7673594,56.0625564],[8.7945711,56.0625564],[8.7945711,56.0489505],[8.8217828,56.0489505],[8.8217828,56.0353447],[8.8626004,56.0353447],[8.8626004,56.0217388],[8.8762062,56.0217388],[8.8762062,56.008133],[8.9034179,56.008133],[8.9034179,55.9945271],[8.9442355,55.9945271],[8.9442355,55.9809213],[8.9714472,55.9809213],[8.9714472,55.9673154],[9.0394765,55.9673154],[9.0394765,55.9537096],[9.0666882,55.9537096],[9.0666882,55.9401037],[9.080294,55.9401037],[9.080294,55.9264979],[9.1211116,55.9264979],[9.1211116,55.912892],[9.1347174,55.912892],[9.1347174,55.8992862],[9.175535,55.8992862],[9.175535,55.8856803],[9.2163526,55.8856803],[9.2163526,55.8720744],[9.2435643,55.8720744],[9.2435643,55.8584686],[9.270776,55.8584686],[9.270776,55.8448627],[9.3251994,55.8448627],[9.3251994,55.8312569],[9.3524111,55.8312569],[9.3524111,55.817651],[9.3796228,55.817651],[9.3796228,55.8040452],[9.4068345,55.8040452],[9.4068345,55.7904393],[9.4476521,55.7904393],[9.4476521,55.7768335],[9.4612579,55.7768335],[9.4612579,55.7632276],[9.4884696,55.7632276],[9.4884696,55.7496218],[9.5292872,55.7496218],[9.5292872,55.7360159],[9.5564989,55.7360159],[9.5564989,55.7224101],[9.5701048,55.7224101],[9.5701048,55.7088042],[9.6245282,55.7088042],[9.6245282,55.6951984],[9.6517399,55.6951984],[9.6517399,55.6815925],[9.6925574,55.6815925],[9.6925574,55.6679866],[9.733375,55.6679866],[9.733375,55.6543808],[9.7605867,55.6543808],[9.7605867,55.6407749],[9.7741925,55.6407749],[9.7741925,55.6271691],[9.8014043,55.6271691],[9.8014043,55.6135632],[9.8558277,55.6135632],[9.8558277,55.5999574],[9.8694335,55.5999574],[9.8694335,55.6135632],[9.8830394,55.6135632],[9.8830394,55.5999574],[9.9782803,55.5999574],[9.9782803,55.6271691],[9.9374628,55.6271691],[9.9374628,55.6407749],[9.9102511,55.6407749],[9.9102511,55.6543808],[9.8830394,55.6543808],[9.8830394,55.6679866],[9.828616,55.6679866],[9.828616,55.6951984],[9.8014043,55.6951984],[9.8014043,55.7088042],[9.7469808,55.7088042],[9.7469808,55.7224101],[9.7061633,55.7224101],[9.7061633,55.7360159],[9.6789516,55.7360159],[9.6789516,55.7496218],[9.6517399,55.7496218],[9.6517399,55.7632276],[9.6109223,55.7632276],[9.6109223,55.7768335],[9.5837106,55.7768335],[9.5837106,55.7904393],[9.5564989,55.7904393],[9.5564989,55.8040452],[9.5020755,55.8040452],[9.5020755,55.817651],[9.4612579,55.817651],[9.4612579,55.8312569],[9.4340462,55.8312569],[9.4340462,55.8448627],[9.3932287,55.8448627],[9.3932287,55.8584686],[9.366017,55.8584686],[9.366017,55.8720744],[9.3388052,55.8720744],[9.3388052,55.8856803],[9.2843818,55.8856803],[9.2843818,55.912892],[9.2435643,55.912892],[9.2435643,55.9264979],[9.1891409,55.9264979],[9.1891409,55.9401037],[9.175535,55.9401037],[9.175535,55.9537096],[9.1347174,55.9537096],[9.1347174,55.9673154],[9.1075057,55.9673154],[9.1075057,55.9809213],[9.080294,55.9809213],[9.080294,55.9945271],[9.0530823,55.9945271],[9.0530823,56.008133],[8.9850531,56.008133],[8.9850531,56.0217388],[8.9714472,56.0217388],[8.9714472,56.0353447],[8.9442355,56.0353447],[8.9442355,56.0489505],[8.9034179,56.0489505],[8.9034179,56.0625564],[8.8898121,56.0625564],[8.8898121,56.0761622],[8.8489945,56.0761622],[8.8489945,56.0897681],[8.808177,56.0897681],[8.808177,56.103374],[8.7945711,56.103374],[8.7945711,56.1169798],[8.7673594,56.1169798],[8.7673594,56.1305857],[8.712936,56.1305857],[8.712936,56.1441915],[8.6857243,56.1441915],[8.6857243,56.1577974],[8.6449067,56.1577974],[8.6449067,56.1714032],[8.6313009,56.1714032],[8.6313009,56.1850091],[8.5904833,56.1850091],[8.5904833,56.1986149],[8.5632716,56.1986149],[8.5632716,56.2122208],[8.5360599,56.2122208],[8.5360599,56.2258266],[8.4952423,56.2258266],[8.4952423,56.2394325],[8.4544248,56.2394325],[8.4544248,56.2530383],[8.4272131,56.2530383],[8.4272131,56.2666442],[8.3863955,56.2666442],[8.3863955,56.28025],[8.3591838,56.28025],[8.3591838,56.2938559],[8.3319721,56.2938559],[8.3319721,56.3074618],[8.3047604,56.3074618],[8.3047604,56.3210676],[8.2911545,56.3210676],[8.2911545,56.3074618],[8.2775487,56.3074618],[8.2775487,56.3210676],[8.2639428,56.3210676],[8.2639428,56.3346735],[8.2095194,56.3346735],[8.2095194,56.3482793],[8.1687019,56.3482793]]]}},{"type":"Feature","properties":{"clumps":149},"geometry":{"type":"Polygon","coordinates":[[[14.1688831,56.3482793],[14.1688831,56.3346735],[14.1280656,56.3346735],[14.1280656,56.3210676],[14.1008539,56.3210676],[14.1008539,56.2666442],[14.1144597,56.2666442],[14.1144597,56.2530383],[14.1280656,56.2530383],[14.1280656,56.2394325],[14.1416714,56.2394325],[14.1416714,56.2258266],[14.2641241,56.2258266],[14.2641241,56.2394325],[14.2913358,56.2394325],[14.2913358,56.2530383],[14.3185475,56.2530383],[14.3185475,56.2666442],[14.3321534,56.2666442],[14.3321534,56.3210676],[14.3049417,56.3210676],[14.3049417,56.3346735],[14.27773,56.3346735],[14.27773,56.3482793],[14.1688831,56.3482793]]]}},{"type":"Feature","properties":{"clumps":150},"geometry":{"type":"Polygon","coordinates":[[[8.1142785,56.2258266],[8.1142785,56.2122208],[8.1006726,56.2122208],[8.1006726,56.1850091],[8.1142785,56.1850091],[8.1142785,56.1714032],[8.1414902,56.1714032],[8.1414902,56.1577974],[8.1823077,56.1577974],[8.1823077,56.1441915],[8.2231253,56.1441915],[8.2231253,56.1305857],[8.250337,56.1305857],[8.250337,56.1169798],[8.2775487,56.1169798],[8.2775487,56.103374],[8.2911545,56.103374],[8.2911545,56.1169798],[8.3047604,56.1169798],[8.3047604,56.103374],[8.3319721,56.103374],[8.3319721,56.0897681],[8.3727897,56.0897681],[8.3727897,56.0761622],[8.4000014,56.0761622],[8.4000014,56.0625564],[8.4408189,56.0625564],[8.4408189,56.0489505],[8.4680306,56.0489505],[8.4680306,56.0353447],[8.4816365,56.0353447],[8.4816365,56.0489505],[8.4952423,56.0489505],[8.4952423,56.0353447],[8.5088482,56.0353447],[8.5088482,56.0217388],[8.5496658,56.0217388],[8.5496658,56.008133],[8.5904833,56.008133],[8.5904833,55.9945271],[8.6040892,55.9945271],[8.6040892,55.9809213],[8.6449067,55.9809213],[8.6449067,55.9673154],[8.6721184,55.9673154],[8.6721184,55.9537096],[8.6993301,55.9537096],[8.6993301,55.9401037],[8.7537536,55.9401037],[8.7537536,55.9264979],[8.7673594,55.9264979],[8.7673594,55.912892],[8.808177,55.912892],[8.808177,55.8992862],[8.8489945,55.8992862],[8.8489945,55.8856803],[8.8762062,55.8856803],[8.8762062,55.8720744],[8.9034179,55.8720744],[8.9034179,55.8584686],[8.9170238,55.8584686],[8.9170238,55.8720744],[8.9306296,55.8720744],[8.9306296,55.8584686],[8.9578414,55.8584686],[8.9578414,55.8448627],[8.9714472,55.8448627],[8.9714472,55.8312569],[9.0122648,55.8312569],[9.0122648,55.817651],[9.0394765,55.817651],[9.0394765,55.8040452],[9.0666882,55.8040452],[9.0666882,55.7904393],[9.0938999,55.7904393],[9.0938999,55.7768335],[9.1347174,55.7768335],[9.1347174,55.7632276],[9.1619292,55.7632276],[9.1619292,55.7496218],[9.1891409,55.7496218],[9.1891409,55.7360159],[9.2435643,55.7360159],[9.2435643,55.7224101],[9.270776,55.7224101],[9.270776,55.7088042],[9.2979877,55.7088042],[9.2979877,55.6951984],[9.3388052,55.6951984],[9.3388052,55.6815925],[9.366017,55.6815925],[9.366017,55.6679866],[9.3932287,55.6679866],[9.3932287,55.6543808],[9.4340462,55.6543808],[9.4340462,55.6407749],[9.4476521,55.6407749],[9.4476521,55.6271691],[9.4612579,55.6271691],[9.4612579,55.6407749],[9.4748638,55.6407749],[9.4748638,55.6271691],[9.5020755,55.6271691],[9.5020755,55.6135632],[9.542893,55.6135632],[9.542893,55.5999574],[9.5564989,55.5999574],[9.5564989,55.5863515],[9.5837106,55.5863515],[9.5837106,55.5727457],[9.6109223,55.5727457],[9.6109223,55.5591398],[9.638134,55.5591398],[9.638134,55.545534],[9.6517399,55.545534],[9.6517399,55.5319281],[9.6925574,55.5319281],[9.6925574,55.5183223],[9.733375,55.5183223],[9.733375,55.5047164],[9.7605867,55.5047164],[9.7605867,55.4911106],[9.8150101,55.4911106],[9.8150101,55.4775047],[9.8558277,55.4775047],[9.8558277,55.4638989],[9.8830394,55.4638989],[9.8830394,55.4230813],[9.8966452,55.4230813],[9.8966452,55.3822637],[9.9102511,55.3822637],[9.9102511,55.3686579],[9.9374628,55.3686579],[9.9374628,55.3414462],[9.9510686,55.3414462],[9.9510686,55.2734169],[9.9782803,55.2734169],[9.9782803,55.2598111],[9.9918862,55.2598111],[9.9918862,55.2462052],[10.0327038,55.2462052],[10.0327038,55.2325993],[10.0463096,55.2325993],[10.0463096,55.2462052],[10.0735213,55.2462052],[10.0735213,55.2325993],[10.100733,55.2325993],[10.100733,55.2189935],[10.1551564,55.2189935],[10.1551564,55.2053876],[10.195974,55.2053876],[10.195974,55.1917818],[10.1823681,55.1917818],[10.1823681,55.1781759],[10.195974,55.1781759],[10.195974,55.1373584],[10.2095799,55.1373584],[10.2095799,55.1237525],[10.2231857,55.1237525],[10.2231857,55.1101467],[10.2367916,55.1101467],[10.2367916,55.0965408],[10.2640033,55.0965408],[10.2640033,55.082935],[10.3184267,55.082935],[10.3184267,55.0693291],[10.3320325,55.0693291],[10.3320325,55.0557233],[10.3184267,55.0557233],[10.3184267,55.0149057],[10.3456384,55.0149057],[10.3456384,55.0012998],[10.3592442,55.0012998],[10.3592442,54.987694],[10.3728501,54.987694],[10.3728501,54.9740881],[10.4136676,54.9740881],[10.4136676,54.9604823],[10.4272735,54.9604823],[10.4272735,54.9740881],[10.4408794,54.9740881],[10.4408794,54.9604823],[10.5225145,54.9604823],[10.5225145,54.9740881],[10.5769379,54.9740881],[10.5769379,54.9604823],[10.6177554,54.9604823],[10.6177554,54.9468764],[10.6449672,54.9468764],[10.6449672,54.9604823],[10.7266023,54.9604823],[10.7266023,54.9740881],[10.7810257,54.9740881],[10.7810257,54.987694],[10.8218432,54.987694],[10.8218432,54.9468764],[10.7946315,54.9468764],[10.7946315,54.9332706],[10.7674198,54.9332706],[10.7674198,54.9196647],[10.7402081,54.9196647],[10.7402081,54.9060589],[10.7266023,54.9060589],[10.7266023,54.892453],[10.7402081,54.892453],[10.7402081,54.8516355],[10.753814,54.8516355],[10.753814,54.8380296],[10.7946315,54.8380296],[10.7946315,54.8244238],[10.8762667,54.8244238],[10.8762667,54.8380296],[10.9306901,54.8380296],[10.9306901,54.8516355],[10.9442959,54.8516355],[10.9442959,54.8652413],[10.9579018,54.8652413],[10.9579018,54.9060589],[10.9715076,54.9060589],[10.9715076,54.9196647],[10.9851135,54.9196647],[10.9851135,54.9468764],[11.025931,54.9468764],[11.025931,54.9604823],[11.0667486,54.9604823],[11.0667486,54.9740881],[11.0803545,54.9740881],[11.0803545,54.987694],[11.0667486,54.987694],[11.0667486,55.0149057],[11.0803545,55.0149057],[11.0803545,55.0285115],[11.1075662,55.0285115],[11.1075662,55.0421174],[11.121172,55.0421174],[11.121172,55.0557233],[11.1347779,55.0557233],[11.1347779,55.0693291],[11.1483837,55.0693291],[11.1483837,55.0965408],[11.1347779,55.0965408],[11.1347779,55.1101467],[11.121172,55.1101467],[11.121172,55.1373584],[11.0939603,55.1373584],[11.0939603,55.1509642],[11.0531428,55.1509642],[11.0531428,55.1645701],[11.0395369,55.1645701],[11.0395369,55.1509642],[11.025931,55.1509642],[11.025931,55.1645701],[11.0123252,55.1645701],[11.0123252,55.1917818],[11.025931,55.1917818],[11.025931,55.2189935],[11.0395369,55.2189935],[11.0395369,55.2325993],[11.0531428,55.2325993],[11.0531428,55.2462052],[11.0667486,55.2462052],[11.0667486,55.3142345],[11.0803545,55.3142345],[11.0803545,55.355052],[11.0667486,55.355052],[11.0667486,55.3822637],[11.0395369,55.3822637],[11.0395369,55.3958696],[11.025931,55.3958696],[11.025931,55.4094754],[11.0123252,55.4094754],[11.0123252,55.4366871],[10.9987193,55.4366871],[10.9987193,55.4638989],[11.0123252,55.4638989],[11.0123252,55.4911106],[10.9987193,55.4911106],[10.9987193,55.5183223],[10.9851135,55.5183223],[10.9851135,55.5319281],[10.9579018,55.5319281],[10.9579018,55.545534],[10.8898725,55.545534],[10.8898725,55.5591398],[10.8626608,55.5591398],[10.8626608,55.5727457],[10.849055,55.5727457],[10.849055,55.5999574],[10.7674198,55.5999574],[10.7674198,55.6135632],[10.7402081,55.6135632],[10.7402081,55.6271691],[10.6857847,55.6271691],[10.6857847,55.6407749],[10.5905437,55.6407749],[10.5905437,55.6543808],[10.5361203,55.6543808],[10.5361203,55.6679866],[10.5089086,55.6679866],[10.5089086,55.6543808],[10.4680911,55.6543808],[10.4680911,55.6679866],[10.4136676,55.6679866],[10.4136676,55.6815925],[10.3864559,55.6815925],[10.3864559,55.6679866],[10.3184267,55.6679866],[10.3184267,55.6543808],[10.291215,55.6543808],[10.291215,55.6407749],[10.2640033,55.6407749],[10.2640033,55.6271691],[10.195974,55.6271691],[10.195974,55.6135632],[10.1823681,55.6135632],[10.1823681,55.6271691],[10.1687623,55.6271691],[10.1687623,55.6135632],[10.1415506,55.6135632],[10.1415506,55.5999574],[10.0871272,55.5999574],[10.0871272,55.5863515],[10.0599155,55.5863515],[10.0599155,55.5727457],[10.0190979,55.5727457],[10.0190979,55.5863515],[10.0054921,55.5863515],[10.0054921,55.5727457],[9.9918862,55.5727457],[9.9918862,55.5863515],[9.9646745,55.5863515],[9.9646745,55.5727457],[9.9374628,55.5727457],[9.9374628,55.5591398],[9.9102511,55.5591398],[9.9102511,55.545534],[9.8966452,55.545534],[9.8966452,55.5319281],[9.828616,55.5319281],[9.828616,55.545534],[9.8014043,55.545534],[9.8014043,55.5591398],[9.7741925,55.5591398],[9.7741925,55.5727457],[9.7197691,55.5727457],[9.7197691,55.5863515],[9.6925574,55.5863515],[9.6925574,55.5999574],[9.6653457,55.5999574],[9.6653457,55.6135632],[9.6245282,55.6135632],[9.6245282,55.6271691],[9.5973165,55.6271691],[9.5973165,55.6407749],[9.5701048,55.6407749],[9.5701048,55.6543808],[9.5292872,55.6543808],[9.5292872,55.6679866],[9.5020755,55.6679866],[9.5020755,55.6815925],[9.4748638,55.6815925],[9.4748638,55.6951984],[9.4476521,55.6951984],[9.4476521,55.7088042],[9.3932287,55.7088042],[9.3932287,55.7224101],[9.366017,55.7224101],[9.366017,55.7360159],[9.3388052,55.7360159],[9.3388052,55.7496218],[9.2979877,55.7496218],[9.2979877,55.7632276],[9.270776,55.7632276],[9.270776,55.7768335],[9.2435643,55.7768335],[9.2435643,55.7904393],[9.1891409,55.7904393],[9.1891409,55.8040452],[9.1619292,55.8040452],[9.1619292,55.817651],[9.1347174,55.817651],[9.1347174,55.8312569],[9.0938999,55.8312569],[9.0938999,55.8448627],[9.0530823,55.8448627],[9.0530823,55.8584686],[9.0394765,55.8584686],[9.0394765,55.8720744],[8.9986589,55.8720744],[8.9986589,55.8856803],[8.9714472,55.8856803],[8.9714472,55.8992862],[8.9442355,55.8992862],[8.9442355,55.912892],[8.8898121,55.912892],[8.8898121,55.9264979],[8.8626004,55.9264979],[8.8626004,55.9401037],[8.8489945,55.9401037],[8.8489945,55.9537096],[8.808177,55.9537096],[8.808177,55.9673154],[8.7809653,55.9673154],[8.7809653,55.9809213],[8.7537536,55.9809213],[8.7537536,55.9945271],[8.712936,55.9945271],[8.712936,56.008133],[8.6721184,56.008133],[8.6721184,56.0217388],[8.6313009,56.0217388],[8.6313009,56.0353447],[8.617695,56.0353447],[8.617695,56.0489505],[8.5904833,56.0489505],[8.5904833,56.0625564],[8.5496658,56.0625564],[8.5496658,56.0761622],[8.5088482,56.0761622],[8.5088482,56.0897681],[8.4816365,56.0897681],[8.4816365,56.103374],[8.4272131,56.103374],[8.4272131,56.1169798],[8.4136072,56.1169798],[8.4136072,56.1305857],[8.3863955,56.1305857],[8.3863955,56.1441915],[8.345578,56.1441915],[8.345578,56.1577974],[8.3183663,56.1577974],[8.3183663,56.1714032],[8.2775487,56.1714032],[8.2775487,56.1850091],[8.2367311,56.1850091],[8.2367311,56.1986149],[8.2095194,56.1986149],[8.2095194,56.2122208],[8.1414902,56.2122208],[8.1414902,56.2258266],[8.1142785,56.2258266]],[[10.3456384,55.545534],[10.4272735,55.545534],[10.4272735,55.5319281],[10.5361203,55.5319281],[10.5361203,55.5183223],[10.5769379,55.5183223],[10.5769379,55.5047164],[10.6857847,55.5047164],[10.6857847,55.4911106],[10.7266023,55.4911106],[10.7266023,55.4775047],[10.753814,55.4775047],[10.753814,55.4638989],[10.7810257,55.4638989],[10.7810257,55.450293],[10.7674198,55.450293],[10.7674198,55.4366871],[10.7810257,55.4366871],[10.7810257,55.4230813],[10.7674198,55.4230813],[10.7674198,55.3822637],[10.7810257,55.3822637],[10.7810257,55.3686579],[10.7946315,55.3686579],[10.7946315,55.355052],[10.8082374,55.355052],[10.8082374,55.3414462],[10.8354491,55.3414462],[10.8354491,55.3278403],[10.849055,55.3278403],[10.849055,55.3006286],[10.8354491,55.3006286],[10.8354491,55.2870228],[10.8218432,55.2870228],[10.8218432,55.2598111],[10.8082374,55.2598111],[10.8082374,55.2462052],[10.7810257,55.2462052],[10.7810257,55.2325993],[10.7674198,55.2325993],[10.7674198,55.2189935],[10.7810257,55.2189935],[10.7810257,55.2053876],[10.7674198,55.2053876],[10.7674198,55.1917818],[10.7402081,55.1917818],[10.7402081,55.1781759],[10.7129964,55.1781759],[10.7129964,55.1645701],[10.6993906,55.1645701],[10.6993906,55.1509642],[10.6857847,55.1509642],[10.6857847,55.1373584],[10.658573,55.1373584],[10.658573,55.1237525],[10.6449672,55.1237525],[10.6449672,55.1101467],[10.658573,55.1101467],[10.658573,55.0965408],[10.6177554,55.0965408],[10.6177554,55.082935],[10.5769379,55.082935],[10.5769379,55.0693291],[10.5497262,55.0693291],[10.5497262,55.082935],[10.5089086,55.082935],[10.5089086,55.0965408],[10.4816969,55.0965408],[10.4816969,55.1101467],[10.4272735,55.1101467],[10.4272735,55.1645701],[10.4136676,55.1645701],[10.4136676,55.1917818],[10.4000618,55.1917818],[10.4000618,55.2053876],[10.3728501,55.2053876],[10.3728501,55.2189935],[10.3048208,55.2189935],[10.3048208,55.2325993],[10.291215,55.2325993],[10.291215,55.2462052],[10.3048208,55.2462052],[10.3048208,55.2734169],[10.291215,55.2734169],[10.291215,55.3006286],[10.2640033,55.3006286],[10.2640033,55.3142345],[10.2503974,55.3142345],[10.2503974,55.3278403],[10.2095799,55.3278403],[10.2095799,55.3414462],[10.1687623,55.3414462],[10.1687623,55.355052],[10.1279447,55.355052],[10.1279447,55.3686579],[10.100733,55.3686579],[10.100733,55.3822637],[10.1143389,55.3822637],[10.1143389,55.4230813],[10.100733,55.4230813],[10.100733,55.4911106],[10.1279447,55.4911106],[10.1279447,55.4775047],[10.1687623,55.4775047],[10.1687623,55.4911106],[10.2503974,55.4911106],[10.2503974,55.5047164],[10.291215,55.5047164],[10.291215,55.5183223],[10.3048208,55.5183223],[10.3048208,55.5319281],[10.3456384,55.5319281],[10.3456384,55.545534]]]}},{"type":"Feature","properties":{"clumps":151},"geometry":{"type":"Polygon","coordinates":[[[21.0126273,56.2258266],[21.0126273,56.2122208],[20.9854156,56.2122208],[20.9854156,56.1986149],[20.9582039,56.1986149],[20.9582039,56.1714032],[20.944598,56.1714032],[20.944598,56.1305857],[20.9582039,56.1305857],[20.9582039,56.1169798],[20.9854156,56.1169798],[20.9854156,56.103374],[21.0126273,56.103374],[21.0126273,56.0897681],[21.0670507,56.0897681],[21.0670507,56.103374],[21.13508,56.103374],[21.13508,56.1169798],[21.1622917,56.1169798],[21.1622917,56.1305857],[21.1758975,56.1305857],[21.1758975,56.1850091],[21.1486858,56.1850091],[21.1486858,56.1986149],[21.13508,56.1986149],[21.13508,56.2122208],[21.1214741,56.2122208],[21.1214741,56.2258266],[21.0126273,56.2258266]]]}},{"type":"Feature","properties":{"clumps":152},"geometry":{"type":"Polygon","coordinates":[[[10.4953028,56.1169798],[10.4953028,56.103374],[10.4816969,56.103374],[10.4816969,56.0761622],[10.4953028,56.0761622],[10.4953028,56.0625564],[10.5225145,56.0625564],[10.5225145,56.0489505],[10.5361203,56.0489505],[10.5361203,56.0353447],[10.5769379,56.0353447],[10.5769379,56.0217388],[10.6177554,56.0217388],[10.6177554,56.008133],[10.6449672,56.008133],[10.6449672,55.9945271],[10.6721789,55.9945271],[10.6721789,56.008133],[10.6857847,56.008133],[10.6857847,56.0217388],[10.6721789,56.0217388],[10.6721789,56.0625564],[10.658573,56.0625564],[10.658573,56.0761622],[10.6449672,56.0761622],[10.6449672,56.0625564],[10.6177554,56.0625564],[10.6177554,56.0761622],[10.5905437,56.0761622],[10.5905437,56.0897681],[10.563332,56.0897681],[10.563332,56.103374],[10.5497262,56.103374],[10.5497262,56.1169798],[10.4953028,56.1169798]]]}},{"type":"Feature","properties":{"clumps":153},"geometry":{"type":"Polygon","coordinates":[[[8.1142785,56.0897681],[8.1142785,56.0761622],[8.1006726,56.0761622],[8.1006726,56.0625564],[8.0870667,56.0625564],[8.0870667,56.0353447],[8.1142785,56.0353447],[8.1142785,56.0217388],[8.1414902,56.0217388],[8.1414902,56.008133],[8.1687019,56.008133],[8.1687019,55.9945271],[8.2231253,55.9945271],[8.2231253,55.9809213],[8.250337,55.9809213],[8.250337,55.9673154],[8.3047604,55.9673154],[8.3047604,55.9537096],[8.3319721,55.9537096],[8.3319721,55.9401037],[8.345578,55.9401037],[8.345578,55.9264979],[8.4000014,55.9264979],[8.4000014,55.912892],[8.4272131,55.912892],[8.4272131,55.8992862],[8.4544248,55.8992862],[8.4544248,55.8856803],[8.5224541,55.8856803],[8.5224541,55.8720744],[8.5360599,55.8720744],[8.5360599,55.8584686],[8.5632716,55.8584686],[8.5632716,55.8448627],[8.6040892,55.8448627],[8.6040892,55.8312569],[8.6313009,55.8312569],[8.6313009,55.817651],[8.6585126,55.817651],[8.6585126,55.8040452],[8.712936,55.8040452],[8.712936,55.7904393],[8.7265419,55.7904393],[8.7265419,55.7768335],[8.7537536,55.7768335],[8.7537536,55.7632276],[8.7945711,55.7632276],[8.7945711,55.7496218],[8.8217828,55.7496218],[8.8217828,55.7360159],[8.8626004,55.7360159],[8.8626004,55.7224101],[8.8898121,55.7224101],[8.8898121,55.7088042],[8.9442355,55.7088042],[8.9442355,55.6815925],[8.9986589,55.6815925],[8.9986589,55.6679866],[9.0258706,55.6679866],[9.0258706,55.6543808],[9.0530823,55.6543808],[9.0530823,55.6407749],[9.0938999,55.6407749],[9.0938999,55.6271691],[9.1211116,55.6271691],[9.1211116,55.6135632],[9.1483233,55.6135632],[9.1483233,55.5999574],[9.2027467,55.5999574],[9.2027467,55.5863515],[9.2299584,55.5863515],[9.2299584,55.5727457],[9.2571701,55.5727457],[9.2571701,55.5591398],[9.2979877,55.5591398],[9.2979877,55.545534],[9.3388052,55.545534],[9.3388052,55.5319281],[9.3524111,55.5319281],[9.3524111,55.5183223],[9.3932287,55.5183223],[9.3932287,55.5047164],[9.4204404,55.5047164],[9.4204404,55.4911106],[9.4612579,55.4911106],[9.4612579,55.4775047],[9.4884696,55.4775047],[9.4884696,55.4638989],[9.5292872,55.4638989],[9.5292872,55.450293],[9.5564989,55.450293],[9.5564989,55.4366871],[9.5837106,55.4366871],[9.5837106,55.4230813],[9.6109223,55.4230813],[9.6109223,55.4094754],[9.638134,55.4094754],[9.638134,55.3958696],[9.6653457,55.3958696],[9.6653457,55.3822637],[9.7061633,55.3822637],[9.7061633,55.3686579],[9.733375,55.3686579],[9.733375,55.355052],[9.7469808,55.355052],[9.7469808,55.3686579],[9.7605867,55.3686579],[9.7605867,55.355052],[9.7877984,55.355052],[9.7877984,55.3414462],[9.8150101,55.3414462],[9.8150101,55.3278403],[9.8830394,55.3278403],[9.8830394,55.3686579],[9.8558277,55.3686579],[9.8558277,55.3822637],[9.828616,55.3822637],[9.828616,55.3958696],[9.8150101,55.3958696],[9.8150101,55.4094754],[9.7741925,55.4094754],[9.7741925,55.4230813],[9.733375,55.4230813],[9.733375,55.4366871],[9.7061633,55.4366871],[9.7061633,55.450293],[9.6653457,55.450293],[9.6653457,55.4638989],[9.638134,55.4638989],[9.638134,55.4775047],[9.5973165,55.4775047],[9.5973165,55.4911106],[9.5701048,55.4911106],[9.5701048,55.5047164],[9.542893,55.5047164],[9.542893,55.5183223],[9.5020755,55.5183223],[9.5020755,55.5319281],[9.4612579,55.5319281],[9.4612579,55.545534],[9.4204404,55.545534],[9.4204404,55.5591398],[9.3796228,55.5591398],[9.3796228,55.5727457],[9.3524111,55.5727457],[9.3524111,55.5863515],[9.3251994,55.5863515],[9.3251994,55.5999574],[9.2843818,55.5999574],[9.2843818,55.6135632],[9.2571701,55.6135632],[9.2571701,55.6271691],[9.2299584,55.6271691],[9.2299584,55.6407749],[9.2027467,55.6407749],[9.2027467,55.6543808],[9.1483233,55.6543808],[9.1483233,55.6679866],[9.1211116,55.6679866],[9.1211116,55.6815925],[9.0938999,55.6815925],[9.0938999,55.6951984],[9.0666882,55.6951984],[9.0666882,55.7088042],[9.0258706,55.7088042],[9.0258706,55.7224101],[9.0122648,55.7224101],[9.0122648,55.7360159],[8.9714472,55.7360159],[8.9714472,55.7496218],[8.9306296,55.7496218],[8.9306296,55.7632276],[8.8898121,55.7632276],[8.8898121,55.7768335],[8.8489945,55.7768335],[8.8489945,55.7904393],[8.8353887,55.7904393],[8.8353887,55.8040452],[8.808177,55.8040452],[8.808177,55.817651],[8.7673594,55.817651],[8.7673594,55.8312569],[8.7401477,55.8312569],[8.7401477,55.8448627],[8.712936,55.8448627],[8.712936,55.8584686],[8.6585126,55.8584686],[8.6585126,55.8720744],[8.6449067,55.8720744],[8.6449067,55.8856803],[8.617695,55.8856803],[8.617695,55.8992862],[8.5768775,55.8992862],[8.5768775,55.912892],[8.5496658,55.912892],[8.5496658,55.9264979],[8.5088482,55.9264979],[8.5088482,55.9401037],[8.4816365,55.9401037],[8.4816365,55.9537096],[8.4544248,55.9537096],[8.4544248,55.9673154],[8.4136072,55.9673154],[8.4136072,55.9809213],[8.3863955,55.9809213],[8.3863955,55.9945271],[8.3591838,55.9945271],[8.3591838,56.008133],[8.3319721,56.008133],[8.3319721,56.0217388],[8.2911545,56.0217388],[8.2911545,56.0353447],[8.2639428,56.0353447],[8.2639428,56.0489505],[8.2231253,56.0489505],[8.2231253,56.0625564],[8.1823077,56.0625564],[8.1823077,56.0761622],[8.1414902,56.0761622],[8.1414902,56.0897681],[8.1142785,56.0897681]]]}},{"type":"Feature","properties":{"clumps":154},"geometry":{"type":"Polygon","coordinates":[[[21.0262332,56.0625564],[21.0262332,56.0489505],[20.9854156,56.0489505],[20.9854156,56.0217388],[20.9718097,56.0217388],[20.9718097,55.9673154],[20.9854156,55.9673154],[20.9854156,55.9537096],[21.0126273,55.9537096],[21.0126273,55.9401037],[21.0806566,55.9401037],[21.0806566,55.9264979],[21.0942624,55.9264979],[21.0942624,55.9401037],[21.1078683,55.9401037],[21.1078683,55.9264979],[21.1486858,55.9264979],[21.1486858,55.9401037],[21.1895034,55.9401037],[21.1895034,55.9537096],[21.2167151,55.9537096],[21.2167151,55.9673154],[21.230321,55.9673154],[21.230321,56.008133],[21.2167151,56.008133],[21.2167151,56.0353447],[21.2031092,56.0353447],[21.2031092,56.0489505],[21.1758975,56.0489505],[21.1758975,56.0625564],[21.0262332,56.0625564]]]}},{"type":"Feature","properties":{"clumps":155},"geometry":{"type":"Polygon","coordinates":[[[10.4000618,55.9945271],[10.4000618,55.9673154],[10.4136676,55.9673154],[10.4136676,55.9537096],[10.4408794,55.9537096],[10.4408794,55.9401037],[10.4680911,55.9401037],[10.4680911,55.9264979],[10.5089086,55.9264979],[10.5089086,55.912892],[10.5225145,55.912892],[10.5225145,55.9264979],[10.5361203,55.9264979],[10.5361203,55.912892],[10.5497262,55.912892],[10.5497262,55.9264979],[10.6041496,55.9264979],[10.6041496,55.9537096],[10.563332,55.9537096],[10.563332,55.9673154],[10.5361203,55.9673154],[10.5361203,55.9809213],[10.5225145,55.9809213],[10.5225145,55.9945271],[10.4000618,55.9945271]]]}},{"type":"Feature","properties":{"clumps":156},"geometry":{"type":"Polygon","coordinates":[[[8.1278843,55.912892],[8.1278843,55.8992862],[8.1006726,55.8992862],[8.1006726,55.8856803],[8.1142785,55.8856803],[8.1142785,55.8720744],[8.155096,55.8720744],[8.155096,55.8584686],[8.1823077,55.8584686],[8.1823077,55.8448627],[8.2095194,55.8448627],[8.2095194,55.8312569],[8.250337,55.8312569],[8.250337,55.817651],[8.3047604,55.817651],[8.3047604,55.8040452],[8.3319721,55.8040452],[8.3319721,55.7904393],[8.3727897,55.7904393],[8.3727897,55.7768335],[8.4000014,55.7768335],[8.4000014,55.7632276],[8.4272131,55.7632276],[8.4272131,55.7496218],[8.4816365,55.7496218],[8.4816365,55.7360159],[8.5088482,55.7360159],[8.5088482,55.7224101],[8.5360599,55.7224101],[8.5360599,55.7088042],[8.5904833,55.7088042],[8.5904833,55.6951984],[8.6040892,55.6951984],[8.6040892,55.6815925],[8.6449067,55.6815925],[8.6449067,55.6679866],[8.6585126,55.6679866],[8.6585126,55.6543808],[8.6721184,55.6543808],[8.6721184,55.6679866],[8.6857243,55.6679866],[8.6857243,55.6543808],[8.712936,55.6543808],[8.712936,55.6407749],[8.7537536,55.6407749],[8.7537536,55.6271691],[8.7673594,55.6271691],[8.7673594,55.6135632],[8.808177,55.6135632],[8.808177,55.5999574],[8.8353887,55.5999574],[8.8353887,55.5863515],[8.8626004,55.5863515],[8.8626004,55.5727457],[8.8898121,55.5727457],[8.8898121,55.5591398],[8.9034179,55.5591398],[8.9034179,55.5727457],[8.9170238,55.5727457],[8.9170238,55.5591398],[8.9306296,55.5591398],[8.9306296,55.545534],[8.9714472,55.545534],[8.9714472,55.5319281],[8.9986589,55.5319281],[8.9986589,55.5183223],[9.0258706,55.5183223],[9.0258706,55.5047164],[9.0666882,55.5047164],[9.0666882,55.4911106],[9.0938999,55.4911106],[9.0938999,55.4775047],[9.1347174,55.4775047],[9.1347174,55.4638989],[9.175535,55.4638989],[9.175535,55.450293],[9.2027467,55.450293],[9.2027467,55.4366871],[9.2299584,55.4366871],[9.2299584,55.4230813],[9.270776,55.4230813],[9.270776,55.4094754],[9.2979877,55.4094754],[9.2979877,55.3958696],[9.3251994,55.3958696],[9.3251994,55.3822637],[9.3524111,55.3822637],[9.3524111,55.3686579],[9.4068345,55.3686579],[9.4068345,55.3414462],[9.4204404,55.3414462],[9.4204404,55.355052],[9.4340462,55.355052],[9.4340462,55.3278403],[9.4476521,55.3278403],[9.4476521,55.3414462],[9.4612579,55.3414462],[9.4612579,55.3278403],[9.4884696,55.3278403],[9.4884696,55.3142345],[9.5156813,55.3142345],[9.5156813,55.3006286],[9.542893,55.3006286],[9.542893,55.2870228],[9.5701048,55.2870228],[9.5701048,55.2734169],[9.5973165,55.2734169],[9.5973165,55.2598111],[9.6245282,55.2598111],[9.6245282,55.2462052],[9.638134,55.2462052],[9.638134,55.2325993],[9.6925574,55.2325993],[9.6925574,55.2189935],[9.7469808,55.2189935],[9.7469808,55.1917818],[9.8014043,55.1917818],[9.8014043,55.1781759],[9.828616,55.1781759],[9.828616,55.1645701],[9.8830394,55.1645701],[9.8830394,55.1781759],[9.8694335,55.1781759],[9.8694335,55.2189935],[9.8422218,55.2189935],[9.8422218,55.2325993],[9.8014043,55.2325993],[9.8014043,55.2462052],[9.7741925,55.2462052],[9.7741925,55.2598111],[9.7469808,55.2598111],[9.7469808,55.2734169],[9.7197691,55.2734169],[9.7197691,55.2870228],[9.6925574,55.2870228],[9.6925574,55.3006286],[9.6789516,55.3006286],[9.6789516,55.3142345],[9.6653457,55.3142345],[9.6653457,55.3006286],[9.6517399,55.3006286],[9.6517399,55.3142345],[9.6245282,55.3142345],[9.6245282,55.3278403],[9.5701048,55.3278403],[9.5701048,55.3414462],[9.5564989,55.3414462],[9.5564989,55.355052],[9.5292872,55.355052],[9.5292872,55.3686579],[9.4884696,55.3686579],[9.4884696,55.3822637],[9.4476521,55.3822637],[9.4476521,55.3958696],[9.4340462,55.3958696],[9.4340462,55.4094754],[9.3796228,55.4094754],[9.3796228,55.4230813],[9.3388052,55.4230813],[9.3388052,55.4366871],[9.3251994,55.4366871],[9.3251994,55.450293],[9.2843818,55.450293],[9.2843818,55.4638989],[9.2435643,55.4638989],[9.2435643,55.4775047],[9.2163526,55.4775047],[9.2163526,55.4911106],[9.2027467,55.4911106],[9.2027467,55.5047164],[9.1483233,55.5047164],[9.1483233,55.5183223],[9.1211116,55.5183223],[9.1211116,55.5319281],[9.080294,55.5319281],[9.080294,55.545534],[9.0666882,55.545534],[9.0666882,55.5591398],[9.0258706,55.5591398],[9.0258706,55.5727457],[8.9986589,55.5727457],[8.9986589,55.5863515],[8.9714472,55.5863515],[8.9714472,55.5999574],[8.9306296,55.5999574],[8.9306296,55.6135632],[8.9034179,55.6135632],[8.9034179,55.6271691],[8.8898121,55.6271691],[8.8898121,55.6407749],[8.8762062,55.6407749],[8.8762062,55.6271691],[8.8626004,55.6271691],[8.8626004,55.6407749],[8.8217828,55.6407749],[8.8217828,55.6543808],[8.7945711,55.6543808],[8.7945711,55.6679866],[8.7809653,55.6679866],[8.7809653,55.6815925],[8.7401477,55.6815925],[8.7401477,55.6951984],[8.712936,55.6951984],[8.712936,55.7088042],[8.6857243,55.7088042],[8.6857243,55.7224101],[8.6313009,55.7224101],[8.6313009,55.7360159],[8.6040892,55.7360159],[8.6040892,55.7496218],[8.5768775,55.7496218],[8.5768775,55.7632276],[8.5496658,55.7632276],[8.5496658,55.7768335],[8.5224541,55.7768335],[8.5224541,55.7904393],[8.4816365,55.7904393],[8.4816365,55.8040452],[8.4544248,55.8040452],[8.4544248,55.817651],[8.4408189,55.817651],[8.4408189,55.8040452],[8.4272131,55.8040452],[8.4272131,55.817651],[8.4136072,55.817651],[8.4136072,55.8312569],[8.3591838,55.8312569],[8.3591838,55.8448627],[8.345578,55.8448627],[8.345578,55.8584686],[8.3183663,55.8584686],[8.3183663,55.8720744],[8.2911545,55.8720744],[8.2911545,55.8856803],[8.250337,55.8856803],[8.250337,55.8992862],[8.2367311,55.8992862],[8.2367311,55.8856803],[8.2231253,55.8856803],[8.2231253,55.8992862],[8.1959136,55.8992862],[8.1959136,55.912892],[8.1278843,55.912892]]]}},{"type":"Feature","properties":{"clumps":157},"geometry":{"type":"Polygon","coordinates":[[[21.0534449,55.8992862],[21.0534449,55.8856803],[21.0262332,55.8856803],[21.0262332,55.8720744],[21.0126273,55.8720744],[21.0126273,55.8584686],[20.9990214,55.8584686],[20.9990214,55.817651],[21.0126273,55.817651],[21.0126273,55.8040452],[21.0262332,55.8040452],[21.0262332,55.7904393],[21.039839,55.7904393],[21.039839,55.7768335],[21.0670507,55.7768335],[21.0670507,55.7632276],[21.1214741,55.7632276],[21.1214741,55.7768335],[21.1758975,55.7768335],[21.1758975,55.7904393],[21.1895034,55.7904393],[21.1895034,55.8040452],[21.2031092,55.8040452],[21.2031092,55.817651],[21.230321,55.817651],[21.230321,55.8448627],[21.2439268,55.8448627],[21.2439268,55.8584686],[21.230321,55.8584686],[21.230321,55.8720744],[21.2167151,55.8720744],[21.2167151,55.8856803],[21.1895034,55.8856803],[21.1895034,55.8992862],[21.0534449,55.8992862]]]}},{"type":"Feature","properties":{"clumps":158},"geometry":{"type":"Polygon","coordinates":[[[10.658573,55.8856803],[10.658573,55.8720744],[10.6177554,55.8720744],[10.6177554,55.8584686],[10.6041496,55.8584686],[10.6041496,55.8448627],[10.5769379,55.8448627],[10.5769379,55.8040452],[10.5905437,55.8040452],[10.5905437,55.7904393],[10.6041496,55.7904393],[10.6041496,55.7768335],[10.6177554,55.7768335],[10.6177554,55.7632276],[10.658573,55.7632276],[10.658573,55.7496218],[10.7266023,55.7496218],[10.7266023,55.7632276],[10.7674198,55.7632276],[10.7674198,55.7768335],[10.7946315,55.7768335],[10.7946315,55.7904393],[10.8218432,55.7904393],[10.8218432,55.8448627],[10.8082374,55.8448627],[10.8082374,55.8584686],[10.7674198,55.8584686],[10.7674198,55.8720744],[10.753814,55.8720744],[10.753814,55.8856803],[10.658573,55.8856803]]]}},{"type":"Feature","properties":{"clumps":159},"geometry":{"type":"Polygon","coordinates":[[[13.7471017,55.8312569],[13.7471017,55.817651],[13.7062841,55.817651],[13.7062841,55.8040452],[13.6518607,55.8040452],[13.6518607,55.817651],[13.5566197,55.817651],[13.5566197,55.8040452],[13.5021963,55.8040452],[13.5021963,55.7904393],[13.4749846,55.7904393],[13.4749846,55.7768335],[13.4613788,55.7768335],[13.4613788,55.7632276],[13.4477729,55.7632276],[13.4477729,55.7496218],[13.4613788,55.7496218],[13.4613788,55.7360159],[13.4477729,55.7360159],[13.4477729,55.7224101],[13.4205612,55.7224101],[13.4205612,55.7088042],[13.3933495,55.7088042],[13.3933495,55.6951984],[13.3797436,55.6951984],[13.3797436,55.6815925],[13.3661378,55.6815925],[13.3661378,55.6679866],[13.3797436,55.6679866],[13.3797436,55.6271691],[13.3933495,55.6271691],[13.3933495,55.6135632],[13.4069554,55.6135632],[13.4069554,55.5999574],[13.4885905,55.5999574],[13.4885905,55.6135632],[13.5566197,55.6135632],[13.5566197,55.6271691],[13.5838314,55.6271691],[13.5838314,55.6407749],[13.6110432,55.6407749],[13.6110432,55.6815925],[13.624649,55.6815925],[13.624649,55.6951984],[13.6518607,55.6951984],[13.6518607,55.7088042],[13.6926783,55.7088042],[13.6926783,55.6815925],[13.7062841,55.6815925],[13.7062841,55.6407749],[13.7334958,55.6407749],[13.7334958,55.6135632],[13.7607075,55.6135632],[13.7607075,55.5999574],[13.8831602,55.5999574],[13.8831602,55.5591398],[13.9103719,55.5591398],[13.9103719,55.545534],[13.9375836,55.545534],[13.9375836,55.5319281],[14.0464305,55.5319281],[14.0464305,55.545534],[14.087248,55.545534],[14.087248,55.5591398],[14.1008539,55.5591398],[14.1008539,55.5863515],[14.1144597,55.5863515],[14.1144597,55.6135632],[14.1008539,55.6135632],[14.1008539,55.6271691],[14.0736422,55.6271691],[14.0736422,55.6407749],[14.0600363,55.6407749],[14.0600363,55.6543808],[13.9647953,55.6543808],[13.9647953,55.6679866],[13.9239778,55.6679866],[13.9239778,55.6951984],[13.8967661,55.6951984],[13.8967661,55.7632276],[13.8831602,55.7632276],[13.8831602,55.7904393],[13.8695544,55.7904393],[13.8695544,55.8040452],[13.8559485,55.8040452],[13.8559485,55.817651],[13.8015251,55.817651],[13.8015251,55.8312569],[13.7471017,55.8312569]]]}},{"type":"Feature","properties":{"clumps":160},"geometry":{"type":"Polygon","coordinates":[[[8.1142785,55.7768335],[8.1142785,55.7632276],[8.1006726,55.7632276],[8.1006726,55.7360159],[8.1278843,55.7360159],[8.1278843,55.7224101],[8.155096,55.7224101],[8.155096,55.7088042],[8.1959136,55.7088042],[8.1959136,55.6951984],[8.2095194,55.6951984],[8.2095194,55.7088042],[8.2231253,55.7088042],[8.2231253,55.6951984],[8.250337,55.6951984],[8.250337,55.6815925],[8.2911545,55.6815925],[8.2911545,55.6679866],[8.3319721,55.6679866],[8.3319721,55.6543808],[8.3591838,55.6543808],[8.3591838,55.6407749],[8.3863955,55.6407749],[8.3863955,55.6271691],[8.4408189,55.6271691],[8.4408189,55.6135632],[8.4680306,55.6135632],[8.4680306,55.5999574],[8.4952423,55.5999574],[8.4952423,55.5863515],[8.5360599,55.5863515],[8.5360599,55.5727457],[8.5768775,55.5727457],[8.5768775,55.5591398],[8.5904833,55.5591398],[8.5904833,55.545534],[8.6585126,55.545534],[8.6585126,55.5319281],[8.6721184,55.5319281],[8.6721184,55.5183223],[8.6993301,55.5183223],[8.6993301,55.5047164],[8.7401477,55.5047164],[8.7401477,55.4911106],[8.7673594,55.4911106],[8.7673594,55.4775047],[8.7945711,55.4775047],[8.7945711,55.4638989],[8.8489945,55.4638989],[8.8489945,55.450293],[8.8626004,55.450293],[8.8626004,55.4366871],[8.9034179,55.4366871],[8.9034179,55.4230813],[8.9170238,55.4230813],[8.9170238,55.4094754],[8.9578414,55.4094754],[8.9578414,55.3958696],[8.9850531,55.3958696],[8.9850531,55.3822637],[9.0258706,55.3822637],[9.0258706,55.3686579],[9.0530823,55.3686579],[9.0530823,55.355052],[9.0938999,55.355052],[9.0938999,55.3414462],[9.1211116,55.3414462],[9.1211116,55.3278403],[9.1619292,55.3278403],[9.1619292,55.3142345],[9.1891409,55.3142345],[9.1891409,55.3006286],[9.2163526,55.3006286],[9.2163526,55.2870228],[9.2435643,55.2870228],[9.2435643,55.2734169],[9.2843818,55.2734169],[9.2843818,55.2598111],[9.3115935,55.2598111],[9.3115935,55.2462052],[9.3251994,55.2462052],[9.3251994,55.2325993],[9.3796228,55.2325993],[9.3796228,55.2189935],[9.4068345,55.2189935],[9.4068345,55.2053876],[9.4340462,55.2053876],[9.4340462,55.1917818],[9.4612579,55.1917818],[9.4612579,55.1781759],[9.4884696,55.1781759],[9.4884696,55.1645701],[9.5156813,55.1645701],[9.5156813,55.1509642],[9.5564989,55.1509642],[9.5564989,55.1373584],[9.5837106,55.1373584],[9.5837106,55.1237525],[9.6109223,55.1237525],[9.6109223,55.1101467],[9.638134,55.1101467],[9.638134,55.0965408],[9.6517399,55.0965408],[9.6517399,55.082935],[9.6789516,55.082935],[9.6789516,55.0693291],[9.733375,55.0693291],[9.733375,55.0557233],[9.7469808,55.0557233],[9.7469808,55.0421174],[9.7605867,55.0421174],[9.7605867,55.0285115],[9.828616,55.0285115],[9.828616,55.0149057],[9.8558277,55.0149057],[9.8558277,55.0012998],[9.9102511,55.0012998],[9.9102511,54.987694],[9.9238569,54.987694],[9.9238569,55.0012998],[9.9374628,55.0012998],[9.9374628,55.0285115],[9.9238569,55.0285115],[9.9238569,55.0421174],[9.9102511,55.0421174],[9.9102511,55.0693291],[9.8966452,55.0693291],[9.8966452,55.082935],[9.8830394,55.082935],[9.8830394,55.0693291],[9.8694335,55.0693291],[9.8694335,55.082935],[9.828616,55.082935],[9.828616,55.0965408],[9.8014043,55.0965408],[9.8014043,55.1101467],[9.7605867,55.1101467],[9.7605867,55.1237525],[9.733375,55.1237525],[9.733375,55.1373584],[9.6925574,55.1373584],[9.6925574,55.1509642],[9.6653457,55.1509642],[9.6653457,55.1645701],[9.638134,55.1645701],[9.638134,55.1781759],[9.6109223,55.1781759],[9.6109223,55.1917818],[9.5701048,55.1917818],[9.5701048,55.2053876],[9.542893,55.2053876],[9.542893,55.2189935],[9.5156813,55.2189935],[9.5156813,55.2325993],[9.4748638,55.2325993],[9.4748638,55.2462052],[9.4340462,55.2462052],[9.4340462,55.2598111],[9.4204404,55.2598111],[9.4204404,55.2734169],[9.3796228,55.2734169],[9.3796228,55.2870228],[9.366017,55.2870228],[9.366017,55.2734169],[9.3524111,55.2734169],[9.3524111,55.2870228],[9.3251994,55.2870228],[9.3251994,55.3006286],[9.3115935,55.3006286],[9.3115935,55.3142345],[9.2843818,55.3142345],[9.2843818,55.3278403],[9.2435643,55.3278403],[9.2435643,55.3414462],[9.2027467,55.3414462],[9.2027467,55.355052],[9.1891409,55.355052],[9.1891409,55.3686579],[9.1483233,55.3686579],[9.1483233,55.3822637],[9.1211116,55.3822637],[9.1211116,55.3958696],[9.0938999,55.3958696],[9.0938999,55.4094754],[9.0394765,55.4094754],[9.0394765,55.4230813],[9.0122648,55.4230813],[9.0122648,55.4366871],[8.9850531,55.4366871],[8.9850531,55.450293],[8.9578414,55.450293],[8.9578414,55.4638989],[8.9170238,55.4638989],[8.9170238,55.4775047],[8.8898121,55.4775047],[8.8898121,55.4911106],[8.8626004,55.4911106],[8.8626004,55.5047164],[8.8353887,55.5047164],[8.8353887,55.5183223],[8.808177,55.5183223],[8.808177,55.5319281],[8.7673594,55.5319281],[8.7673594,55.545534],[8.7265419,55.545534],[8.7265419,55.5591398],[8.6993301,55.5591398],[8.6993301,55.5727457],[8.6857243,55.5727457],[8.6857243,55.5863515],[8.6449067,55.5863515],[8.6449067,55.5999574],[8.617695,55.5999574],[8.617695,55.6135632],[8.5904833,55.6135632],[8.5904833,55.6271691],[8.5360599,55.6271691],[8.5360599,55.6407749],[8.5088482,55.6407749],[8.5088482,55.6543808],[8.4816365,55.6543808],[8.4816365,55.6679866],[8.4408189,55.6679866],[8.4408189,55.6815925],[8.4136072,55.6815925],[8.4136072,55.6951984],[8.345578,55.6951984],[8.345578,55.7088042],[8.3183663,55.7088042],[8.3183663,55.7224101],[8.2911545,55.7224101],[8.2911545,55.7360159],[8.2639428,55.7360159],[8.2639428,55.7496218],[8.2231253,55.7496218],[8.2231253,55.7632276],[8.2095194,55.7632276],[8.2095194,55.7768335],[8.1142785,55.7768335]]]}},{"type":"Feature","properties":{"clumps":161},"geometry":{"type":"Polygon","coordinates":[[[21.2575327,55.7632276],[21.2575327,55.7496218],[21.2439268,55.7496218],[21.2439268,55.7360159],[21.2167151,55.7360159],[21.2167151,55.7088042],[21.2031092,55.7088042],[21.2031092,55.6951984],[21.2167151,55.6951984],[21.2167151,55.6543808],[21.2575327,55.6543808],[21.2575327,55.6407749],[21.2847444,55.6407749],[21.2847444,55.6271691],[21.3119561,55.6271691],[21.3119561,55.5999574],[21.2575327,55.5999574],[21.2575327,55.6135632],[21.230321,55.6135632],[21.230321,55.6271691],[21.1895034,55.6271691],[21.1895034,55.6407749],[21.1758975,55.6407749],[21.1758975,55.6271691],[21.1622917,55.6271691],[21.1622917,55.6407749],[21.13508,55.6407749],[21.13508,55.6271691],[21.1078683,55.6271691],[21.1078683,55.6135632],[21.0942624,55.6135632],[21.0942624,55.5999574],[21.0670507,55.5999574],[21.0670507,55.5863515],[21.0534449,55.5863515],[21.0534449,55.5727457],[21.0262332,55.5727457],[21.0262332,55.5319281],[21.0534449,55.5319281],[21.0534449,55.5183223],[21.0806566,55.5183223],[21.0806566,55.5047164],[21.1078683,55.5047164],[21.1078683,55.4911106],[21.2167151,55.4911106],[21.2167151,55.5047164],[21.2439268,55.5047164],[21.2439268,55.5183223],[21.2711385,55.5183223],[21.2711385,55.5319281],[21.2847444,55.5319281],[21.2847444,55.545534],[21.2983502,55.545534],[21.2983502,55.5319281],[21.3527736,55.5319281],[21.3527736,55.5183223],[21.3663795,55.5183223],[21.3663795,55.5047164],[21.4752263,55.5047164],[21.4752263,55.5183223],[21.5432556,55.5183223],[21.5432556,55.5319281],[21.5568614,55.5319281],[21.5568614,55.5999574],[21.5432556,55.5999574],[21.5432556,55.6135632],[21.5296497,55.6135632],[21.5296497,55.6271691],[21.4888322,55.6271691],[21.4888322,55.6407749],[21.4752263,55.6407749],[21.4752263,55.6679866],[21.4616205,55.6679866],[21.4616205,55.7224101],[21.4344088,55.7224101],[21.4344088,55.7360159],[21.407197,55.7360159],[21.407197,55.7496218],[21.3935912,55.7496218],[21.3935912,55.7632276],[21.2575327,55.7632276]]]}},{"type":"Feature","properties":{"clumps":162},"geometry":{"type":"Polygon","coordinates":[[[13.1076266,55.7496218],[13.1076266,55.7360159],[13.066809,55.7360159],[13.066809,55.7224101],[13.0395973,55.7224101],[13.0395973,55.7088042],[13.0259915,55.7088042],[13.0259915,55.6951984],[12.9987798,55.6951984],[12.9987798,55.6543808],[13.0259915,55.6543808],[13.0259915,55.6407749],[13.0532032,55.6407749],[13.0532032,55.6271691],[13.0804149,55.6271691],[13.0804149,55.6135632],[13.1484441,55.6135632],[13.1484441,55.6271691],[13.2300793,55.6271691],[13.2300793,55.6407749],[13.2436851,55.6407749],[13.2436851,55.6543808],[13.257291,55.6543808],[13.257291,55.6679866],[13.2436851,55.6679866],[13.2436851,55.7224101],[13.2164734,55.7224101],[13.2164734,55.7360159],[13.1484441,55.7360159],[13.1484441,55.7496218],[13.1076266,55.7496218]]]}},{"type":"Feature","properties":{"clumps":163},"geometry":{"type":"Polygon","coordinates":[[[14.3457592,55.7224101],[14.3457592,55.7088042],[14.3185475,55.7088042],[14.3185475,55.6951984],[14.3049417,55.6951984],[14.3049417,55.6407749],[14.3185475,55.6407749],[14.3185475,55.6271691],[14.3321534,55.6271691],[14.3321534,55.6135632],[14.3729709,55.6135632],[14.3729709,55.5999574],[14.5090295,55.5999574],[14.5090295,55.6135632],[14.5362412,55.6135632],[14.5362412,55.6271691],[14.549847,55.6271691],[14.549847,55.6815925],[14.5362412,55.6815925],[14.5362412,55.7088042],[14.4954236,55.7088042],[14.4954236,55.7224101],[14.3457592,55.7224101]]]}},{"type":"Feature","properties":{"clumps":164},"geometry":{"type":"Polygon","coordinates":[[[8.0734609,55.6679866],[8.0734609,55.6543808],[8.059855,55.6543808],[8.059855,55.6407749],[8.0462492,55.6407749],[8.0462492,55.6135632],[8.1006726,55.6135632],[8.1006726,55.5999574],[8.1278843,55.5999574],[8.1278843,55.5863515],[8.155096,55.5863515],[8.155096,55.5727457],[8.2095194,55.5727457],[8.2095194,55.5591398],[8.2367311,55.5591398],[8.2367311,55.545534],[8.2639428,55.545534],[8.2639428,55.5319281],[8.2911545,55.5319281],[8.2911545,55.5183223],[8.3183663,55.5183223],[8.3183663,55.5047164],[8.345578,55.5047164],[8.345578,55.4911106],[8.4000014,55.4911106],[8.4000014,55.4775047],[8.4272131,55.4775047],[8.4272131,55.4638989],[8.4544248,55.4638989],[8.4544248,55.450293],[8.4952423,55.450293],[8.4952423,55.4366871],[8.5360599,55.4366871],[8.5360599,55.4230813],[8.5496658,55.4230813],[8.5496658,55.4366871],[8.5632716,55.4366871],[8.5632716,55.4230813],[8.5904833,55.4230813],[8.5904833,55.4094754],[8.617695,55.4094754],[8.617695,55.3958696],[8.6449067,55.3958696],[8.6449067,55.3822637],[8.6585126,55.3822637],[8.6585126,55.3686579],[8.6993301,55.3686579],[8.6993301,55.355052],[8.7401477,55.355052],[8.7401477,55.3414462],[8.7673594,55.3414462],[8.7673594,55.3278403],[8.8217828,55.3278403],[8.8217828,55.3142345],[8.8489945,55.3142345],[8.8489945,55.3006286],[8.8762062,55.3006286],[8.8762062,55.2870228],[8.9034179,55.2870228],[8.9034179,55.2734169],[8.9442355,55.2734169],[8.9442355,55.2598111],[8.9714472,55.2598111],[8.9714472,55.2462052],[8.9986589,55.2462052],[8.9986589,55.2325993],[9.0394765,55.2325993],[9.0394765,55.2189935],[9.0666882,55.2189935],[9.0666882,55.2053876],[9.1075057,55.2053876],[9.1075057,55.1917818],[9.1483233,55.1917818],[9.1483233,55.1781759],[9.1619292,55.1781759],[9.1619292,55.1645701],[9.1891409,55.1645701],[9.1891409,55.1509642],[9.2163526,55.1509642],[9.2163526,55.1373584],[9.2571701,55.1373584],[9.2571701,55.1237525],[9.2843818,55.1237525],[9.2843818,55.1101467],[9.2979877,55.1101467],[9.2979877,55.0965408],[9.366017,55.0965408],[9.366017,55.082935],[9.3796228,55.082935],[9.3796228,55.0693291],[9.4068345,55.0693291],[9.4068345,55.0557233],[9.4204404,55.0557233],[9.4204404,55.0421174],[9.4612579,55.0421174],[9.4612579,55.0285115],[9.4884696,55.0285115],[9.4884696,55.0149057],[9.5292872,55.0149057],[9.5292872,55.0012998],[9.5564989,55.0012998],[9.5564989,54.987694],[9.6109223,54.987694],[9.6109223,54.9740881],[9.638134,54.9740881],[9.638134,54.9604823],[9.6653457,54.9604823],[9.6653457,54.9468764],[9.6789516,54.9468764],[9.6789516,54.9332706],[9.7197691,54.9332706],[9.7197691,54.9196647],[9.733375,54.9196647],[9.733375,54.9060589],[9.7741925,54.9060589],[9.7741925,54.892453],[9.8014043,54.892453],[9.8014043,54.8788472],[9.8422218,54.8788472],[9.8422218,54.8652413],[9.8558277,54.8652413],[9.8558277,54.8516355],[9.8830394,54.8516355],[9.8830394,54.8380296],[9.9102511,54.8380296],[9.9102511,54.8244238],[9.9510686,54.8244238],[9.9510686,54.8108179],[9.9782803,54.8108179],[9.9782803,54.8516355],[9.9646745,54.8516355],[9.9646745,54.8788472],[9.9510686,54.8788472],[9.9510686,54.892453],[9.9238569,54.892453],[9.9238569,54.9060589],[9.8966452,54.9060589],[9.8966452,54.9196647],[9.8830394,54.9196647],[9.8830394,54.9332706],[9.8422218,54.9332706],[9.8422218,54.9468764],[9.828616,54.9468764],[9.828616,54.9604823],[9.8014043,54.9604823],[9.8014043,54.9740881],[9.7741925,54.9740881],[9.7741925,54.987694],[9.733375,54.987694],[9.733375,55.0012998],[9.7061633,55.0012998],[9.7061633,55.0149057],[9.6789516,55.0149057],[9.6789516,55.0285115],[9.638134,55.0285115],[9.638134,55.0421174],[9.5973165,55.0421174],[9.5973165,55.0557233],[9.5701048,55.0557233],[9.5701048,55.0693291],[9.542893,55.0693291],[9.542893,55.082935],[9.4884696,55.082935],[9.4884696,55.0965408],[9.4612579,55.0965408],[9.4612579,55.1101467],[9.4340462,55.1101467],[9.4340462,55.1237525],[9.3932287,55.1237525],[9.3932287,55.1373584],[9.3524111,55.1373584],[9.3524111,55.1509642],[9.3251994,55.1509642],[9.3251994,55.1645701],[9.2979877,55.1645701],[9.2979877,55.1781759],[9.2571701,55.1781759],[9.2571701,55.1917818],[9.2163526,55.1917818],[9.2163526,55.2053876],[9.1891409,55.2053876],[9.1891409,55.2189935],[9.1619292,55.2189935],[9.1619292,55.2325993],[9.1211116,55.2325993],[9.1211116,55.2462052],[9.0938999,55.2462052],[9.0938999,55.2598111],[9.0666882,55.2598111],[9.0666882,55.2734169],[9.0122648,55.2734169],[9.0122648,55.2870228],[8.9850531,55.2870228],[8.9850531,55.3006286],[8.9714472,55.3006286],[8.9714472,55.3142345],[8.9442355,55.3142345],[8.9442355,55.3278403],[8.9034179,55.3278403],[8.9034179,55.3414462],[8.8762062,55.3414462],[8.8762062,55.355052],[8.8489945,55.355052],[8.8489945,55.3686579],[8.808177,55.3686579],[8.808177,55.3822637],[8.7809653,55.3822637],[8.7809653,55.3958696],[8.7537536,55.3958696],[8.7537536,55.4094754],[8.712936,55.4094754],[8.712936,55.4230813],[8.6993301,55.4230813],[8.6993301,55.4366871],[8.6721184,55.4366871],[8.6721184,55.450293],[8.6449067,55.450293],[8.6449067,55.4638989],[8.6040892,55.4638989],[8.6040892,55.4775047],[8.5768775,55.4775047],[8.5768775,55.4911106],[8.5360599,55.4911106],[8.5360599,55.5047164],[8.5224541,55.5047164],[8.5224541,55.4911106],[8.5088482,55.4911106],[8.5088482,55.5047164],[8.4952423,55.5047164],[8.4952423,55.5183223],[8.4680306,55.5183223],[8.4680306,55.5319281],[8.4408189,55.5319281],[8.4408189,55.545534],[8.4000014,55.545534],[8.4000014,55.5591398],[8.3727897,55.5591398],[8.3727897,55.5727457],[8.3319721,55.5727457],[8.3319721,55.5863515],[8.3047604,55.5863515],[8.3047604,55.5999574],[8.250337,55.5999574],[8.250337,55.6135632],[8.2095194,55.6135632],[8.2095194,55.6271691],[8.1823077,55.6271691],[8.1823077,55.6407749],[8.1687019,55.6407749],[8.1687019,55.6543808],[8.1278843,55.6543808],[8.1278843,55.6679866],[8.0734609,55.6679866]]]}},{"type":"Feature","properties":{"clumps":165},"geometry":{"type":"Polygon","coordinates":[[[12.9579622,55.5319281],[12.9579622,55.5183223],[12.9307505,55.5183223],[12.9307505,55.5047164],[12.9171446,55.5047164],[12.9171446,55.4911106],[12.9035388,55.4911106],[12.9035388,55.4366871],[12.9307505,55.4366871],[12.9307505,55.4230813],[12.9579622,55.4230813],[12.9579622,55.4094754],[12.9715681,55.4094754],[12.9715681,55.3958696],[13.0123856,55.3958696],[13.0123856,55.4094754],[13.0804149,55.4094754],[13.0804149,55.3958696],[13.0940207,55.3958696],[13.0940207,55.3822637],[13.1076266,55.3822637],[13.1076266,55.3686579],[13.1348383,55.3686579],[13.1348383,55.355052],[13.2708968,55.355052],[13.2708968,55.3686579],[13.3117144,55.3686579],[13.3117144,55.3822637],[13.3525319,55.3822637],[13.3525319,55.3686579],[13.3933495,55.3686579],[13.3933495,55.355052],[13.4341671,55.355052],[13.4341671,55.3414462],[13.4885905,55.3414462],[13.4885905,55.355052],[13.5566197,55.355052],[13.5566197,55.3686579],[13.5702256,55.3686579],[13.5702256,55.3958696],[13.5838314,55.3958696],[13.5838314,55.4366871],[13.5702256,55.4366871],[13.5702256,55.450293],[13.529408,55.450293],[13.529408,55.4638989],[13.4069554,55.4638989],[13.4069554,55.450293],[13.3797436,55.450293],[13.3797436,55.4366871],[13.3389261,55.4366871],[13.3389261,55.4230813],[13.3253202,55.4230813],[13.3253202,55.450293],[13.2845027,55.450293],[13.2845027,55.4638989],[13.2708968,55.4638989],[13.2708968,55.4775047],[13.1348383,55.4775047],[13.1348383,55.4911106],[13.1212324,55.4911106],[13.1212324,55.5047164],[13.1076266,55.5047164],[13.1076266,55.5183223],[13.0804149,55.5183223],[13.0804149,55.5319281],[12.9579622,55.5319281]]]}},{"type":"Feature","properties":{"clumps":166},"geometry":{"type":"Polygon","coordinates":[[[13.8287368,55.5183223],[13.8287368,55.5047164],[13.7607075,55.5047164],[13.7607075,55.4911106],[13.7471017,55.4911106],[13.7471017,55.4775047],[13.7334958,55.4775047],[13.7334958,55.450293],[13.7471017,55.450293],[13.7471017,55.4366871],[13.7607075,55.4366871],[13.7607075,55.4094754],[13.7743134,55.4094754],[13.7743134,55.3958696],[13.815131,55.3958696],[13.815131,55.3822637],[13.8559485,55.3822637],[13.8559485,55.3958696],[13.9511895,55.3958696],[13.9511895,55.4094754],[13.9647953,55.4094754],[13.9647953,55.4230813],[13.9784012,55.4230813],[13.9784012,55.4366871],[13.992007,55.4366871],[13.992007,55.450293],[13.9784012,55.450293],[13.9784012,55.4775047],[13.9647953,55.4775047],[13.9647953,55.4911106],[13.9511895,55.4911106],[13.9511895,55.5047164],[13.9239778,55.5047164],[13.9239778,55.5183223],[13.8287368,55.5183223]]]}},{"type":"Feature","properties":{"clumps":167},"geometry":{"type":"Polygon","coordinates":[[[14.1144597,55.4775047],[14.1144597,55.4638989],[14.0736422,55.4638989],[14.0736422,55.450293],[14.0600363,55.450293],[14.0600363,55.4366871],[14.0464305,55.4366871],[14.0464305,55.4230813],[14.0328246,55.4230813],[14.0328246,55.3686579],[14.0464305,55.3686579],[14.0464305,55.355052],[14.087248,55.355052],[14.087248,55.3414462],[14.2233065,55.3414462],[14.2233065,55.355052],[14.2369124,55.355052],[14.2369124,55.3686579],[14.2505183,55.3686579],[14.2505183,55.3822637],[14.2641241,55.3822637],[14.2641241,55.450293],[14.2233065,55.450293],[14.2233065,55.4638989],[14.182489,55.4638989],[14.182489,55.4775047],[14.1144597,55.4775047]]]}},{"type":"Feature","properties":{"clumps":168},"geometry":{"type":"Polygon","coordinates":[[[20.9990214,55.450293],[20.9990214,55.4366871],[20.9718097,55.4366871],[20.9718097,55.4230813],[20.9309922,55.4230813],[20.9309922,55.4094754],[20.9173863,55.4094754],[20.9173863,55.3686579],[20.9309922,55.3686579],[20.9309922,55.355052],[20.944598,55.355052],[20.944598,55.3414462],[20.9582039,55.3414462],[20.9582039,55.3278403],[20.9990214,55.3278403],[20.9990214,55.3142345],[21.1214741,55.3142345],[21.1214741,55.3278403],[21.13508,55.3278403],[21.13508,55.3414462],[21.1622917,55.3414462],[21.1622917,55.3686579],[21.1758975,55.3686579],[21.1758975,55.3958696],[21.1622917,55.3958696],[21.1622917,55.4094754],[21.1486858,55.4094754],[21.1486858,55.4230813],[21.13508,55.4230813],[21.13508,55.4366871],[21.1078683,55.4366871],[21.1078683,55.450293],[20.9990214,55.450293]]]}},{"type":"Feature","properties":{"clumps":169},"geometry":{"type":"Polygon","coordinates":[[[21.3663795,55.4230813],[21.3663795,55.4094754],[21.3527736,55.4094754],[21.3527736,55.3958696],[21.3119561,55.3958696],[21.3119561,55.3822637],[21.2983502,55.3822637],[21.2983502,55.355052],[21.2847444,55.355052],[21.2847444,55.3278403],[21.2983502,55.3278403],[21.2983502,55.3142345],[21.3119561,55.3142345],[21.3119561,55.3006286],[21.3391678,55.3006286],[21.3391678,55.2870228],[21.4208029,55.2870228],[21.4208029,55.2734169],[21.4344088,55.2734169],[21.4344088,55.2870228],[21.502438,55.2870228],[21.502438,55.3006286],[21.5160439,55.3006286],[21.5160439,55.3142345],[21.5296497,55.3142345],[21.5296497,55.3278403],[21.5432556,55.3278403],[21.5432556,55.355052],[21.5296497,55.355052],[21.5296497,55.3822637],[21.5160439,55.3822637],[21.5160439,55.3958696],[21.4752263,55.3958696],[21.4752263,55.4094754],[21.4208029,55.4094754],[21.4208029,55.4230813],[21.3663795,55.4230813]]]}},{"type":"Feature","properties":{"clumps":170},"geometry":{"type":"Polygon","coordinates":[[[8.4680306,55.3414462],[8.4680306,55.3278403],[8.4544248,55.3278403],[8.4544248,55.3006286],[8.4680306,55.3006286],[8.4680306,55.2870228],[8.4952423,55.2870228],[8.4952423,55.2734169],[8.5360599,55.2734169],[8.5360599,55.2598111],[8.617695,55.2598111],[8.617695,55.2462052],[8.6585126,55.2462052],[8.6585126,55.2325993],[8.7265419,55.2325993],[8.7265419,55.2189935],[8.7401477,55.2189935],[8.7401477,55.2053876],[8.7537536,55.2053876],[8.7537536,55.1917818],[8.7945711,55.1917818],[8.7945711,55.1781759],[8.8217828,55.1781759],[8.8217828,55.1645701],[8.8353887,55.1645701],[8.8353887,55.1509642],[8.8762062,55.1509642],[8.8762062,55.1373584],[8.9034179,55.1373584],[8.9034179,55.1237525],[8.9306296,55.1237525],[8.9306296,55.1101467],[8.9578414,55.1101467],[8.9578414,55.0965408],[9.0122648,55.0965408],[9.0122648,55.082935],[9.0394765,55.082935],[9.0394765,55.0693291],[9.0530823,55.0693291],[9.0530823,55.0557233],[9.0938999,55.0557233],[9.0938999,55.0421174],[9.1211116,55.0421174],[9.1211116,55.0285115],[9.1483233,55.0285115],[9.1483233,55.0149057],[9.1619292,55.0149057],[9.1619292,55.0012998],[9.2027467,55.0012998],[9.2027467,54.987694],[9.2435643,54.987694],[9.2435643,54.9740881],[9.270776,54.9740881],[9.270776,54.9604823],[9.2979877,54.9604823],[9.2979877,54.9468764],[9.3524111,54.9468764],[9.3524111,54.9332706],[9.3796228,54.9332706],[9.3796228,54.9196647],[9.4068345,54.9196647],[9.4068345,54.9060589],[9.4476521,54.9060589],[9.4476521,54.892453],[9.4612579,54.892453],[9.4612579,54.8788472],[9.4884696,54.8788472],[9.4884696,54.8652413],[9.5020755,54.8652413],[9.5020755,54.8516355],[9.5564989,54.8516355],[9.5564989,54.8380296],[9.5701048,54.8380296],[9.5701048,54.8244238],[9.5837106,54.8244238],[9.5837106,54.8380296],[9.5973165,54.8380296],[9.5973165,54.8244238],[9.6109223,54.8244238],[9.6109223,54.8108179],[9.6245282,54.8108179],[9.6245282,54.797212],[9.6925574,54.797212],[9.6925574,54.7836062],[9.7197691,54.7836062],[9.7197691,54.7700003],[9.733375,54.7700003],[9.733375,54.7563945],[9.7605867,54.7563945],[9.7605867,54.7427886],[9.8014043,54.7427886],[9.8014043,54.7291828],[9.8422218,54.7291828],[9.8422218,54.7155769],[9.8558277,54.7155769],[9.8558277,54.7019711],[9.8830394,54.7019711],[9.8830394,54.6883652],[9.9102511,54.6883652],[9.9102511,54.6747594],[9.9374628,54.6747594],[9.9374628,54.6611535],[9.9646745,54.6611535],[9.9646745,54.6475477],[9.9782803,54.6475477],[9.9782803,54.6611535],[10.0327038,54.6611535],[10.0327038,54.6747594],[10.0190979,54.6747594],[10.0190979,54.7019711],[10.0054921,54.7019711],[10.0054921,54.7155769],[9.9918862,54.7155769],[9.9918862,54.7291828],[9.9646745,54.7291828],[9.9646745,54.7427886],[9.9238569,54.7427886],[9.9238569,54.7563945],[9.8966452,54.7563945],[9.8966452,54.7700003],[9.8694335,54.7700003],[9.8694335,54.7836062],[9.8150101,54.7836062],[9.8150101,54.797212],[9.7877984,54.797212],[9.7877984,54.8108179],[9.7605867,54.8108179],[9.7605867,54.8244238],[9.7469808,54.8244238],[9.7469808,54.8380296],[9.7061633,54.8380296],[9.7061633,54.8516355],[9.6789516,54.8516355],[9.6789516,54.8652413],[9.6653457,54.8652413],[9.6653457,54.8788472],[9.638134,54.8788472],[9.638134,54.892453],[9.5837106,54.892453],[9.5837106,54.9060589],[9.5564989,54.9060589],[9.5564989,54.9196647],[9.542893,54.9196647],[9.542893,54.9060589],[9.5292872,54.9060589],[9.5292872,54.9332706],[9.5156813,54.9332706],[9.5156813,54.9196647],[9.5020755,54.9196647],[9.5020755,54.9332706],[9.4748638,54.9332706],[9.4748638,54.9468764],[9.4340462,54.9468764],[9.4340462,54.9604823],[9.4068345,54.9604823],[9.4068345,54.9740881],[9.3796228,54.9740881],[9.3796228,54.987694],[9.366017,54.987694],[9.366017,55.0012998],[9.3251994,55.0012998],[9.3251994,55.0149057],[9.2979877,55.0149057],[9.2979877,55.0285115],[9.270776,55.0285115],[9.270776,55.0421174],[9.2163526,55.0421174],[9.2163526,55.0557233],[9.175535,55.0557233],[9.175535,55.0693291],[9.1619292,55.0693291],[9.1619292,55.082935],[9.1347174,55.082935],[9.1347174,55.0965408],[9.0938999,55.0965408],[9.0938999,55.1101467],[9.0530823,55.1101467],[9.0530823,55.1237525],[9.0394765,55.1237525],[9.0394765,55.1373584],[8.9714472,55.1373584],[8.9714472,55.1509642],[8.9578414,55.1509642],[8.9578414,55.1645701],[8.9306296,55.1645701],[8.9306296,55.1781759],[8.9034179,55.1781759],[8.9034179,55.1917818],[8.8626004,55.1917818],[8.8626004,55.2053876],[8.8353887,55.2053876],[8.8353887,55.2189935],[8.8217828,55.2189935],[8.8217828,55.2325993],[8.7809653,55.2325993],[8.7809653,55.2462052],[8.7401477,55.2462052],[8.7401477,55.2598111],[8.7265419,55.2598111],[8.7265419,55.2734169],[8.6857243,55.2734169],[8.6857243,55.2870228],[8.6585126,55.2870228],[8.6585126,55.3006286],[8.617695,55.3006286],[8.617695,55.3142345],[8.5904833,55.3142345],[8.5904833,55.3278403],[8.5496658,55.3278403],[8.5496658,55.3414462],[8.5360599,55.3414462],[8.5360599,55.3278403],[8.5224541,55.3278403],[8.5224541,55.3414462],[8.4680306,55.3414462]]]}},{"type":"Feature","properties":{"clumps":171},"geometry":{"type":"Polygon","coordinates":[[[14.8763875,55.3142345],[14.8763875,55.3006286],[14.8355699,55.3006286],[14.8355699,55.2870228],[14.8083582,55.2870228],[14.8083582,55.2734169],[14.7947524,55.2734169],[14.7947524,55.2598111],[14.8083582,55.2598111],[14.8083582,55.2053876],[14.8219641,55.2053876],[14.8219641,55.1917818],[14.8355699,55.1917818],[14.8355699,55.0965408],[14.8491758,55.0965408],[14.8491758,55.082935],[14.8627816,55.082935],[14.8627816,55.0693291],[14.8899934,55.0693291],[14.8899934,55.0557233],[14.9444168,55.0557233],[14.9444168,55.0693291],[14.9580226,55.0693291],[14.9580226,55.0557233],[15.012446,55.0557233],[15.012446,55.0421174],[15.0532636,55.0421174],[15.0532636,55.0285115],[15.1485046,55.0285115],[15.1485046,55.0421174],[15.1757163,55.0421174],[15.1757163,55.0557233],[15.202928,55.0557233],[15.202928,55.0693291],[15.2165338,55.0693291],[15.2165338,55.082935],[15.2301397,55.082935],[15.2301397,55.1101467],[15.2165338,55.1101467],[15.2165338,55.1373584],[15.1757163,55.1373584],[15.1757163,55.1509642],[15.1621104,55.1509642],[15.1621104,55.1781759],[15.1893221,55.1781759],[15.1893221,55.1917818],[15.202928,55.1917818],[15.202928,55.2325993],[15.1757163,55.2325993],[15.1757163,55.2462052],[15.1621104,55.2462052],[15.1621104,55.2598111],[15.1485046,55.2598111],[15.1485046,55.2734169],[15.107687,55.2734169],[15.107687,55.2870228],[14.9852343,55.2870228],[14.9852343,55.3006286],[14.9172051,55.3006286],[14.9172051,55.3142345],[14.8763875,55.3142345]]]}},{"type":"Feature","properties":{"clumps":172},"geometry":{"type":"Polygon","coordinates":[[[20.8629629,55.3006286],[20.8629629,55.2870228],[20.8221454,55.2870228],[20.8221454,55.2734169],[20.7949336,55.2734169],[20.7949336,55.2598111],[20.7813278,55.2598111],[20.7813278,55.2325993],[20.7677219,55.2325993],[20.7677219,55.2189935],[20.7813278,55.2189935],[20.7813278,55.2053876],[20.7677219,55.2053876],[20.7677219,55.1917818],[20.7405102,55.1917818],[20.7405102,55.1781759],[20.6996927,55.1781759],[20.6996927,55.1645701],[20.6860868,55.1645701],[20.6860868,55.1509642],[20.672481,55.1509642],[20.672481,55.1237525],[20.6588751,55.1237525],[20.6588751,55.0965408],[20.672481,55.0965408],[20.672481,55.082935],[20.6996927,55.082935],[20.6996927,55.0693291],[20.7269044,55.0693291],[20.7269044,55.0557233],[20.8085395,55.0557233],[20.8085395,55.0693291],[20.8493571,55.0693291],[20.8493571,55.082935],[20.8629629,55.082935],[20.8629629,55.0965408],[20.8765688,55.0965408],[20.8765688,55.1101467],[20.8901746,55.1101467],[20.8901746,55.1373584],[20.9037805,55.1373584],[20.9037805,55.1645701],[20.9309922,55.1645701],[20.9309922,55.1781759],[20.9854156,55.1781759],[20.9854156,55.1917818],[20.9990214,55.1917818],[20.9990214,55.2053876],[21.0126273,55.2053876],[21.0126273,55.2189935],[21.0262332,55.2189935],[21.0262332,55.2325993],[21.0126273,55.2325993],[21.0126273,55.2598111],[20.9990214,55.2598111],[20.9990214,55.2734169],[20.9718097,55.2734169],[20.9718097,55.2870228],[20.944598,55.2870228],[20.944598,55.3006286],[20.8629629,55.3006286]]]}},{"type":"Feature","properties":{"clumps":173},"geometry":{"type":"Polygon","coordinates":[[[22.0466721,55.1781759],[22.0466721,55.1645701],[22.0058546,55.1645701],[22.0058546,55.1509642],[21.9786429,55.1509642],[21.9786429,55.0965408],[21.9922487,55.0965408],[21.9922487,55.082935],[22.0194604,55.082935],[22.0194604,55.0693291],[22.0330663,55.0693291],[22.0330663,55.0557233],[22.2235482,55.0557233],[22.2235482,55.0693291],[22.2507599,55.0693291],[22.2507599,55.1101467],[22.2643658,55.1101467],[22.2643658,55.1237525],[22.2507599,55.1237525],[22.2507599,55.1373584],[22.2235482,55.1373584],[22.2235482,55.1509642],[22.2099424,55.1509642],[22.2099424,55.1645701],[22.1691248,55.1645701],[22.1691248,55.1781759],[22.0466721,55.1781759]]]}},{"type":"Feature","properties":{"clumps":174},"geometry":{"type":"Polygon","coordinates":[[[21.3391678,55.1645701],[21.3391678,55.1509642],[21.3119561,55.1509642],[21.3119561,55.1373584],[21.2983502,55.1373584],[21.2983502,55.1237525],[21.2847444,55.1237525],[21.2847444,55.0965408],[21.2711385,55.0965408],[21.2711385,55.082935],[21.2847444,55.082935],[21.2847444,55.0693291],[21.3119561,55.0693291],[21.3119561,55.0557233],[21.3255619,55.0557233],[21.3255619,55.0421174],[21.4888322,55.0421174],[21.4888322,55.0557233],[21.5160439,55.0557233],[21.5160439,55.0693291],[21.5296497,55.0693291],[21.5296497,55.1237525],[21.5160439,55.1237525],[21.5160439,55.1373584],[21.502438,55.1373584],[21.502438,55.1509642],[21.4888322,55.1509642],[21.4888322,55.1645701],[21.3391678,55.1645701]]]}},{"type":"Feature","properties":{"clumps":175},"geometry":{"type":"Polygon","coordinates":[[[12.4409398,55.0965408],[12.4409398,55.082935],[12.3865164,55.082935],[12.3865164,55.0693291],[12.3593047,55.0693291],[12.3593047,55.0557233],[12.3456988,55.0557233],[12.3456988,55.0421174],[12.2640637,55.0421174],[12.2640637,55.0285115],[12.236852,55.0285115],[12.236852,55.0149057],[12.1960344,55.0149057],[12.1960344,54.987694],[12.1824286,54.987694],[12.1824286,54.9604823],[12.1688227,54.9604823],[12.1688227,54.9468764],[12.141611,54.9468764],[12.141611,54.9196647],[12.1143993,54.9196647],[12.1143993,54.9060589],[12.1007934,54.9060589],[12.1007934,54.8788472],[12.1143993,54.8788472],[12.1143993,54.8516355],[12.1007934,54.8516355],[12.1007934,54.8380296],[12.0871876,54.8380296],[12.0871876,54.8244238],[12.0599759,54.8244238],[12.0599759,54.797212],[12.0327642,54.797212],[12.0327642,54.7563945],[12.04637,54.7563945],[12.04637,54.7291828],[12.0599759,54.7291828],[12.0599759,54.7155769],[12.1143993,54.7155769],[12.1143993,54.7019711],[12.141611,54.7019711],[12.141611,54.7155769],[12.2096403,54.7155769],[12.2096403,54.7291828],[12.236852,54.7291828],[12.236852,54.7427886],[12.2504578,54.7427886],[12.2504578,54.7563945],[12.2640637,54.7563945],[12.2640637,54.7836062],[12.2504578,54.7836062],[12.2504578,54.8244238],[12.2912754,54.8244238],[12.2912754,54.8380296],[12.3184871,54.8380296],[12.3184871,54.8652413],[12.332093,54.8652413],[12.332093,54.9060589],[12.3729105,54.9060589],[12.3729105,54.9196647],[12.3865164,54.9196647],[12.3865164,54.9332706],[12.4273339,54.9332706],[12.4273339,54.9604823],[12.4545456,54.9604823],[12.4545456,54.9740881],[12.5361808,54.9740881],[12.5361808,54.987694],[12.5633925,54.987694],[12.5633925,55.0012998],[12.5769983,55.0012998],[12.5769983,55.0421174],[12.5633925,55.0421174],[12.5633925,55.0693291],[12.5497866,55.0693291],[12.5497866,55.082935],[12.5225749,55.082935],[12.5225749,55.0965408],[12.4409398,55.0965408]]]}},{"type":"Feature","properties":{"clumps":176},"geometry":{"type":"Polygon","coordinates":[[[20.5908459,55.0557233],[20.5908459,55.0421174],[20.5500283,55.0421174],[20.5500283,55.0285115],[20.5228166,55.0285115],[20.5228166,55.0012998],[20.5092107,55.0012998],[20.5092107,54.9740881],[20.5228166,54.9740881],[20.5228166,54.9604823],[20.5364224,54.9604823],[20.5364224,54.9468764],[20.7541161,54.9468764],[20.7541161,55.0149057],[20.7405102,55.0149057],[20.7405102,55.0285115],[20.7269044,55.0285115],[20.7269044,55.0421174],[20.672481,55.0421174],[20.672481,55.0557233],[20.5908459,55.0557233]]]}},{"type":"Feature","properties":{"clumps":177},"geometry":{"type":"MultiPolygon","coordinates":[[[[9.080294,54.6611535],[9.080294,54.6339418],[9.1211116,54.6339418],[9.1211116,54.6475477],[9.0938999,54.6475477],[9.0938999,54.6611535],[9.080294,54.6611535]]],[[[8.8489945,55.0421174],[8.8489945,55.0149057],[8.8626004,55.0149057],[8.8626004,54.987694],[8.8762062,54.987694],[8.8762062,54.9740881],[8.8898121,54.9740881],[8.8898121,54.9604823],[8.9442355,54.9604823],[8.9442355,54.9468764],[8.9714472,54.9468764],[8.9714472,54.9332706],[8.9986589,54.9332706],[8.9986589,54.9196647],[9.0258706,54.9196647],[9.0258706,54.9060589],[9.0394765,54.9060589],[9.0394765,54.9196647],[9.0530823,54.9196647],[9.0530823,54.9060589],[9.0666882,54.9060589],[9.0666882,54.892453],[9.1075057,54.892453],[9.1075057,54.8788472],[9.1211116,54.8788472],[9.1211116,54.8652413],[9.1483233,54.8652413],[9.1483233,54.8516355],[9.175535,54.8516355],[9.175535,54.8380296],[9.2163526,54.8380296],[9.2163526,54.8244238],[9.2435643,54.8244238],[9.2435643,54.8108179],[9.270776,54.8108179],[9.270776,54.797212],[9.2843818,54.797212],[9.2843818,54.7836062],[9.3251994,54.7836062],[9.3251994,54.7700003],[9.3388052,54.7700003],[9.3388052,54.7836062],[9.3524111,54.7836062],[9.3524111,54.7700003],[9.3796228,54.7700003],[9.3796228,54.7563945],[9.4068345,54.7563945],[9.4068345,54.7427886],[9.4340462,54.7427886],[9.4340462,54.7291828],[9.4612579,54.7291828],[9.4612579,54.7155769],[9.4884696,54.7155769],[9.4884696,54.7019711],[9.5292872,54.7019711],[9.5292872,54.6883652],[9.5564989,54.6883652],[9.5564989,54.6747594],[9.5837106,54.6747594],[9.5837106,54.6611535],[9.6109223,54.6611535],[9.6109223,54.6475477],[9.6653457,54.6475477],[9.6653457,54.6339418],[9.6925574,54.6339418],[9.6925574,54.620336],[9.7197691,54.620336],[9.7197691,54.6067301],[9.733375,54.6067301],[9.733375,54.5931242],[9.7741925,54.5931242],[9.7741925,54.5795184],[9.8150101,54.5795184],[9.8150101,54.5659125],[9.8422218,54.5659125],[9.8422218,54.5523067],[9.8558277,54.5523067],[9.8558277,54.5387008],[9.8966452,54.5387008],[9.8966452,54.525095],[9.9238569,54.525095],[9.9238569,54.5114891],[9.9510686,54.5114891],[9.9510686,54.4978833],[9.9782803,54.4978833],[9.9782803,54.4842774],[10.0054921,54.4842774],[10.0054921,54.4706716],[10.0327038,54.4706716],[10.0327038,54.4570657],[10.0190979,54.4570657],[10.0190979,54.4434599],[9.9102511,54.4434599],[9.9102511,54.4570657],[9.8830394,54.4570657],[9.8830394,54.4706716],[9.8558277,54.4706716],[9.8558277,54.4842774],[9.828616,54.4842774],[9.828616,54.4978833],[9.8150101,54.4978833],[9.8150101,54.4842774],[9.8014043,54.4842774],[9.8014043,54.4978833],[9.7741925,54.4978833],[9.7741925,54.5114891],[9.733375,54.5114891],[9.733375,54.525095],[9.7061633,54.525095],[9.7061633,54.5387008],[9.6789516,54.5387008],[9.6789516,54.5523067],[9.638134,54.5523067],[9.638134,54.5659125],[9.6109223,54.5659125],[9.6109223,54.5795184],[9.5837106,54.5795184],[9.5837106,54.5931242],[9.5564989,54.5931242],[9.5564989,54.6067301],[9.5156813,54.6067301],[9.5156813,54.620336],[9.4884696,54.620336],[9.4884696,54.6339418],[9.4612579,54.6339418],[9.4612579,54.6475477],[9.4340462,54.6475477],[9.4340462,54.6611535],[9.3796228,54.6611535],[9.3796228,54.6747594],[9.366017,54.6747594],[9.366017,54.6883652],[9.3388052,54.6883652],[9.3388052,54.7019711],[9.3115935,54.7019711],[9.3115935,54.7155769],[9.270776,54.7155769],[9.270776,54.7291828],[9.2299584,54.7291828],[9.2299584,54.7427886],[9.2163526,54.7427886],[9.2163526,54.7563945],[9.175535,54.7563945],[9.175535,54.7700003],[9.1347174,54.7700003],[9.1347174,54.7836062],[9.1075057,54.7836062],[9.1075057,54.797212],[9.080294,54.797212],[9.080294,54.8108179],[9.0530823,54.8108179],[9.0530823,54.8244238],[9.0258706,54.8244238],[9.0258706,54.8380296],[8.9986589,54.8380296],[8.9986589,54.8516355],[8.9714472,54.8516355],[8.9714472,54.8652413],[8.9578414,54.8652413],[8.9578414,54.8516355],[8.9442355,54.8516355],[8.9442355,54.8380296],[8.9306296,54.8380296],[8.9306296,54.8244238],[8.9578414,54.8244238],[8.9578414,54.797212],[8.9986589,54.797212],[8.9986589,54.7836062],[9.0258706,54.7836062],[9.0258706,54.7700003],[9.0530823,54.7700003],[9.0530823,54.7563945],[9.0938999,54.7563945],[9.0938999,54.7427886],[9.1075057,54.7427886],[9.1075057,54.7291828],[9.1483233,54.7291828],[9.1483233,54.7155769],[9.175535,54.7155769],[9.175535,54.7019711],[9.2027467,54.7019711],[9.2027467,54.6883652],[9.2163526,54.6883652],[9.2163526,54.6747594],[9.270776,54.6747594],[9.270776,54.6611535],[9.3115935,54.6611535],[9.3115935,54.6475477],[9.3388052,54.6475477],[9.3388052,54.6339418],[9.366017,54.6339418],[9.366017,54.620336],[9.4068345,54.620336],[9.4068345,54.6067301],[9.4340462,54.6067301],[9.4340462,54.5931242],[9.4612579,54.5931242],[9.4612579,54.5795184],[9.4884696,54.5795184],[9.4884696,54.5659125],[9.5292872,54.5659125],[9.5292872,54.5523067],[9.542893,54.5523067],[9.542893,54.5387008],[9.5564989,54.5387008],[9.5564989,54.525095],[9.5701048,54.525095],[9.5701048,54.5387008],[9.5837106,54.5387008],[9.5837106,54.525095],[9.6109223,54.525095],[9.6109223,54.5114891],[9.6517399,54.5114891],[9.6517399,54.4978833],[9.6789516,54.4978833],[9.6789516,54.4842774],[9.7061633,54.4842774],[9.7061633,54.4706716],[9.733375,54.4706716],[9.733375,54.4570657],[9.7605867,54.4570657],[9.7605867,54.4434599],[9.7877984,54.4434599],[9.7877984,54.4162482],[9.7469808,54.4162482],[9.7469808,54.4026423],[9.733375,54.4026423],[9.733375,54.4162482],[9.6925574,54.4162482],[9.6925574,54.4026423],[9.6517399,54.4026423],[9.6517399,54.4162482],[9.6109223,54.4162482],[9.6109223,54.429854],[9.5837106,54.429854],[9.5837106,54.4434599],[9.5564989,54.4434599],[9.5564989,54.4570657],[9.5292872,54.4570657],[9.5292872,54.4706716],[9.4884696,54.4706716],[9.4884696,54.4842774],[9.4612579,54.4842774],[9.4612579,54.4978833],[9.4340462,54.4978833],[9.4340462,54.5114891],[9.4068345,54.5114891],[9.4068345,54.525095],[9.366017,54.525095],[9.366017,54.5387008],[9.3388052,54.5387008],[9.3388052,54.5523067],[9.3115935,54.5523067],[9.3115935,54.5659125],[9.2979877,54.5659125],[9.2979877,54.5795184],[9.2571701,54.5795184],[9.2571701,54.5931242],[9.2163526,54.5931242],[9.2163526,54.6067301],[9.2027467,54.6067301],[9.2027467,54.620336],[9.1619292,54.620336],[9.1619292,54.6339418],[9.1211116,54.6339418],[9.1211116,54.5931242],[9.1619292,54.5931242],[9.1619292,54.5795184],[9.175535,54.5795184],[9.175535,54.5659125],[9.1891409,54.5659125],[9.1891409,54.5523067],[9.2163526,54.5523067],[9.2163526,54.5387008],[9.2571701,54.5387008],[9.2571701,54.525095],[9.2843818,54.525095],[9.2843818,54.5114891],[9.3115935,54.5114891],[9.3115935,54.4978833],[9.3251994,54.4978833],[9.3251994,54.4842774],[9.3796228,54.4842774],[9.3796228,54.4706716],[9.3932287,54.4706716],[9.3932287,54.4570657],[9.4340462,54.4570657],[9.4340462,54.4434599],[9.4476521,54.4434599],[9.4476521,54.429854],[9.4748638,54.429854],[9.4748638,54.4162482],[9.4884696,54.4162482],[9.4884696,54.4026423],[9.4748638,54.4026423],[9.4748638,54.3890364],[9.3932287,54.3890364],[9.3932287,54.3754306],[9.3524111,54.3754306],[9.3524111,54.3890364],[9.3251994,54.3890364],[9.3251994,54.4026423],[9.3115935,54.4026423],[9.3115935,54.4162482],[9.2843818,54.4162482],[9.2843818,54.429854],[9.2571701,54.429854],[9.2571701,54.4434599],[9.2299584,54.4434599],[9.2299584,54.429854],[9.2163526,54.429854],[9.2163526,54.4026423],[9.2299584,54.4026423],[9.2299584,54.3754306],[9.2163526,54.3754306],[9.2163526,54.3618247],[9.0666882,54.3618247],[9.0666882,54.3754306],[8.9986589,54.3754306],[8.9986589,54.3618247],[8.9578414,54.3618247],[8.9578414,54.3482189],[8.9442355,54.3482189],[8.9442355,54.334613],[8.9034179,54.334613],[8.9034179,54.3210072],[8.8898121,54.3210072],[8.8898121,54.334613],[8.8353887,54.334613],[8.8353887,54.3210072],[8.808177,54.3210072],[8.808177,54.3482189],[8.8626004,54.3482189],[8.8626004,54.3754306],[8.8762062,54.3754306],[8.8762062,54.3890364],[8.8626004,54.3890364],[8.8626004,54.4026423],[8.8489945,54.4026423],[8.8489945,54.429854],[8.8353887,54.429854],[8.8353887,54.4434599],[8.8217828,54.4434599],[8.8217828,54.4706716],[8.7673594,54.4706716],[8.7673594,54.4842774],[8.7537536,54.4842774],[8.7537536,54.4706716],[8.6313009,54.4706716],[8.6313009,54.4570657],[8.617695,54.4570657],[8.617695,54.4162482],[8.5904833,54.4162482],[8.5904833,54.4026423],[8.6040892,54.4026423],[8.6040892,54.3754306],[8.5904833,54.3754306],[8.5904833,54.3618247],[8.6040892,54.3618247],[8.6040892,54.334613],[8.5904833,54.334613],[8.5904833,54.3210072],[8.6040892,54.3210072],[8.6040892,54.3074013],[8.5632716,54.3074013],[8.5632716,54.2937955],[8.5496658,54.2937955],[8.5496658,54.3074013],[8.4952423,54.3074013],[8.4952423,54.2937955],[8.4408189,54.2937955],[8.4408189,54.2801896],[8.3047604,54.2801896],[8.3047604,54.2529779],[8.3183663,54.2529779],[8.3183663,54.2257662],[8.3319721,54.2257662],[8.3319721,54.1985545],[8.345578,54.1985545],[8.345578,54.1849486],[8.4000014,54.1849486],[8.4000014,54.1985545],[8.5088482,54.1985545],[8.5088482,54.2121604],[8.617695,54.2121604],[8.617695,54.2257662],[8.7265419,54.2257662],[8.7265419,54.2393721],[8.8353887,54.2393721],[8.8353887,54.2529779],[8.9442355,54.2529779],[8.9442355,54.2665838],[9.0666882,54.2665838],[9.0666882,54.2801896],[9.2027467,54.2801896],[9.2027467,54.2937955],[9.3524111,54.2937955],[9.3524111,54.3074013],[9.4884696,54.3074013],[9.4884696,54.3210072],[9.6245282,54.3210072],[9.6245282,54.334613],[9.7741925,54.334613],[9.7741925,54.3482189],[9.9102511,54.3482189],[9.9102511,54.3618247],[10.0463096,54.3618247],[10.0463096,54.3754306],[10.1823681,54.3754306],[10.1823681,54.3890364],[10.3320325,54.3890364],[10.3320325,54.4026423],[10.5089086,54.4026423],[10.5089086,54.4162482],[10.7129964,54.4162482],[10.7129964,54.429854],[10.9034784,54.429854],[10.9034784,54.4434599],[11.0667486,54.4434599],[11.0667486,54.4570657],[11.2572305,54.4570657],[11.2572305,54.4706716],[11.4205008,54.4706716],[11.4205008,54.4842774],[11.5701652,54.4842774],[11.5701652,54.4978833],[11.7198296,54.4978833],[11.7198296,54.5114891],[11.8830998,54.5114891],[11.8830998,54.525095],[12.0599759,54.525095],[12.0599759,54.5387008],[12.2232461,54.5387008],[12.2232461,54.5523067],[12.3865164,54.5523067],[12.3865164,54.5659125],[12.4681515,54.5659125],[12.4681515,54.5795184],[12.5225749,54.5795184],[12.5225749,54.5931242],[12.5633925,54.5931242],[12.5633925,54.6067301],[12.60421,54.6067301],[12.60421,54.620336],[12.6450276,54.620336],[12.6450276,54.6339418],[12.6858451,54.6339418],[12.6858451,54.6475477],[12.7402685,54.6475477],[12.7402685,54.6611535],[12.6450276,54.6611535],[12.6450276,54.6475477],[12.6178159,54.6475477],[12.6178159,54.6611535],[12.60421,54.6611535],[12.60421,54.6475477],[12.508969,54.6475477],[12.508969,54.6339418],[12.4681515,54.6339418],[12.4681515,54.6475477],[12.4273339,54.6475477],[12.4273339,54.6339418],[12.3184871,54.6339418],[12.3184871,54.620336],[12.1143993,54.620336],[12.1143993,54.6067301],[12.0327642,54.6067301],[12.0327642,54.620336],[12.0055525,54.620336],[12.0055525,54.6067301],[11.9239174,54.6067301],[11.9239174,54.6339418],[11.9103115,54.6339418],[11.9103115,54.6747594],[11.8967056,54.6747594],[11.8967056,54.6883652],[11.8830998,54.6883652],[11.8830998,54.7019711],[11.7470413,54.7019711],[11.7470413,54.6883652],[11.7198296,54.6883652],[11.7198296,54.6747594],[11.679012,54.6747594],[11.679012,54.6611535],[11.6245886,54.6611535],[11.6245886,54.6747594],[11.5973769,54.6747594],[11.5973769,54.6883652],[11.583771,54.6883652],[11.583771,54.7019711],[11.4205008,54.7019711],[11.4205008,54.7155769],[11.3932891,54.7155769],[11.3932891,54.7291828],[11.3796832,54.7291828],[11.3796832,54.7427886],[11.2436247,54.7427886],[11.2436247,54.7291828],[11.216413,54.7291828],[11.216413,54.7155769],[11.2028071,54.7155769],[11.2028071,54.7019711],[11.1892013,54.7019711],[11.1892013,54.6611535],[11.2028071,54.6611535],[11.2028071,54.6475477],[11.2300188,54.6475477],[11.2300188,54.620336],[11.2572305,54.620336],[11.2572305,54.6067301],[11.2708364,54.6067301],[11.2708364,54.620336],[11.4068949,54.620336],[11.4068949,54.6067301],[11.4341066,54.6067301],[11.4341066,54.5931242],[11.4477125,54.5931242],[11.4477125,54.5659125],[11.3796832,54.5659125],[11.3796832,54.5523067],[11.2028071,54.5523067],[11.2028071,54.5387008],[11.025931,54.5387008],[11.025931,54.525095],[10.8626608,54.525095],[10.8626608,54.5114891],[10.6857847,54.5114891],[10.6857847,54.4978833],[10.5225145,54.4978833],[10.5225145,54.4842774],[10.3592442,54.4842774],[10.3592442,54.4706716],[10.2095799,54.4706716],[10.2095799,54.4570657],[10.1687623,54.4570657],[10.1687623,54.4706716],[10.1279447,54.4706716],[10.1279447,54.4978833],[10.100733,54.4978833],[10.100733,54.5114891],[10.0871272,54.5114891],[10.0871272,54.525095],[10.0327038,54.525095],[10.0327038,54.5387008],[10.0054921,54.5387008],[10.0054921,54.5523067],[9.9782803,54.5523067],[9.9782803,54.5659125],[9.9510686,54.5659125],[9.9510686,54.5795184],[9.8966452,54.5795184],[9.8966452,54.5931242],[9.8830394,54.5931242],[9.8830394,54.6067301],[9.8694335,54.6067301],[9.8694335,54.620336],[9.8558277,54.620336],[9.8558277,54.6339418],[9.8422218,54.6339418],[9.8422218,54.620336],[9.828616,54.620336],[9.828616,54.6339418],[9.8014043,54.6339418],[9.8014043,54.6475477],[9.7469808,54.6475477],[9.7469808,54.6611535],[9.733375,54.6611535],[9.733375,54.6747594],[9.7061633,54.6747594],[9.7061633,54.6883652],[9.6653457,54.6883652],[9.6653457,54.7019711],[9.6245282,54.7019711],[9.6245282,54.7155769],[9.5837106,54.7155769],[9.5837106,54.7427886],[9.5701048,54.7427886],[9.5701048,54.7291828],[9.5564989,54.7291828],[9.5564989,54.7427886],[9.5292872,54.7427886],[9.5292872,54.7563945],[9.5020755,54.7563945],[9.5020755,54.7700003],[9.4748638,54.7700003],[9.4748638,54.7836062],[9.4612579,54.7836062],[9.4612579,54.797212],[9.4476521,54.797212],[9.4476521,54.8108179],[9.3932287,54.8108179],[9.3932287,54.8244238],[9.3524111,54.8244238],[9.3524111,54.8380296],[9.3388052,54.8380296],[9.3388052,54.8516355],[9.2979877,54.8516355],[9.2979877,54.8652413],[9.2571701,54.8652413],[9.2571701,54.8788472],[9.2299584,54.8788472],[9.2299584,54.892453],[9.2027467,54.892453],[9.2027467,54.9060589],[9.1619292,54.9060589],[9.1619292,54.9196647],[9.1347174,54.9196647],[9.1347174,54.9332706],[9.1075057,54.9332706],[9.1075057,54.9468764],[9.080294,54.9468764],[9.080294,54.9604823],[9.0122648,54.9604823],[9.0122648,54.9740881],[8.9986589,54.9740881],[8.9986589,54.987694],[8.9714472,54.987694],[8.9714472,55.0012998],[8.9442355,55.0012998],[8.9442355,55.0149057],[8.9034179,55.0149057],[8.9034179,55.0285115],[8.8898121,55.0285115],[8.8898121,55.0421174],[8.8489945,55.0421174]],[[11.6518003,54.620336],[11.6654061,54.620336],[11.6654061,54.6067301],[11.6926179,54.6067301],[11.6926179,54.5931242],[11.6381944,54.5931242],[11.6381944,54.6067301],[11.6518003,54.6067301],[11.6518003,54.620336]]]]}},{"type":"Feature","properties":{"clumps":178},"geometry":{"type":"MultiPolygon","coordinates":[[[[20.481999,54.987694],[20.481999,54.9740881],[20.4956049,54.9740881],[20.4956049,54.987694],[20.481999,54.987694]]],[[[20.3187288,55.0421174],[20.3187288,55.0285115],[20.2915171,55.0285115],[20.2915171,55.0149057],[20.2779112,55.0149057],[20.2779112,55.0012998],[20.2643054,55.0012998],[20.2643054,54.987694],[20.2506995,54.987694],[20.2506995,54.9468764],[20.4547873,54.9468764],[20.4547873,54.9604823],[20.4683932,54.9604823],[20.4683932,54.987694],[20.481999,54.987694],[20.481999,55.0012998],[20.4547873,55.0012998],[20.4547873,55.0149057],[20.4411815,55.0149057],[20.4411815,55.0285115],[20.4003639,55.0285115],[20.4003639,55.0421174],[20.3867581,55.0421174],[20.3867581,55.0285115],[20.3731522,55.0285115],[20.3731522,55.0421174],[20.3187288,55.0421174]]]]}},{"type":"Feature","properties":{"clumps":179},"geometry":{"type":"Polygon","coordinates":[[[8.3319721,55.0149057],[8.3319721,55.0012998],[8.2911545,55.0012998],[8.2911545,54.987694],[8.2775487,54.987694],[8.2775487,54.9740881],[8.2639428,54.9740881],[8.2639428,54.9060589],[8.2911545,54.9060589],[8.2911545,54.892453],[8.3319721,54.892453],[8.3319721,54.8788472],[8.3727897,54.8788472],[8.3727897,54.8652413],[8.3863955,54.8652413],[8.3863955,54.8788472],[8.4408189,54.8788472],[8.4408189,54.8652413],[8.4680306,54.8652413],[8.4680306,54.8788472],[8.4952423,54.8788472],[8.4952423,54.9060589],[8.5088482,54.9060589],[8.5088482,54.9196647],[8.5224541,54.9196647],[8.5224541,54.9332706],[8.5088482,54.9332706],[8.5088482,54.9740881],[8.4816365,54.9740881],[8.4816365,55.0012998],[8.4544248,55.0012998],[8.4544248,55.0149057],[8.3319721,55.0149057]]]}},{"type":"Feature","properties":{"clumps":180},"geometry":{"type":"Polygon","coordinates":[[[11.1755954,54.987694],[11.1755954,54.9604823],[11.1483837,54.9604823],[11.1483837,54.9468764],[11.1347779,54.9468764],[11.1347779,54.9332706],[11.1483837,54.9332706],[11.1483837,54.8516355],[11.1347779,54.8516355],[11.1347779,54.8244238],[11.121172,54.8244238],[11.121172,54.8108179],[11.1483837,54.8108179],[11.1483837,54.797212],[11.1619896,54.797212],[11.1619896,54.7836062],[11.1755954,54.7836062],[11.1755954,54.7700003],[11.2300188,54.7700003],[11.2300188,54.7563945],[11.2708364,54.7563945],[11.2708364,54.7700003],[11.3252598,54.7700003],[11.3252598,54.7836062],[11.3388657,54.7836062],[11.3388657,54.797212],[11.3524715,54.797212],[11.3524715,54.8516355],[11.3660774,54.8516355],[11.3660774,54.8652413],[11.3932891,54.8652413],[11.3932891,54.892453],[11.4068949,54.892453],[11.4068949,54.9196647],[11.3932891,54.9196647],[11.3932891,54.9332706],[11.3796832,54.9332706],[11.3796832,54.9468764],[11.3660774,54.9468764],[11.3660774,54.9604823],[11.2980481,54.9604823],[11.2980481,54.9740881],[11.1892013,54.9740881],[11.1892013,54.987694],[11.1755954,54.987694]]]}},{"type":"Feature","properties":{"clumps":181},"geometry":{"type":"Polygon","coordinates":[[[8.345578,54.8108179],[8.345578,54.797212],[8.2775487,54.797212],[8.2775487,54.7836062],[8.2639428,54.7836062],[8.2639428,54.7700003],[8.2775487,54.7700003],[8.2775487,54.7563945],[8.2639428,54.7563945],[8.2639428,54.7291828],[8.2775487,54.7291828],[8.2775487,54.6883652],[8.2911545,54.6883652],[8.2911545,54.6747594],[8.345578,54.6747594],[8.345578,54.6611535],[8.4000014,54.6611535],[8.4000014,54.6747594],[8.4544248,54.6747594],[8.4544248,54.6883652],[8.4952423,54.6883652],[8.4952423,54.7155769],[8.5088482,54.7155769],[8.5088482,54.7291828],[8.5224541,54.7291828],[8.5224541,54.7563945],[8.4952423,54.7563945],[8.4952423,54.7836062],[8.4816365,54.7836062],[8.4816365,54.797212],[8.4272131,54.797212],[8.4272131,54.8108179],[8.4136072,54.8108179],[8.4136072,54.797212],[8.3591838,54.797212],[8.3591838,54.8108179],[8.345578,54.8108179]]]}},{"type":"Feature","properties":{"clumps":182},"geometry":{"type":"Polygon","coordinates":[[[15.4206216,54.8108179],[15.4206216,54.797212],[15.107687,54.797212],[15.107687,54.7836062],[14.7947524,54.7836062],[14.7947524,54.7700003],[14.5090295,54.7700003],[14.5090295,54.7563945],[14.5226353,54.7563945],[14.5226353,54.7427886],[14.5634529,54.7427886],[14.5634529,54.7291828],[14.6042704,54.7291828],[14.6042704,54.7155769],[14.645088,54.7155769],[14.645088,54.7019711],[14.6859056,54.7019711],[14.6859056,54.6883652],[14.8627816,54.6883652],[14.8627816,54.7019711],[15.1893221,54.7019711],[15.1893221,54.7155769],[15.4886509,54.7155769],[15.4886509,54.7291828],[15.5158626,54.7291828],[15.5158626,54.7427886],[15.5566802,54.7427886],[15.5566802,54.7563945],[15.5838919,54.7563945],[15.5838919,54.7700003],[15.6247094,54.7700003],[15.6247094,54.7836062],[15.6519211,54.7836062],[15.6519211,54.797212],[15.6791328,54.797212],[15.6791328,54.8108179],[15.4206216,54.8108179]]]}}]}